strain_rmse,E,theta_deg,a_fixed,b_fixed,c_fixed,x0_prime,y0_prime,h,pmax,tpeak,d,nu,alpha
99.34878896658313,5617638974.361076,-80.31221661559992,105.08996819315284,132.96731481440136,4.342212120615576,956.0953710556,1470.4670731657234,402.49074463426217,2659263.684779006,546690.6626595021,0.8694556828442978,0.19899292021375928,1.1112719322535152
130.17884179536497,2103222225.3132162,43.46406940224773,207.4850511474202,467.33326633632515,5.406255583521958,911.169445539967,66.92368765780202,379.1579647864379,697711.9797222337,392463.3283461428,0.9740869609229799,0.18686759748569592,0.33429912008982304
130.8038304272366,4033499216.6784563,41.08379907298709,279.65012294338584,331.4903025809588,18.425328878404443,1138.2870297888362,-972.3530870620418,708.0501860773238,2392255.8091137614,305960.0882291482,1.2955653297751968,0.32304434256874726,0.6074603798119591
100.14117468235477,4452815630.227227,-77.13237480778855,195.8096025377645,157.0578798333279,15.53430927596932,-1255.5400122884055,-644.6608243473434,266.6469765755238,297655.76481976814,392035.7255388867,0.8024688016398642,0.17553806457849552,0.567260004713143
813.1475914629987,523858319.6998371,-21.407805393152557,193.96827100924165,242.28444707732757,16.86694459886282,278.52569488489735,-806.2853287929441,679.4896500750492,1698460.2509090519,495131.6399914143,0.9491336294900782,0.2374880723114518,0.7003082666407265
4077.1188904264186,666764659.3990912,-5.516858129766732,205.8896005395264,475.75103945483386,9.271195523144248,-174.7381797308899,70.21485874497262,470.91361902011374,1936387.1565537418,224337.74137156087,0.8325757468048359,0.27202896566034646,1.0341239430268705
95.35278467069759,3723727403.25685,-35.495616109970825,51.472508329367436,390.4155365656807,2.473943433772952,-159.6814375495228,-673.6931607455715,694.934718434386,3051427.586750252,322090.3946773311,1.4466524333893864,0.21750581012206843,1.0996276260930338
97.38924322983854,6491326985.443355,27.95133186199422,107.17586369390135,111.95350913402078,9.063051639613214,-1332.0697595411211,1297.017494601811,351.9846071383526,290883.9848369816,416637.85325601604,0.7432093800280292,0.3217194843118708,0.4743981205078347
118.14932303472058,3202652745.4385552,25.29178862986447,282.76983740294,167.8104599406949,14.073869858055092,-1340.6816122410241,835.8968279306082,411.09792717698497,931235.3137112219,287062.85561185476,0.6559767477513477,0.21571101749622948,0.9081360049454251
129.95339672520487,4585365501.43727,44.93575888036355,123.73857135651005,482.2491777687637,11.32617241340201,496.52525009056853,656.130036778663,338.0794230040528,635073.3546540097,378403.5826583061,0.8829003001215644,0.20440895063223768,0.4929161090662943
97.7791737984259,4279408153.9417286,28.734902713565106,107.18861335556682,148.2882038886803,19.14308212029729,654.0291239449243,-1609.0571576320433,767.9072926511811,225488.49887566594,300884.7517955472,1.475986227301904,0.1660775432779606,1.140527076051515
236.2785211241006,1585080480.285225,-57.73660600874989,246.16836832480607,452.9408254754425,9.753952195373651,-1723.6925248515088,-635.7825786237684,267.07133838308056,1247521.0553933044,455994.88765886787,0.4978241982900289,0.2804037676881889,1.2103809887585832
100.58419215395607,3996040689.3832564,-52.720279080204065,280.6785611599444,475.63547492416933,3.5632074244607237,1259.3478809726362,-715.9952860717452,325.57705046662124,554230.070699747,495383.27717014524,0.23266377162826032,0.3026303487212675,0.5500338118267409
139.5090600952951,3640878424.421904,-64.25681297218772,213.16744928061016,256.0036670844502,8.482772875416781,930.3877483630963,-137.97165752665728,617.5779535472047,2545967.2312797178,438519.5899479282,1.5420863421556485,0.26017560948433216,0.5302520261801691
97.63113415042595,4564098822.00262,-45.979743450022525,70.83175430263526,390.36294128455364,6.02545342152117,-770.5495260865514,1695.6196605167306,466.75011853746855,1523936.2874800432,558768.3602426213,1.2850995674207708,0.3218964175313368,0.769622445375491
105.09855143239986,2093776802.9602022,-78.18501302983475,69.95350476903634,111.64529886020985,6.11762955921612,835.8233639631817,-932.9219055306186,477.7563953402092,1574409.6049227181,318476.2203461276,0.36551635400986726,0.20360615747530858,1.138260205971247
100.09307121485254,7955542060.352654,-23.278635834446874,165.4377271908911,200.74484914821244,7.943335394999904,523.3689848608337,819.1703518375521,423.4624121636199,635060.2577166901,474959.8251887124,0.7590864960488423,0.3332590551151272,0.7129607447589887
611.7156676609776,707862552.4011221,40.704955168526396,296.4454725701214,259.8628220907197,19.100338387590764,-1293.7892502005686,-990.6540406028089,436.1472761336772,1417838.1081354206,550453.087605658,1.5587646549368266,0.2520424459150406,0.9888745062603364
97.94866304752044,5207142309.438943,64.8958957888446,76.94538206955619,302.753672962775,16.358258729833217,824.9227332002638,930.4882046402963,767.6911660252254,284911.4475878473,238398.24138183103,0.32999384507999296,0.26617636276496226,0.7336037915004014
304.0945635715747,980970574.3393655,-39.747037840785985,147.6900635863703,277.6420486492609,15.35903895009009,-163.02189345486545,1132.3203729239513,539.2642325051986,1271549.6051875018,513684.0404879781,0.37956782002358513,0.3278578063572461,0.96647715919148
97.84399202630647,7650329390.181821,-52.22826075507504,108.1864260177847,255.45144998302163,3.8263604277412515,-1719.3870062384754,-508.99030300501704,648.4188516467332,2866955.101647779,288443.2701936682,1.5164555368855115,0.16584764904723906,0.3951598345995305
97.58664736292876,5790354407.622932,-77.79548781731387,292.66184848727,173.39441462465604,3.445752478208775,804.9262662915298,-264.63021567014016,725.6450716239106,1677375.6218074802,199806.72437243196,0.34501468479733344,0.16987710331679506,0.4940955137988544
169.2504059933604,2529261271.6690817,-76.43188191211055,269.7313502823348,352.9817626293066,9.435569297046339,1256.1429242012377,390.8170733061211,612.4745820946014,2337936.685078832,369522.188953628,0.5397463597775196,0.32735171577674665,0.6743228934327186
367.82495220660684,3775956613.9959545,-40.270778726935184,188.4111487128656,292.16433430450877,9.202941923360852,-633.2431142468897,148.59802173842127,457.1618106865374,2537296.96761765,257008.58483105537,1.1806926801838022,0.19173360211808013,1.2147438082088375
122.86529507589933,3387437844.244962,-31.71957323894278,275.2440822203623,71.31924184400489,19.575063540788165,1359.971712831994,574.2736444587204,554.3634086158959,1773058.5442061524,229476.9364225503,0.23617319689319313,0.2881290238148734,1.239648970296262
265.7532173842151,4326869552.861961,-89.81667918853339,257.21048198899666,423.7371914764378,7.393725912936196,497.89173911182525,-1237.5542393054684,343.7496116512468,2334297.6123104924,397237.7097990561,0.9833884045233937,0.2547411698375852,1.2228489181245028
100.57274594351873,6415191347.323972,71.84220737127933,122.90339517920138,490.82477854880057,16.55677745374397,-1512.102615239307,-1426.2615629667685,358.4084386961659,1209123.920655957,282978.60270570975,0.17776021798015926,0.2390026259045372,0.5720113856076562
97.04056099908622,3970024514.9346623,51.02774551531428,130.44316802036752,68.13634480879503,16.85622149228444,-158.53669310857003,-882.2683542523018,740.2514832979203,2405585.157580523,362536.58537128696,0.6206856019797787,0.16421035775437579,0.5942262120093385
133.2223073409535,5868720733.05311,-76.38572255059331,144.119487367977,316.20719434464496,15.059173953192765,716.1371768135373,-714.4063134947562,429.78804094361027,672045.2007766573,483519.4744303764,0.49820434496675403,0.24608466823845876,1.1837368068116514
186.89765672953644,548217218.2097515,64.20482291671274,234.9622097007268,340.31857155476655,8.73446760230301,304.5998352426027,1557.939615641361,308.5291188884248,403315.8349338864,330595.2204115873,0.2545848347974434,0.3335513268371218,1.0758830855733952
701.6960039235255,1688137300.1940799,-22.747155310336666,153.84782293122691,479.49030870306603,7.2551753093330325,-193.5576834289186,104.32497618573916,664.3458186821741,2804133.9426332056,460504.2486271966,0.6449938274783864,0.19580920061010534,0.702152523332986
102.53115084766229,4818782983.3981695,48.04598018854318,289.8742534253371,443.0310616176817,15.967740971456053,1262.8853997039391,683.1183587915693,749.1831303435483,1740645.4122322102,232489.57571424852,1.194282840269256,0.3396955749220184,0.3497986603507154
91.8890880116811,5165695963.471557,-35.14166872409262,151.04561774027655,463.14447160374027,7.35340087989015,310.81611789654517,-261.34673436240837,739.5128243493955,1306028.4789538046,235755.7664476139,0.7284980920928731,0.23102381247022252,1.1699636691375495
174.94188411525636,2985607653.183084,-37.07920010180819,151.75787023879872,360.95438226199326,9.023951731254783,-48.60810052611305,732.1938054131069,273.034154483662,599477.700564677,481878.3455747282,1.4607632045728893,0.32340543230670277,0.9989146396234975
107.27686716308146,7863909947.407475,63.522990978649545,223.43816598087514,338.05476328173825,17.209500902581556,1191.8609555838862,-778.7324288121622,701.7745776090962,1964620.4079866584,196739.8093169324,0.39564912627614746,0.30591963267684175,0.6485028772512982
106.28585050077567,6822957200.561605,18.481054121466357,296.66373423634496,393.7344046197916,2.7678441272845626,1045.0972528101652,571.7917079709528,373.2324226022824,1750413.238514568,259738.15063344862,0.659569114804604,0.2989576958077895,0.7552317409513927
96.53914777663562,5460935882.587336,71.88212589967003,225.38127223010824,91.42551494734272,8.836995731067292,-761.9158639996601,-70.64228507854682,723.9722667024137,1228700.944080088,488295.30126780184,0.8024149945357727,0.31754372276288945,0.546272370110516
116.27106956466689,4425917118.827223,23.72611353653153,144.17493152091208,303.5761928041879,6.63803409642537,1563.4428676782081,652.671048005443,585.3878508761735,3003642.5732522244,369997.7331038871,1.5719040270928386,0.16800279262979956,1.268683066327097
100.76154211731327,5897690649.473634,14.389178576986097,139.12163448797628,141.38900950171262,19.668599623441555,-1042.1921252087297,1320.6930171863323,288.71211221285614,2603792.9427192304,538702.7775859244,0.4673686397411586,0.34539063526261177,0.6769578505299787
168.01070774111017,1687669180.3854175,-14.491771809775713,293.08141011576424,101.07105299671626,14.1664734985003,-1385.5772023001527,645.8693357291727,339.0756497602478,3031249.4682916547,556059.2480444597,1.5766201096619215,0.32568311081015955,0.6904830943184722
105.58909886686787,3993520035.0855207,-33.49978704726386,173.04150252818852,157.05524633610474,19.24111624428493,-409.5547626377024,-564.0231565028741,743.8887482964104,1242592.6889836956,362455.7920565947,1.041892609021086,0.29611131020200326,0.7286411170903392
247.70687564465786,2166934068.366378,21.940938930654653,92.53389952870018,328.49728182871564,13.208738266395384,356.1323710944657,-508.73239752944664,464.554115256303,995046.3628552574,507150.79209867684,1.1743588015637878,0.2882875140077523,1.2524623413207951
131.44183723882307,7151136731.951278,-12.75110325840157,239.4762105635864,339.82262766989294,11.20357665237217,-1371.9005764674741,-18.00110686291532,371.5916241103968,2625374.5090917493,487455.8810498961,0.3686369433004931,0.16806570396216378,0.4242429352710331
130.62487480973175,6376902344.908798,79.4728888330007,122.43173737384629,99.16024315538374,14.446681672913853,-46.7250619828942,370.0424987502611,519.2340253085194,2629222.5183723224,426725.780116808,1.3033192717338846,0.28155188187585123,0.9775550518964075
98.00943815656272,6024354739.867448,14.073765245565227,139.9402508180961,228.3184281873725,1.4241953350338523,-1728.214684081279,-117.86143348807468,674.799699546474,2321679.2388704084,348056.24372113385,0.8192945124983986,0.3176228429802045,1.0761851579298822
111.78865827886334,5076666386.370989,62.831353507524796,294.8019156827818,330.3348628794496,19.427751325323356,-1586.7766272461631,959.5644068425499,308.9551592363419,865073.9536379179,330073.2888061444,0.2750511829524662,0.29319256523440096,0.6554580280558705
221.74136015126882,1764748423.5020275,-51.346333888192305,56.191822556179034,482.24084210172526,19.072459764622057,-975.615864220274,694.2836405776525,283.20990925519504,1248714.3818915668,462664.3198522085,0.44151504388753093,0.2178297827896962,0.44589093633234267
206.95110520052881,1634874816.9295778,-88.88216811498427,134.65772492456307,241.58255836601052,9.029395260749084,-870.0492356196813,113.91820469225559,272.2982576868224,1417323.3059077496,437739.6744803713,1.2461135897599251,0.34854544015107675,0.7417999281477086
97.52254795671259,7551414552.958135,74.94695899201457,84.79771099435192,275.379490694712,5.261333286463016,890.2205036130595,818.622157389867,763.677799706506,378002.6641965021,366993.35628338647,0.6467976937656449,0.28113562091018435,0.8295882932418603
107.21978540616982,4776411157.943815,-64.43235740227556,285.2825094321069,196.24177939837082,8.471086995510099,-1065.1402038987364,-677.1562730613987,455.44464138714363,981813.6695879454,375042.4432323049,1.3496344593612903,0.31873322665792825,0.9078245145021077
97.52591154710146,4645321141.665219,18.410881595247147,176.05968923347984,81.95092589926074,2.9379235625359725,-198.8968642330833,-1472.211861301516,326.37607453350046,2077316.8092622329,568595.8696523334,0.15214446712914212,0.27046300878963353,0.754389896659386
2229.517558501111,796313742.4490755,50.46696810739428,226.17015779783475,470.4521458609754,13.614868611377295,621.5073640885107,-480.59559853328756,559.2859713628137,2061419.390659005,242491.97132266333,0.39882418532103714,0.1972172116152404,0.9054850317363776
104.29303277081993,4571635238.596245,-31.905745472324277,247.44736086202187,361.3162333066882,3.6469938210987736,878.8751738766232,-655.707635403691,500.73043157883245,745246.1719629479,355289.9327146842,0.4444230376117869,0.29667380656990827,0.884716590848322
99.09811454386417,7110854463.073566,-61.54916531315479,193.67287070828408,262.43385130168184,10.04704699921023,759.8644904960479,-291.5509656240615,619.4971216187926,1036134.4968541071,246649.66582408856,1.2892868157327668,0.25517128338698264,0.5578459515210676
157.29340147895275,3888456574.4482737,23.876368639391828,111.73383758904865,131.2815637411295,19.820843398610766,-1218.1145820034512,-570.105642124975,465.6039300551746,2783478.863074281,306105.0340563986,0.43242732084387925,0.17533658254098802,1.0501708993755012
215.48545653679037,4738872134.992559,-73.02981811315307,163.73711648879612,494.8002715286097,18.538366739707698,91.0976883804658,-913.3246323680094,564.4069813603,1738112.892181449,578191.6879219848,0.12256068976958204,0.2122692992526203,0.7070221512665097
98.64159928439955,5977320911.585588,44.85465925253624,233.54889433389906,305.99906814601883,11.481963405889434,-851.5613579663213,1281.7478020547373,480.3907985300648,1272610.7272518442,509415.5255585042,1.1871138819194456,0.21371030688356837,0.34274046698046107
482.634039011597,562873303.8807213,63.14866365325358,87.7616449277327,321.10051499722476,12.22390138676061,-1076.375047403677,-184.4935880239957,476.32045127658785,1708123.8099922896,533761.5895684211,1.4739574353587692,0.16731400941498262,0.7319193908725413
147.82234072301515,2709026988.452753,51.812833084783335,136.46197434213948,268.2975191203026,14.424957778217479,343.39955566360777,847.2620951689642,482.48661363837755,1823969.5110790997,303709.74348512135,1.2656426258519389,0.3232580097666199,0.6100443114795018
98.00437341197643,4233181101.589626,-71.17101907207415,77.93168494975953,115.08293472303997,12.968201754610508,866.6186355308023,-1280.484199437111,776.1060522115209,1261599.402757467,548048.4289672709,1.5994129359037843,0.3182118869380619,0.6851394056774616
141.32143473895957,681225778.6614777,1.434900342090728,171.9858315816183,51.58325349974992,17.504395503614454,-1350.6183762714943,443.9466238515961,395.2038384241257,1442877.7407794076,381488.61950686836,0.9814955203035246,0.25390387040247375,0.6698617003273328
482.46877687444504,803467404.3277345,-67.21117349658613,205.9977438308301,322.7079964684874,13.69717211736434,-1578.573979240277,-862.7042694477101,380.87596082490995,2643893.4453400844,495521.5222792142,1.227462270862246,0.3443805675356503,1.1992172419888854
207.27314807272955,5330561889.877175,1.59191021877362,254.4135095735441,297.3481677637939,15.584756168480045,-1232.8877386314275,49.05155814598538,509.7929485221486,1653951.898283427,401004.2914999938,1.0209854784578913,0.271083625549544,1.2344822102947546
140.93999555062572,2146612853.9357083,-64.09485338686606,232.35505855607914,159.56604451807135,6.32955488748868,-1235.440237809285,-73.84366655996837,471.3803547677778,3125501.6239297674,462238.7242449293,0.9773089281548003,0.2654685613107374,0.593603269025222
106.69107366823238,7153885394.167396,-69.05595581215456,233.88870611080182,105.8058516281194,10.469416073794319,-1107.3982154576952,190.44213355814486,360.8645978214359,1708606.7981663866,208902.71845871228,0.47015305682541353,0.29707898175211284,0.81890203629612
99.05717957021699,4213514561.5872626,24.567946828309587,181.31370544851046,168.3801357113021,17.9094543197483,-772.2077631988443,-1664.8484267846334,357.36226044700027,1427213.6169481433,200505.6818548194,0.9185564660290862,0.34065523020454,0.8573163247813074
2500.5509055808006,2053003912.8043234,-78.44833202329326,185.14268765678543,358.45189424529383,13.189624853962043,108.76589971159683,-453.5885977361247,460.428314785167,2787189.3564204522,215679.88710223424,0.5482397496417244,0.20744907314849625,1.2621244638085871
132.1445154449902,4263291984.562282,-57.38113920946489,261.98934841691425,218.1859267162403,8.315782964672335,-689.0895049135956,-1207.5147480874166,490.62732595064404,1847635.4476137927,374782.096444889,0.6719694217874506,0.19593886548388742,1.1443546649480574
98.5784197819346,6972738703.312759,11.28924621889773,227.5414233540538,459.9409431957544,4.048707809297063,-1415.852330770289,-1040.9447259968142,565.6465332185777,420028.3624927219,485305.55031534296,0.17485418080126144,0.1551304962721049,1.2476438692286314
1394.04516348184,3149556862.209344,10.68965183551289,170.72975424359248,341.24183016852487,18.901259990195776,72.82556631507828,-610.3134136406118,280.12767629266705,2134582.1339090196,362070.3516271366,1.5330551733897488,0.26704075792558746,0.9286760505531491
102.40127882196367,5310406232.913023,7.738940697328573,147.00078819223174,257.4566002815751,13.974509728295745,-1029.6537215102187,-1095.6802256263259,725.2227310446351,2248435.2891538776,539377.3388203785,0.6509756896012585,0.2651733963446236,0.9001304918914571
102.97372452835933,7209643905.574366,67.93780881799705,115.0674866102408,485.8530582667399,8.07239047172521,254.89519886607695,1712.5542957119528,470.18165286817475,2125628.91676697,585399.4727022422,1.0439389910068462,0.2815237814253623,1.0766342764050183
97.54248718046715,6409327182.193993,80.64279436676625,212.22826852206876,162.97857645386742,2.1624228513477064,-1580.8564257923213,1605.4107256068555,685.8566956380027,1980129.6929728792,550654.9846201881,1.4051987212985921,0.22191524688431058,1.0970738916804434
97.57087924485529,1992899369.2747693,87.0908535610962,129.02980489868696,175.81578601682492,4.46400456875495,66.71383262970517,1394.235612899779,546.4197303779735,316952.15133163927,217646.76095710363,0.8774165030111283,0.3279887835989367,0.880013919430699
97.29503924988148,6098201584.022329,60.61237959548768,82.88295247532699,243.02922860061406,1.072478390341287,-406.1566972359335,1245.6918554607887,667.2818439393477,1203497.6680415797,477066.92341173044,1.1688086857536113,0.24828547826207503,0.4197155750873554
109.66942005559237,7446311734.257155,13.064472543815654,94.60243460414803,353.2617089043872,15.649910326022539,-1470.937231575151,-255.83593004216368,751.3410834586947,1962154.1182500387,505364.80279853125,0.327175844782846,0.20341781968788905,1.2446054682801373
97.62603249084009,1105900046.6048627,70.93848188568236,65.88982620596013,317.4905006196862,1.26218094243741,1268.6803942518059,124.22324583606064,537.6418598012017,1365516.268435838,470929.4076050278,1.100709885499922,0.27033582278436186,0.763057511479265
112.20305672846719,1921300148.5179558,14.312116758738696,284.76172036092095,184.58255726385593,9.749051166700744,-1657.5944673697106,-1432.513268799696,362.5151213019393,2090491.9697163568,303830.1994163822,1.5247244039768733,0.23324030059314937,0.91925117859608
109.0434467121124,4741295128.86652,-0.5371017745399769,149.92135136769116,250.7637837244893,19.924318885634023,-1538.0487266714977,1618.7305596315837,390.49439792551595,2594144.8684246535,287500.75547505525,0.6871580121290507,0.2925049524261064,1.207516041071738
102.15924923293872,3772280782.6704445,19.736119578258453,136.8637636967033,144.25190633387132,18.866570653068983,1395.864150464908,1652.9850213151517,766.1476352040652,2908785.5248237657,417209.11972628394,0.5637881001740288,0.22831568221632653,0.6009236522181585
198.27808996400182,2882201781.483764,47.94381741423621,284.94480592383496,306.48574728714397,14.551807276653259,-907.586118863759,1372.355691753488,534.1440615804055,2186751.5401063277,536513.0406421507,0.5743510626554224,0.18762097230795263,0.8548575771903166
99.47558365429393,6631565605.419571,64.49620936471368,62.53982786536406,406.67441123878626,6.229885998702548,-1489.4110812968524,-699.74557261885,322.232579593278,1320228.9405401456,387376.05211662885,1.484315273913074,0.32497890377045524,1.0421536139517251
288.3223649801716,1234218658.182013,-8.951247154533391,132.67818329101283,490.05784037861923,18.380748252242885,1308.641797652931,1176.1639287023581,647.4973126555763,2332281.399382197,403928.7385754532,0.9734174203913081,0.2460521278750134,0.8056987174076733
115.5027475454911,1707845367.9270506,-46.21875915335039,108.54278308892353,203.41904783427492,9.866932241398205,-321.39597372191383,1446.6665156302051,344.16889641870966,1498335.3749912947,295150.02770497836,1.5540046412643527,0.25117377123279383,0.8936700685047826
97.00644744748321,7707702409.325749,33.879146322026315,178.0336724148925,214.2378153899732,15.714388421536006,-440.2568162363998,894.1057170245149,363.0780847445181,271114.020254758,320519.2468965997,1.1781664181231721,0.3486822728846528,0.5163632209002554
128.0358974314107,6600450766.773285,18.429961613278437,168.10612395945492,461.9910381897269,11.439887060659352,60.708775656272564,-1596.5275775236237,582.3302774588565,2528900.325879589,426148.2723409716,1.3097038413280404,0.26773655813576913,0.9931718225813011
195.11783860278794,2613886068.7440577,-62.636111806825724,191.28901752585958,379.75761706776063,11.415094749941872,-1241.7966454983305,1066.7433499278513,350.3792685861024,1445207.726252275,535352.8578460135,0.40565152907546354,0.2106749973234917,1.2380304431148952
100.08057813152335,4226971784.219945,-42.63469825760293,51.37053626618158,278.24063276873073,17.488395540187735,-971.3409041448655,371.10679979952647,283.7886087757113,209358.81331094002,414903.61401362903,0.2658734101742811,0.3454643508045942,0.9389196057238023
143.68538356879293,4192473482.4289284,-11.083183286324882,74.90099243230043,374.251478283072,19.363884925760168,73.2052378499493,235.24224195889792,362.8317003941049,804879.8137721911,204438.5170884132,1.1631738172470178,0.3066637537643824,0.9011590480122974
129.22136452881026,1163004299.6129634,-73.3590922596743,134.40792952170037,352.3883121419798,16.41079482795236,388.12258868414574,-1431.284863829796,474.711731850279,539687.3808395463,348027.31692473486,1.4476086942694855,0.31566674419239227,0.9266972119217624
97.23103947624975,2081143947.4397628,-71.63689639760105,262.23009716400315,276.1290995054471,2.5649820272318227,1185.063277605801,155.01712310729317,744.3789270401016,311815.5509325547,288670.10576317227,0.5984766461802293,0.17332872510287514,0.4925518149296216
271.5279994806002,4627595258.67786,-33.315473248127795,166.573007705173,103.57254744931637,19.3792772031558,-65.38552386445826,-586.9124765055401,521.8869140309307,2232421.2815100383,369471.5262964957,0.9049509522287638,0.2516238066792288,0.9544789308413156
185.7079520263915,2612021986.796486,48.13430655121857,159.39605784895895,433.9639828269411,7.848866592423959,-1167.1451727895892,-780.0304229497497,302.47776837220334,2155023.5479438473,291089.38686143147,0.6993426245245778,0.20886123010748553,0.5687663671913828
98.2102138063669,7408108598.093701,85.94240008761568,239.8659764450618,462.75612047728606,5.270044292006393,-1825.9909936349381,-575.6832067303769,355.1209415481181,669698.7706631046,584748.128394447,0.37458717631700045,0.222100996887894,0.35335864943957235
97.89667713586064,5752002800.84023,-2.1966664076166467,81.5358847756722,170.97928407523324,2.042298975443067,1526.3150743971305,-667.1900726844133,291.75297533841734,2814206.637083942,411712.072145352,0.9554596509264263,0.22669946053626278,0.9537672589862644
101.30476164215318,2776513029.8627605,16.599803982201507,112.07959008843409,241.2862382283019,5.539605271049201,1334.9595468108741,-41.05199365717658,569.3938080810528,2008898.9458018271,543395.5589092959,0.8529872465520356,0.3411159659668017,1.0909276876365572
98.20464172214737,7171117506.263909,15.52662719528081,124.647734209048,126.81549396514242,13.852846351350463,-1694.6562435364851,287.256700621896,482.20941214855435,784910.8094902508,540632.5984407552,0.5140624276211567,0.17237726682973892,0.582699949892189
137.75639898834763,3887972555.363552,11.691340577551088,287.4693906530682,210.8531895852073,16.6035255258872,854.8021398965652,-636.5648315666194,599.8730576841197,2225009.3897567736,274458.89260416676,1.5000530119950637,0.16273434278344343,0.37933449459926427
99.23908116014928,4651903700.2296295,-33.6124789170183,188.2087762382315,183.44895154760206,17.846663830421086,-282.61131144417413,-1337.1290577762325,400.6841786906715,681738.8660717546,585613.100213497,1.24719681621487,0.1977510417315681,0.5182529496151747
104.35828833119994,5823105772.9326105,51.04820537224785,174.58039604700866,465.17685719172397,9.228260708159654,209.86657497778015,-1512.5331465816403,539.0572785024854,886776.3478420104,244574.54943270294,0.643115957188158,0.2692670068126794,1.131958801670245
99.21366865004867,2998482310.5153317,2.815134595867633,216.9595176751165,54.845743249013,11.73484997305046,232.8158234752782,-1308.6881710165876,490.1885881624071,1522096.646820629,489963.58315866976,0.5726720172265697,0.22270226845693786,0.378004148873585
225.02892486155025,2351943909.6697664,27.759230681110168,128.8371420155854,317.29269610698617,7.870830454777147,185.155879339148,528.5205535200812,469.1294471354164,2856417.698660224,199003.6365571671,0.2948967004919273,0.26093533371593564,0.4722227966689668
101.13036432985513,2732888154.988688,-46.94690906818675,253.2904080713172,165.39447827234494,9.654406557859375,1145.5028328768708,-85.50388843792052,715.14918188927,2040166.7704489564,513542.19701489154,0.6849462304915195,0.25982480684129533,0.33809761603545735
259.20905430566904,5589866496.238232,-86.19564791835806,236.81685694763763,496.9097891831466,19.181473658395838,321.5193867136036,990.6405987821677,379.08360589781176,1585746.0832435307,487787.2269364155,0.29621466440296496,0.2079645899745798,0.4856746528780673
280.4881171970124,2438842774.101346,-69.88695670999503,101.37529249641202,329.55124882418636,19.189431732122493,33.67395204639092,1477.3808359237978,448.67653577308033,2335042.6712023807,330398.54342967947,0.8675753374316236,0.179784407059783,1.056803664198781
462.84813199742683,2466433709.3935843,-5.368748128843706,293.2323798633458,261.3088049637554,18.284929873880262,1069.2071706950478,11.74831077905128,328.79352933728234,755370.7555707135,362777.94297981693,0.7547704651927982,0.3037113334438363,1.034833228569851
97.89587340419105,1105317418.2782109,-23.854153315745435,59.81007687659122,152.41147513451375,19.163585778432175,-930.8813423911173,-1349.2135738494198,614.1397459196385,487133.4607752969,556781.7260238962,1.0400406247792047,0.2883629790809399,0.8508406966655936
95.07747031756665,3207278465.2868567,-84.53270211637005,121.62001473754431,76.95549082982436,15.65315779008341,-367.172979307124,610.1206852279247,691.9594073164521,1086963.8935720387,540682.1128933257,0.2874414864467222,0.2553856572399157,1.066299528538111
99.04799897895744,6048817359.018159,28.946546445314496,191.28260312077637,149.15661946155197,5.530672609806577,-1824.7273860851021,-175.23895117575466,396.67472620830733,922445.8083124023,447821.47655745316,0.3352870515816734,0.1973009960022547,1.036625396583783
95.4029244163479,3477719056.4214163,48.20345774065672,95.12470004362554,222.16011006051545,12.81331940247282,159.11782266696196,-702.589032054932,773.5034186976516,1369364.4600242542,447865.61336522806,0.35047493975042443,0.18468303849910858,0.33319027230162956
107.53742925490897,2281855011.6901865,-54.06497349382198,248.77198842923423,129.94721958749966,8.043696132621637,1351.815928984804,-400.96773770219215,340.98115584313035,2863958.806218817,260671.5319497374,1.515664006050169,0.3395541045139334,0.5202231096997851
106.9354755120554,2426807865.4839773,32.519440415001895,135.48656742146153,110.74738623090235,10.400991444734968,-1837.3680001899418,-878.7462837992701,579.9785801139949,3126781.7599605634,219969.9595533685,0.23635063073621174,0.24264876044108885,1.109491855918495
162.15519082560547,1781885679.7504451,13.518177114105796,133.78509223002897,260.9176859741837,3.7958728454425867,1077.887803076735,-273.91819465730623,273.0556255879302,2037061.7422004205,297956.9454594448,1.2404610079440839,0.15236299624644792,0.7196883651628214
106.099916982855,5297061896.462599,-31.969306778062496,143.60503873454698,225.56072166883675,13.94354525302007,1362.7132541720475,1490.2248302598364,373.2709595294385,1844002.4836283221,372596.8535381376,0.43907945252780145,0.28482305609553304,1.1355889885334776
110.61425543638191,5695105128.430861,-46.454786926101015,265.9665500151996,381.81050634224084,8.437979009104932,262.78465523153636,775.582246552206,637.159988993059,1346283.6125528137,241218.59348066206,1.0925340854390304,0.2597930797388198,0.8754652165911813
321.4641710400736,6712226575.416337,65.90667290890065,201.54578994338354,384.7585377084223,13.996781647439763,-108.96308841869813,300.84572048803307,541.4127401434106,1714127.9511335515,341296.56292921945,1.1600153325643912,0.1662975153056383,0.7600808767494214
102.01583822691019,4587470002.688612,61.2185984189222,152.25478779336282,254.41612885773569,10.529535561150452,1199.1976990081425,692.6153436177569,515.3320012818756,1012924.5627180516,582268.5560130654,0.6666179631056129,0.22084509138760722,0.6636282645304001
97.66296756647705,1726416597.9057357,0.7981598087542068,89.292288241477,168.3060090559564,15.32753579781081,-1362.8180634843688,-1558.541516044081,724.0286754007491,698084.5492908603,238259.29941856102,0.965893183541834,0.24906669365411063,0.5784526770392866
102.93305006949748,1062971782.075267,54.115420594632496,209.4689893720686,115.06591943452366,6.498670678637611,1014.7053821005284,1411.1894193002963,536.4240443006139,765132.0574686857,202187.35100006318,0.2828265798793863,0.32072969861856937,1.0298762669767298
98.28589452677285,2417824119.6727204,-0.625183530037944,85.41887515562178,99.89657974409927,1.4313068035285164,-100.9053270057866,739.4797621106213,290.9433125094064,1417341.7090795673,422973.06403283856,0.7413553770966123,0.15783463325418337,0.6647601129837617
106.43998813067788,5056481410.781051,-52.20351134602529,209.39445201169278,260.59008139166014,13.690800591505804,-69.83346101094321,-1668.2655606179292,772.7184636374441,2191176.301513296,207128.23784997844,0.5941019393389513,0.19075452853503638,0.8243082377138701
98.04616117040034,4413305217.430843,-24.883800943211114,225.35846815750554,437.2978906904678,6.386321518716461,-1518.9154460435957,1727.8141501421533,694.1988808660949,1067367.3018377633,433205.32352802774,0.21674113979679052,0.3417680967265605,0.6034965780100345
94.60770158823227,2550610997.7115774,-51.27373578572268,108.1518135214712,454.79350864778695,5.974573941098159,-367.82081747105576,36.326230258797295,661.7319785760259,3100182.816723014,551953.0527859398,0.8823659303799889,0.2903793796450278,0.5585898002386386
97.4893131295171,4612467692.107815,-55.83676912019398,79.06956824023473,84.67244512667119,16.164080897105805,-792.0567622783949,1506.1871977622718,626.859889699613,2010055.9962054964,331394.78137267474,0.6846996259626631,0.31280895304799594,0.8467015952165721
290.0707295507258,5592168895.200559,5.01756333092024,280.6310131227463,259.10088110433776,15.768476944208139,442.61569307893524,893.6619090926488,459.98761885569246,1217644.6156865633,357744.74224139715,0.17485322062338957,0.1634218807766851,1.1569620242561276
97.35751140978,5858598522.253284,66.87011447225544,167.72095924492322,202.30460526480664,4.672676212403045,-1825.5450400035556,-1686.4841087998395,686.8447707908758,303719.7274711386,245857.47043998897,1.5506063009116935,0.16905153276547985,0.4285516028577397
97.64577222390966,6995129105.728755,64.21292421676151,208.54006310228192,284.81778971793733,1.4509212821030193,-1702.5752077358898,-1321.206796348718,694.720368378015,1867237.3488688366,494035.9784659772,1.0345954506144321,0.19538733466930125,0.8984827262753251
167.89609413840205,1099418455.9101791,-40.395332968793106,234.08955782987306,192.54228035341924,8.384142082450078,-768.2623323235935,714.6964578836387,775.4703362889237,2640090.6720553935,208482.6343295885,0.6160398242183033,0.2864391179329242,0.7784810536130404
132.8616254015048,1316061922.0237386,77.2687411131528,79.2107882308178,324.9840679508695,18.95400876264542,-1107.5914039448517,-1249.5824104290318,379.3578352987405,2579889.6034606704,505299.3715653037,1.5433311641595524,0.3456077428000497,0.5663580706464203
147.2437424484965,2396620611.0743933,64.57119912092756,111.97700335233094,421.4960431195073,11.896177339544883,-59.32583587415206,1232.9139228112408,553.344482430762,2516037.1271727653,529186.9108208816,0.48068149360837054,0.3353783461462367,0.7062085173548394
103.00785144673168,3536802147.2179766,71.3796757897606,150.97949572995378,160.81903802781497,13.60382444287664,903.9456713949821,-1305.8352596658856,271.9508162820786,1232066.0298503763,438444.05243140465,0.469403459870385,0.17323661207224716,0.37688900650411933
98.08376901099406,7521476381.001665,-57.44472526913955,89.00901571832685,197.710461579835,12.876071522365105,1468.6378132185005,1668.2931320470052,641.9621097646535,2115941.1807791498,362464.2353627116,1.061544619457027,0.18107967187702148,0.4525671867588713
77.36994856462366,3812572673.4484973,-52.32294624387646,84.81865109133092,329.26870351761806,6.568952046334143,-204.3731459081048,-16.095076190126292,353.0821132016932,201399.25801928897,283361.8178514937,0.7981994455051561,0.2273333215847688,0.9545087989222912
101.84612584920008,5848808564.211708,73.8098540065186,114.55158718892187,431.0233045595174,9.367804281653456,-1228.450461426673,228.1794332172019,570.8688358251543,519795.03682965174,329292.9029617306,0.7164011302444321,0.21004186698932717,0.9875261786468233
104.85747527744596,1534858830.7727664,-5.434778278167343,52.055258034194985,181.96279704113326,19.475673208149555,-1541.507380631359,933.7081297286281,503.35047009642244,921421.658655683,448338.30487445113,1.257700988245517,0.17828033444554545,1.1398008022359312
107.91884464197692,2356676105.410301,49.489171239607316,61.12605424077537,173.02915151789784,11.531039665489038,1135.0610747910723,953.8960392183567,475.15470767544787,2375355.612798932,408787.0946297171,0.26306721125281085,0.16651167701244585,0.6140990391220481
162.15478327362237,3374146470.5072494,64.95110121074006,219.99421100634245,376.64023947273273,19.7231277991232,-1712.7666779184092,-1544.803554903302,278.71370634773535,2408384.5233692075,573799.3678701883,0.12025860854427886,0.22814063149188998,1.2022055631936213
114.97616905218351,2255355422.82784,-3.3332004983324452,164.1061674286147,353.45112766500745,15.759636508206366,998.6460596683119,736.03818136463,335.6510269625613,234520.0865748443,586200.5475277625,1.337851975369011,0.29983239222687486,1.1035766127994702
114.00247743356566,3952452473.608486,-36.51759321279069,263.6526294964021,292.25905094135675,19.27099564132987,-1157.0877063642042,-346.7464064368346,724.5015660701667,852593.0371258751,478761.2554196695,1.3643431006258109,0.2518418349798044,0.5867368013850167
98.82177262906734,6277888258.958295,71.79774817140029,55.658243305881996,365.64534797405616,10.191285417548002,146.69100039589216,1244.7021133296412,291.77088341136863,608076.2038774935,402655.10814036254,0.8105592434547478,0.21227911277330838,0.6467289040175883
99.68024455614484,3383109690.412497,-38.183047284632195,113.45616780765835,311.86242832146047,11.087313325863805,1383.2645656206087,-1718.401595449599,408.26436666927805,1054009.9139789396,459878.2555512137,0.8769937676360936,0.31607146086969323,0.7117176675359004
100.7693169993489,5526573336.593209,37.704965974432426,294.2598783783639,108.81458750941728,15.173885386750287,-1632.667773306523,416.051090798986,314.74192643548156,385564.28414081235,438466.1479130868,1.367687614717137,0.1775795443332354,1.0394908140270385
1354.7216748226979,2824519037.2235403,-61.58595996779553,278.6408633284837,257.04050262083786,14.049967210044642,267.01138778778386,253.2585914470169,354.76260251214387,1458702.3441768216,511903.66519483016,0.4899149613038615,0.16647456767150048,0.9771520846174852
97.42735986836773,6144121656.513691,59.19126228734899,204.41475742263242,183.92014711200176,4.305156227964048,-797.8610392685562,-1720.9483683775984,391.2140778928283,1643688.602190964,524977.7998074847,0.48823933089439553,0.17237258901913213,0.6177703379800629
72.1008692309561,6564846430.003398,81.20311024927253,68.91124679845325,402.5241481783836,9.751318180071088,-269.79106171983267,39.64285195476441,652.0615330858647,2949405.195587472,247202.88514371405,0.4878752586127476,0.28935302361400017,0.32560664750158436
107.84587833332574,5692249259.315872,-7.268988150305148,162.63087956996725,383.0968297597206,7.878429051811915,-1381.7081146055289,529.7362900387993,664.9165859489851,3056704.5289108967,310674.1939198891,1.1328935119444983,0.30398758628355227,0.7600432100290302
98.11118931332226,7540748552.294771,47.37229395660384,84.22066754634831,300.4936750518646,9.829265170468464,-1013.0936430635018,-1260.6355523556037,539.5290604483121,2950579.5291353483,496956.2788255054,0.32778721599622085,0.319315340559162,0.53295040634198
71.32608593472764,6626304335.299281,76.47397399967386,163.93293621459372,366.92962977823214,10.084906315368382,-383.48673885611584,-82.09120325839217,433.62641631161773,1299815.067915518,270789.96315990086,1.0700973105877056,0.3450833336388468,0.47706081577113296
99.71797579023826,3430362102.767371,-39.07317165023431,243.2564013719893,212.31420340867226,1.0821071888390708,-771.5654469612971,-79.47297684252294,341.40812924971283,721365.8325910601,253777.8620540279,1.3835101870779645,0.18707617336190216,0.8079075749399414
122.0303504573707,3163861785.6887627,87.50791333985967,228.7458068602074,266.28124678831017,18.265069778443795,-1007.399410447826,-1591.3708238239649,400.29361599019296,1836757.8257362107,577086.3320563978,0.6748827012696309,0.2745537584367561,0.840490978862049
97.59141920305414,5672821523.439885,-8.453472418499103,118.73965075355201,289.34957344270697,8.735703394580959,-1719.6295026724094,1570.9036709855409,767.5317568331981,685107.8287403785,557079.7011990377,1.3193618532168832,0.3064405631592159,0.9835301043239112
103.42641684006858,5362459302.456554,16.049023422735672,102.42717804583846,494.1892179628752,17.726761738612684,-1773.9646148219663,1666.9076121678672,548.7124470481409,2500134.9130834546,526883.64090373,0.5153492669460615,0.1725596500116705,0.8187447071760692
99.03180627016928,4627712087.778294,-41.54672369687758,163.9722370050776,101.53613355498142,16.151216636893746,1424.437866426489,-1720.7233481703834,427.91660698373585,1381882.753739329,263836.9974284791,1.5670758245711918,0.1958261873422733,1.0458160392807943
109.62657131425452,3255129375.595854,34.733514787528236,71.74790398018142,182.01051447494152,13.643173956987273,-1210.8287409200875,-348.015628835846,769.3705591682136,2004007.7565751458,238326.46879728045,0.16538686215576612,0.2195434824350343,1.227369538163523
179.01384550241104,7692040270.094824,-48.69505835227226,172.61230944033952,387.9916899436081,18.752127418412506,-1110.78011921472,-84.1145908094461,513.8606390354081,3077565.6372471275,347135.9506124025,0.5833512977700297,0.23414218564089734,0.5329564780215208
95.63488839639211,3602114277.9083242,46.94778854361357,152.16095163166534,93.00725076194604,3.5677254486748415,98.35129370536379,-519.3252339989629,569.6607877030438,628672.1232828831,335358.69752832345,1.5111938339439686,0.15883430847001329,1.0740501128845215
102.33487480566446,6815272539.506479,7.429552841579778,246.3471819332724,345.3953514652624,3.51455809871914,-51.361374517546665,-1192.2864130154894,290.43376481604827,892774.7504156666,426141.3730175605,0.5966850907264151,0.19300837725762154,0.6850513183509447
97.30721670652532,1942013991.6285226,-62.30502076577152,142.07768618099715,61.245671766532226,14.19281523335928,256.3423796760885,577.0971292481254,652.948918795593,924370.0956277796,523533.557923871,0.5861045196693468,0.21777843824297938,1.0890146304456354
101.43800454424346,5790608334.567857,46.49873648286331,209.84843754657652,219.86410973350274,11.149499432838295,-97.56419936646193,-1100.1778379136322,644.9973437604511,2288218.186915396,348011.1086285764,1.5021989189024014,0.2281566614331923,0.45792879833203026
101.71208415891154,7972754200.257733,48.09333502439728,194.78343806074741,324.226789884486,6.931937367104412,188.44350302622865,1317.2807008563818,376.64882287463024,686671.2422291354,503345.61845894763,1.1223497255661739,0.19137002917312249,0.9670701211632763
130.27575102712532,5902060093.991651,-39.338978596419516,126.51366727634884,117.77735716981115,11.596594259513349,389.01104949032106,201.99228374437917,403.01848856529983,1673811.7789968038,327007.9471860424,0.6038159890479137,0.23843279528798028,0.7147569216401348
208.29616950891813,2983725518.5076303,-15.206457880756346,70.88591728724387,148.98833543201448,19.99721336821113,326.574213434943,-101.68790788685533,271.400318672848,710544.7422719472,212837.73821512004,0.5281832077829628,0.278611671877968,0.856267044116632
98.80587144335645,652111199.4720829,18.171072552772614,55.51243449628549,121.55172852289203,4.168889087505386,1121.1840315095642,-1005.323997993851,708.018292401551,1943298.8833133706,460722.2366623535,0.9267365517149496,0.27558930911704593,0.39145362885857077
114.96068438082344,3595034140.8978767,-42.78609958568017,232.9658554929742,84.06295230443644,15.67614027552554,-1599.8446329366081,-479.41015541998263,526.6582114950986,2924844.4829332368,500210.17793922813,0.16684700536581235,0.31837879575557587,1.0319552212745844
109.92124206646174,1990948987.1001346,34.34097394709106,195.04154372139828,248.29551739640178,16.759296453612095,-895.7939425522706,-1428.0421714686627,738.6362319345806,2856208.9267077986,530519.0331729741,0.6342220468359409,0.29870362805438866,0.4282703834670344
107.31533252497339,7800792249.675708,-1.3467215445319738,243.91963507913272,346.85517306837266,6.304846035788395,-1540.804963416314,565.0637049114202,303.21728953984024,1697065.851396603,399927.4414570016,0.3976180292070084,0.3485391826888069,1.11320281223581
107.78352768379739,3655752804.356983,85.06348496523819,129.62146060599883,472.4521013740079,2.107708491003543,331.12119888508914,1064.5675160634328,330.7647146125312,2159541.253870868,293362.7843010058,0.7528680846791119,0.2578257983717874,0.6532534154010088
116.50875780449098,5621195001.730055,-66.99902797231056,146.72278043471056,215.8479150216097,10.739746443389654,-663.2728246624495,250.66236007040607,728.4177406714276,2699551.0077954684,549575.5245574325,0.9124696524966954,0.17200945679167812,1.054344554173769
99.54554467043828,4374811058.787662,12.03096204155149,57.29402934833387,329.838631542347,3.6826958443554005,475.91664339647014,-969.7826826574064,281.97366776279387,701799.5865018524,385026.7078371787,0.6157752701733351,0.2707355322027245,0.6585648983176771
99.79869242065956,6345738726.695563,46.066020041136426,183.45682252535764,374.4944337303663,10.848722786567516,-1719.1919059654679,-1420.2711639814133,380.4820943673951,2931333.99171548,430897.1245800786,0.7241413097275383,0.3364123819062793,0.3865122203089976
98.38223401305552,4045184733.4449873,-51.357845341228234,55.300024551640306,68.99503636080236,12.977195480314126,105.17172829218066,1334.1422393289272,498.97088090237355,2747655.0278507466,510069.38603065396,0.7951030198593906,0.2601985601810013,0.6497164418626522
111.34014407788754,6278582971.36221,16.406171764939558,217.00549326032905,343.8442043907616,6.9346452868983075,1026.0904085930538,758.670435982393,352.2591902697565,2089211.8689620476,479984.2090655881,0.5030674513338559,0.16671300774079648,0.3239926482830939
97.66623674089571,6035327528.148661,57.12127946791648,231.06032509038576,100.92312197745561,13.140267275732299,7.111877654326236,1175.6310884466493,435.1917184265908,221188.3792551676,306337.09603274066,1.394772871339203,0.29964498643939597,0.812887592254721
97.84988940320792,6980884561.428155,-54.759631611997285,170.78083031691892,67.53755558998999,11.239858930935345,1293.0651956579145,-977.6331398242497,492.48839162256934,1193219.7556107254,526333.1628942051,1.1444112482906883,0.24645328560226493,0.453475289386985
125.14615799339833,4606633492.514322,-23.61010377144757,130.77811230962277,163.86878779277782,5.366061820007847,291.2169957733886,65.49680763803235,414.387894937259,2829718.4880425953,284285.1548054352,0.875721752085853,0.31852846303199017,0.8742347023656467
97.40274943986785,7839565050.155025,88.29699326832431,68.47223308997286,151.2974787310855,7.337771620948916,-539.9621304858529,1731.4313746170897,396.4419127837422,963057.0853658753,520106.6006224098,1.1595100877370492,0.2507444066330904,1.197471787065151
98.88143100852461,978689010.0357299,45.20487308771024,178.52605561025408,80.2805265891128,16.1536530092083,1310.6537926462597,-1505.6128455830356,605.085686740267,540241.6128231131,246656.010296978,0.9017992061385959,0.153004885918559,0.4027101997138697
106.32327308172844,5751643714.361603,-23.393793676976614,286.8161424108823,351.77369241028964,11.643735743995558,-1114.5313639598053,-1265.9944672054874,584.6895668906459,1747414.9914590248,559189.2194195092,0.5356034567353709,0.2752006264741794,0.7786101406001293
96.03505036919552,1821240203.288106,87.77710275536003,142.51499309567646,159.27725861462494,6.211148905460877,289.93554066017487,-186.0170285343247,675.0852082608301,1063454.3838117775,379995.3337399276,1.1971852805705285,0.16453665290212952,0.9291091139633744
259.13063241453557,1786312350.1916063,61.75246375526092,139.42059913966506,302.5256873713076,9.001700782514979,1514.1913669416554,130.7283693994632,288.4023257127365,1964642.1041049045,410729.9836927672,0.9429137975820091,0.24393366714312892,1.0576967856225576
128.29100794231923,1160006886.8321667,-2.0638810302727393,218.780952623466,370.8348935929641,3.8776076236971173,376.48540448749054,-595.3812960582293,672.9507928445992,783700.3078735247,584220.0230152273,1.216091680564891,0.20092040188722673,0.9337724334473497
293.7896979513261,1969504739.8848867,-6.952454120674048,135.89699122213602,336.589358470207,16.82298905821777,-1136.8310294798694,-230.73521797142712,457.31816645669204,2844889.2264695135,393375.16072180006,0.5127798928501999,0.34952823425980645,0.7070804426692059
172.97461575450873,2104733615.3104222,59.91915239286226,154.76146222068616,295.4705391497101,4.024152254938823,-572.6427434440536,367.25768980646353,351.6614523849953,2059368.3881453082,532200.3839266432,0.6700346897852115,0.19220080063848177,0.3653700679928069
99.65906337978736,1659405920.5685835,53.20780375393369,119.31302303670861,90.80041461489253,15.643443096013604,829.507810524648,-351.5062814877224,425.63253496674326,276770.6643680462,384196.43792716734,0.17155882964305316,0.3481641978437672,0.5915177886397573
122.53891197069743,7026729978.136404,51.21189286181442,136.89423709207063,432.6485830139175,11.040401926710366,1240.2734749785473,1025.176636363889,372.48126508612717,2964449.6764162714,331828.5263530938,1.1637187218736025,0.20519416499185128,0.6585128934110194
98.48573046625766,633428837.9536014,5.971836409764322,115.58244885790116,92.01092746349468,1.524533704876497,-893.5042150877324,624.5961666734361,685.4594637867118,1938632.8133990217,281161.4952362646,0.10264416032388371,0.2640546138253093,0.7193528583763419
100.21276216897338,3873817410.663188,62.04068631179672,62.962209248992025,121.03972514485552,12.768014077986017,-1850.3932901918101,-53.07673375825243,321.65966236365256,2384607.497107402,250390.06698507955,1.3174205716999374,0.2648013665761966,1.1805725696106164
177.53217312702094,1518499692.9186964,-44.244909949077694,189.08675864939593,145.2272642783969,10.008360822148981,-991.9934687965326,-285.17555218593543,606.9081789951657,1700656.3056818093,553580.3135011562,1.0978078219366205,0.2130514660031051,1.0418420863625732
98.06625466360349,2650423301.7304125,85.79089663271523,71.30909990564572,246.0594786703691,6.319762559151336,372.14810318434775,1170.718327805454,758.8697193089106,1482106.6411455183,440680.98106551846,1.4943756077485812,0.25775746905318964,0.4404382195032231
98.57073299468429,6419751558.394249,88.39695364502572,50.20061127945692,308.9088620039,16.286175240085328,486.20664034117226,1193.5288666099054,613.007533655458,1089259.0205975303,385594.3499759062,1.4435102750768793,0.18293499708622774,0.4048355556612742
101.93036693986993,2399178595.3445663,39.96412835545479,64.028228757073,401.16224072917754,19.369963491283098,-1033.4592042061183,1150.2705859092903,551.3077290416115,975452.2951725825,482062.3242999805,0.5434335688227712,0.3227200693763503,0.7529895104738242
98.3411302082395,5463271082.121574,52.230091517202055,101.27617801417361,69.86775533884368,12.621452438185747,-429.5783020051399,-1366.3037431546568,375.2171645672713,2091748.171309413,397821.13523230446,0.3256612023609542,0.2490070481221055,1.0704099943444696
104.42797995740149,6637299210.245421,88.49885474084039,120.33534835420352,189.25698666114957,12.544117143273162,-1369.8404553715413,-64.31538597307849,403.25363259276423,1843734.2438749378,515460.1220906413,1.1166113947103629,0.30627186997235467,0.7856738333023533
126.86294181719086,6201316276.380915,47.34693354639677,176.57488501315365,205.642776879041,8.393730036375189,-224.71801037934893,684.9703079194337,571.163509526654,2469114.7730878238,584030.548829309,0.9777702187620251,0.34429474350726874,1.144541901565368
97.86374105452188,6219335528.186503,56.851217975988334,69.17831511306738,150.78339466086675,15.488854646873534,219.2136543908673,-1030.485932408285,648.8597373195947,1503366.6989532534,315666.52750122227,1.54311840109424,0.28449511563256513,0.4891239271939987
97.29357736888555,2134213122.62102,46.91190765458043,55.51199934093563,420.4684823394099,1.2907004428512756,-353.2393476799666,1243.571773251671,482.51386346030256,1506756.2638502358,373362.1657719049,0.5253280950848197,0.29730855386836397,0.5677724982360272
98.29675991803065,6267283531.817113,75.64976428850366,66.03787526722533,55.65986503106808,15.23972939450543,782.6165400536929,-916.8985733612222,430.0805227175614,841381.1562350466,259889.70917338485,0.5645848407640952,0.164945436790685,0.7275825269648386
105.39364869812746,6246595603.340075,35.61859007471888,132.8311276177203,205.00489072386088,18.2879922361699,458.2953309721206,-635.6988608808208,429.4852469767618,485157.0517116968,351559.6512001174,0.2880729199989326,0.17623283489632072,0.41550585818795754
106.04569292836334,1689286409.2945282,-29.64101191712279,83.55879182556771,240.60195196731473,10.870336001921418,190.14834742753942,-1553.8392067088803,299.29111979421987,1483609.2825329967,235081.533661829,0.20292242338617403,0.3495102557952407,0.6138626694904488
99.4448641991097,1678452528.8406434,44.43139608370447,163.93628114599701,481.4341077086253,3.8878361133127237,-1221.9964197533793,1399.8734680385278,767.6122007726913,3068374.800609067,576361.5974847558,0.10672081584935597,0.3001883191587772,0.3859574965432073
115.66336067748323,3662769656.3257985,-7.45657548141817,119.5911892421027,348.43859218483215,5.277110867812816,-34.14231962675831,-518.2707745842008,578.5282337813472,1888718.2151198096,251463.3691212923,0.9583819065803235,0.18223278856294844,0.7191922193938014
343.7916266882675,5165796681.225677,53.392926936201064,242.5785753143743,455.13397842440367,14.049327503729327,-791.9582330371124,-252.00445811817826,480.1191180334576,1327359.3304241376,372092.0372756954,1.2412230393440615,0.2547468189832054,1.2774451227041124
97.43466395437466,6990628614.221871,12.457789463482683,100.92333118302858,224.12760116267214,3.6753965602892027,-1093.1575680822198,966.8212102404996,739.1775370692185,2336872.328204743,237312.84087751887,0.8978051640364052,0.3242672201130553,0.49668662777918104
168.24743276861696,2362517275.3162947,77.13398938813097,252.81243755836903,417.5920793096254,10.935198092002091,229.56920893706956,1316.5412416732333,629.0638099424273,1368172.4791552664,412304.9706406235,1.455887946744329,0.29148631164079597,0.8252524266884694
98.18043790022847,1448044090.1840975,-68.63744047532381,63.00872739351455,92.13106896588152,8.018570741187983,-294.83331956150687,-1402.573183729863,378.6441953098647,1556714.7281332118,534265.5212705175,1.2118757544757495,0.3425905471030079,0.8643939024901479
104.11213609005813,2804109304.45998,50.87622716834596,224.11170797387499,366.9493096403689,11.506362930806217,-1515.487148310103,-894.018896042965,755.4415623539376,672669.2759814796,375691.1527462306,0.22504879915083761,0.26000427856418507,0.7650502391510987
121.84484840322312,2535251965.66893,-9.656681482397957,107.49371810715948,156.44677992205595,19.538906733186653,908.901005302303,-939.1130444780425,287.54269860711025,685613.4711760578,207703.81664623297,0.3803796243949181,0.21176329583258746,1.041900501808518
611.6054194355019,4784023123.725065,-73.90835136388556,282.07300860942416,375.755398158704,10.761955072151695,140.02140570598635,438.02689448910905,572.9482718790575,2774819.4697768195,473799.51293928234,1.1404306440599656,0.2814888061791395,1.0083474906516208
105.29731207874906,2100990633.5090716,45.90934070954091,159.39861119413848,371.00371395009864,19.861302170556897,1246.0527265269425,1381.3646046200274,522.0969714367682,550300.5396560405,230781.18938578325,1.5534122464246618,0.26756785741534184,0.8311093520017653
121.69285764799861,5503540442.685959,-9.164428662763783,193.01332566968452,394.68207242477354,13.64422833740261,-1168.6747109681903,842.1857031643904,688.6317039830426,1584111.5400266855,364066.5398766251,0.8243358711642461,0.1942248487787269,0.9090188836925854
98.06019770625574,7600805864.509701,-6.842748415372554,187.61130714681198,160.98991464178732,11.007137847548838,-1592.458619761545,5.522982294403164,333.3064412390894,491700.92629714584,379626.21466400404,1.5752130016611348,0.2357088343726123,0.38062606574734575
100.62738172590052,884839885.2673684,60.733997345112016,240.8509932136807,395.7931028973433,2.046283741062899,1497.0234239307542,-879.8835749681077,524.3968030620703,491999.0949697517,213650.48362020325,1.2864098027833801,0.17593104008718077,1.0171305147395717
226.0006758568634,674272490.7358886,-82.53158093754683,185.02986076995217,427.09727071095733,18.30372479261476,1589.1338485257743,-1578.5980308204325,723.5756933157528,3115362.839847204,578666.0527570096,1.3784349258197448,0.28677488117560856,0.505642992646137
168.43969042693027,5444228491.221745,14.631998186129806,292.51201564262834,394.213212477366,15.414324800376171,-663.1883675279114,-1053.9551197996898,614.5682243214887,2555078.255248468,563095.0743546509,1.417965728002362,0.1845965151206086,0.588103637715376
98.54478381603418,1481036220.1220527,-28.017819489835944,115.43416122185961,385.1773212207062,1.034740217064758,-1439.41141358916,-717.2043448922482,739.7562193313727,1164484.7388532434,405552.32716027147,1.250781650151982,0.23298026800504112,0.9857043685939432
104.42829427243697,6858367822.213036,17.792423653715915,86.14658295718323,465.2023071903523,10.177508038329227,-220.46300964401644,-323.978689218676,362.3435964675407,1140866.6055357312,483843.2947732533,1.0673204450915947,0.15374399355959825,0.3685417658483223
141.49721331960203,615940361.7269313,-48.40837902653778,179.85892603072617,362.28694841761416,3.5875453707470037,1522.3423258232233,-1549.2102234891568,671.9145502506212,2779009.3835503967,383852.53911378654,1.2818584364607637,0.3247482589434154,1.2338068216262021
99.45153774879927,4983345463.812858,-22.99675044104538,51.8259335239233,486.6507105288127,5.385145535650262,828.0498017398481,431.3703296365102,758.84999837192,1580754.904788671,373257.16274064465,0.31866693584999584,0.18392943758260819,1.2101885974389743
140.44798125815834,4456801963.437773,-89.52168733054297,181.97338341474995,463.8058788924246,15.058684273027565,-240.25814696332463,410.66229583937456,736.1890221737129,1183277.7565824087,301007.02712100605,1.104798411483445,0.18593233566180023,0.5709314788434471
98.10357648952782,4605609979.073364,-47.331107839525735,90.10485376198832,250.58830686021932,2.1578813909669927,1187.153321439765,951.2181829713854,410.401798135127,1513641.1435346415,326269.1286852816,0.39767011975352906,0.18110562529935897,0.4964755460183261
192.84688727396363,1221569099.710837,7.384541293179012,104.42976275684222,148.3104910072945,16.68651616823865,-1035.7686170648137,-1194.708344946594,432.6266968742805,3045991.2746777884,218040.22896720716,0.12952472887873714,0.3217490629844556,1.1582547024786571
127.18869416498737,2658335484.3114414,-78.44276817814286,135.31481558870294,398.5394158396127,11.16289035415237,-449.1626652445643,1388.3506519511652,568.317888181899,1647229.0091890814,505235.28986354877,0.28022692012247163,0.18517348325612087,0.698858455512809
97.6008175725606,3298932439.2364054,7.525189701122386,286.5259620825152,238.61266722974247,1.0858773083049134,209.3435096364774,-1186.9428423514678,729.9141584919926,1971830.0093979726,442582.0111136959,1.0278914244384691,0.3177769809083389,0.4779760886748554
93.10030387798173,3487877498.393854,-12.91217288060713,128.33929819440985,51.379542065212355,6.091662280449857,263.4480785277533,-314.11265398121304,686.259292916402,2387052.4843605803,580280.737440244,0.9875072087117374,0.30162878282225714,0.4962190411211662
113.49551217154057,860257964.0411927,-45.583015042843655,133.80320000882944,78.45300168507887,16.67763568541178,-1028.8587756281318,1650.614715882526,504.9552053703259,2935777.5784620047,335702.29096082604,0.9826605980569102,0.26255628001051756,0.749123989524124
97.60502829675298,5123169791.892284,-19.27052272374621,84.29777148214033,497.105234421078,3.1303351609785977,-980.5182623657424,-1477.0424917220664,622.600987285346,1803887.8490269205,464575.37878425256,1.449372877245222,0.22300419536359892,0.7218563773212848
97.38235872776758,5429837231.955608,-16.75238320527623,79.54992447716839,465.28115816174204,14.457359090156878,-917.2414818094239,1452.815221359785,698.9447482283038,695683.121274168,477873.579932564,1.140461176714809,0.20787662174261148,0.7124214937757165
151.92331104806667,1216101173.8987308,79.05332284868211,222.94567261525862,267.9768195006521,14.972254341430466,1102.1730331640947,1661.808975102921,732.8826751546997,1893536.005085147,234306.60191394197,1.0548554388385636,0.1827703818107992,0.808686510820057
80.05228022717296,1359761634.4516883,3.317068724214323,128.69724109969036,104.0288321642963,14.592569037514377,-351.92858589219895,-75.9447758404533,747.4701080632299,616820.8100820496,575618.6639663782,0.8266432011860417,0.27380369976745983,0.5552769235170221
101.00725097792633,5460661953.003756,-15.485700309506996,253.1123310687631,267.47961578512513,6.7161430751746884,135.54546907493705,1602.384154580509,764.7268972341366,1732845.0835784897,337960.0261096873,1.445343382653341,0.23992112262014104,0.9842050605455726
97.40828398934501,6150938012.850335,-78.64120593056812,151.89884164893016,172.28989009003385,1.4184715765099447,-1740.098983661071,-714.3086494937857,496.4493248964615,370074.3091538098,543205.0161805226,0.8823873004797397,0.2530431665044559,0.8575646753076536
122.5286001571782,2009011381.3867042,11.703987979460578,258.00487847073884,352.27160203656223,1.3801429409649335,1000.6293450243247,117.02453052423243,508.4710759927193,1793749.260401219,198616.80536605205,0.27326426378530433,0.18454212465386316,0.8625196501429415
99.67693820479553,7633332705.323715,18.606658897309003,174.68699720442427,62.27840277008783,15.074196528376865,1113.5811375349667,-1085.0154936701988,585.171867875123,2106122.4127075993,552324.0846714773,0.11742179327281713,0.23092985310564298,0.8691969293042506
112.99891171768792,4535280158.007135,-28.82920138958876,279.9433304825394,393.65889077942194,3.7990108941348932,278.45729863888255,-340.4616626055447,566.1438287739334,1895756.6573399913,493838.9566700352,1.4534702655951952,0.27180975531553336,0.8099829918073065
118.81110375791306,2666057160.7529106,57.51460347287161,294.3247758387755,196.160108565355,7.57078418518578,-882.2716401645778,1683.193232867864,320.024157900388,2225378.4266639,423156.7862156566,1.1527431477981,0.293862549139092,1.0884518709585158
242.12907704607954,5770294041.4228115,-56.62279071621748,250.2219188397665,327.4362499225174,19.08677473366004,-1415.9421290159257,-538.0356748588451,324.21314251180127,2339725.76093539,569991.8886344353,0.13546696881873108,0.24294768229298702,1.0458566173104413
103.49277877252796,2253024424.460701,-49.51618252714594,97.23272853515667,126.24249895366056,3.1530255330720944,787.1387628144516,-738.8049139111424,473.63146830862416,2339495.181542586,418669.49755394657,1.247314280036093,0.15081154141167183,0.5986990281147422
125.54388770530623,1873296707.1788125,-87.06578917513536,187.22852375888,50.11893910206683,19.60986534354238,-79.44022819640008,-1258.4228196817319,610.3869114153292,2349460.066393799,385689.3302241083,1.1011675980613067,0.22733255640604932,0.882657248584916
121.8486296015272,6479002292.257049,-15.166777820454143,137.46246377410205,286.2224872810167,17.630608358013607,-534.7454110356634,-506.6225649412929,311.4796844278945,359353.82055377244,447758.7870263212,1.3116819650070046,0.27223714829648876,0.9997133066623993
97.53802421453152,3726719566.3004766,46.91558658532176,191.8456361281954,81.67792146702227,4.100981065555447,-1544.1073328631617,-1548.098398234371,447.0146818610916,1131390.9115877817,206105.68548148728,0.631397297831538,0.22147681202723632,0.9771827090461598
1996.732398124533,885491501.531561,-39.09048785480896,277.8983479880583,196.68306164453898,18.362113450760287,-641.121791548871,240.32585084966604,450.9088958595332,2648622.037743727,471726.2773839249,1.3778959119119194,0.1512394090793969,0.5071961665744049
354.7624470564293,3773671160.9533963,29.815264795242527,204.88150376988926,445.92442203239455,15.97659436057766,-840.2376857412685,476.54431347034733,662.6157277032015,2984316.60794851,569700.3378340858,0.31628033151916135,0.2632679718593204,1.0189460427906
124.81183760607769,3192910573.873714,47.55414547978711,293.665356780448,358.71040727911065,18.73869763087644,982.7665109808931,-1193.3616368941475,446.0719125518675,1457578.4504250742,272277.80478264345,1.1106394630894982,0.342158796511427,0.4283168373706789
120.73522201001366,7233686310.026599,-23.610820966200166,161.50065206450404,269.6824232685806,18.156959991095164,642.7351890453097,-1455.7789697875774,469.3541671331059,2736003.2724615685,460237.99404955393,0.6812235596966025,0.3290106664168125,0.9314947370402417
334.05615119802053,1555930773.7450395,-27.966122953247982,194.5171186261583,281.6419145516629,13.293312274029795,-562.02359183628,-241.30434990902268,756.900914794811,1857060.378904404,566481.4041544741,1.2927473117813557,0.22692709384961957,0.828928031803369
100.4568305664775,6698488886.002143,82.07448699523383,200.82638487359304,483.3090345191983,1.6542204628457489,-760.0334733549046,709.4720383530776,292.5146201400265,1978587.057335361,335758.343623712,1.1599114486680437,0.15086159783193787,0.46732094892074827
97.97418213860534,7549915387.318408,-55.26685563251703,267.0563798144816,122.98805366951068,9.125486752536652,-1214.4905398473288,569.3300051482183,717.0306087045143,629142.3003014179,270474.8618773244,0.16320287240426148,0.29639331688917064,0.7004773737420856
99.63064760374549,1748197994.2307763,45.36161972012212,233.3889408251233,154.4021928779735,2.8761019368554237,-1758.1254306929209,1190.4277438258537,290.9954799335973,2157967.723312684,551536.4517982951,0.8403544380386386,0.24915867709114398,0.663889719025218
97.96316184889035,2558091745.3314075,-63.95863028685001,196.18191534399867,80.42839646842708,2.847317050690906,-161.18759119702236,-1322.3596180917716,337.1602665083178,2914017.1105324305,548463.8188284028,0.7903823132214481,0.17234121917262377,0.3604060561393814
101.13382859375284,972343297.8633754,-30.904288370770544,260.77287123694657,206.0790200193506,2.6696716555235986,-1515.8861352356723,198.2007943598253,477.4093946229068,740484.3938076174,530382.918459764,0.899573612381989,0.3482830115720194,0.5936134148693547
98.659166698703,1155990154.8483214,-7.138836205461658,168.1714845589013,185.02324571548294,2.5739341792283774,-381.3033126325445,1525.3861693963104,556.2057974443986,2345303.9195652474,420754.0520377369,1.4450426859557064,0.23166813391502988,0.3987861042782773
98.14045679673029,4469495501.304593,75.93731290250153,229.9700574467827,314.4603339860368,4.91213712324416,-39.02053798049428,-1672.3720741856253,388.70450024098204,2059616.112050127,217171.8598014261,1.3552460755801699,0.323535696390691,0.3533407410449031
102.49914604600632,4932391868.033753,-3.1385248513454798,275.3664576668265,293.6219914457041,2.3501913986820204,-1740.4047660061108,409.5634128762176,587.3290369453052,2179745.8946612985,304621.9991240169,1.332651301203394,0.2050969673508979,1.2692179169687317
98.37170891530674,5942132564.891953,-69.78288807766982,50.815860022036404,213.7838753376492,5.403129681804069,-158.1933059229916,-542.7276261501263,561.2425373663204,2561331.8902495103,321069.6652429855,0.7964459075526842,0.15749174554520484,0.7550563267482124
97.10659666040276,3220353885.075647,8.721270809378481,59.65817576849936,132.37973962027664,7.423407171023032,-417.08844523348967,-1388.7890728471489,720.4160847145022,1677149.6208020968,571182.1712156896,0.3987594665148937,0.25678575700013073,0.7340646085178537
165.52215328703195,1285719807.5265687,40.72685818542169,160.9334116325546,424.433416230923,11.085943925818457,1073.3551802092547,1114.964407747328,343.74671070490024,1241036.929711977,347399.793616788,1.1176759863092192,0.28404253748458475,0.5327483340830302
98.11778473812292,7127472624.200798,-16.715603115704695,230.5765365382534,485.1469189326448,4.144954522504748,1244.3514809415724,120.2537699667671,588.9049248402748,1315545.8165043246,543862.6766945317,1.5113194107775307,0.29057842679537227,0.4688261936167877
139.35002795207913,6577975324.13952,-11.742880000971283,270.4975837621429,311.4409887746968,9.250847767758637,1164.3186951997754,91.83666096869706,354.259191327294,1550497.474771485,546834.456320911,0.6737613129255847,0.2990273088818667,0.8462701144768536
176.19770230695144,2188627847.757258,78.12108258171679,234.26609571014347,261.34320601168554,19.84234837075601,1554.6193177434752,-1676.3932977386376,618.2848629745979,3115936.8781490987,305338.33989034453,0.6561636982562827,0.2266350000705507,0.93524746555806
325.1278376119699,3359639106.478704,51.093889307785844,188.5597076789807,124.15631797480668,19.078402138561522,-17.563197750345125,-514.7681274446256,567.4260922145554,2873684.550492753,499006.65716151113,0.881520005900219,0.2401306218252926,0.5770399744652264
98.17286288906105,6325177231.939582,10.602612160554145,213.03145195257417,362.87529946948257,17.91764882848864,1299.5453821792494,92.78997236112673,674.6916290477152,297253.68809964164,510919.54092007235,0.656798304895572,0.1675535116617582,0.682253618872108
97.9973937858345,5815421087.220786,45.58448389234272,129.9089560777703,140.44321242062261,8.795542789094233,886.6504361348416,-1021.2719757480362,422.62453383371815,895088.384504869,206457.21019008648,1.5228502884784922,0.19730248581025397,0.45277825564612806
97.84971261241817,5569983993.825256,79.99550045786796,168.6884540926464,171.3159297004807,1.8393602604604415,740.6055262401801,-1175.8747290237432,417.18885987997265,1020179.4515027958,339931.1207422303,0.8368877417353731,0.18991435440313675,0.43186049716801816
99.24119753624674,2379099374.2007313,-12.881829290594112,299.79810702165696,222.22192324716784,16.40362309587345,-1225.6781419299464,-1035.658090627795,555.3236168409754,682517.5081317236,205474.25321749327,1.1140693259100298,0.31420778682285994,0.3335980755622111
99.58116478598461,3176296594.3841004,-3.309654798010385,91.30360024196858,109.60083377024046,14.297048384637309,1373.2124126722974,721.2709416628572,433.0471204592077,793048.2096491581,372988.10881093994,0.6043828696000869,0.23373755950938163,0.9268919245630739
279.5451690580083,5145542683.769404,-53.44065364273999,272.38268039899015,108.97327728593092,9.634561241733886,-496.7687809879137,-14.324614336370814,270.3681113349687,1841052.7218658724,402725.36211614066,0.4774737398821677,0.24447888010371538,0.8606846924283306
124.98077209354057,6933373229.954567,25.699798542006675,136.81854577298503,376.3946111317641,13.649845969423435,853.9095815977507,684.5085993400662,367.24886605813515,1040613.3229776724,555036.6640718912,0.197600815552638,0.3158370850057711,0.9764239135667371
99.90225933936935,7432728910.609801,-83.62507737406804,129.6143248476197,451.36165750125303,10.229577186596062,-1271.9486583832772,1167.8914716720587,474.0408622171228,1950500.6420110126,241699.2920097034,1.3102516010860503,0.19298144481081458,0.6677911037685329
157.3472170884215,2673667864.321199,70.559403998345,153.0031347008301,274.9633007316289,19.977800067681976,-843.183612980593,1283.852088558786,718.4566764672425,3062180.3426763928,393707.93928484945,0.8652951207563716,0.23105023015809675,0.7625847802704192
351.57889350202794,7900516287.114332,-58.2795822063694,191.399417954323,494.058187643304,8.634809311795763,-380.6745583675654,346.95618559500645,416.6192248458093,1640149.5356978572,473582.21783978795,0.8000010789451643,0.20660264908399356,1.0826755479791
118.52337226190757,4776115877.24963,-20.936186746215455,114.35433615077848,249.21537082299636,19.436507692889215,203.31729953845934,-1259.8769360004808,289.12428118949305,1041370.7591733242,302936.71389883664,0.25921516099000985,0.28818771815112876,0.740149633503657
133.59230287107943,7095894441.491997,13.625917111768175,254.54013269107094,309.9221299648873,6.47392662516086,-1079.503807657375,-400.9499829418846,585.8381910716546,2300280.778551053,555418.8877046765,0.23579004977942888,0.18245993015444584,1.1590647921151445
147.64331442819295,1459606119.1531408,-32.38015520674765,242.8977732929782,50.78820384781215,17.676108045978744,-1460.7550754555723,767.159841427469,538.6892730523508,2774583.600266138,341476.6356477138,1.2485580218361554,0.23566159112564813,1.1661615648603112
102.30578565929977,6705394060.123096,32.95508182517898,118.51118035285775,352.1676508619555,14.612297113101127,-144.40009752397305,-1037.4926043237288,584.6871250817273,1764000.6084478314,510557.68340893905,0.5027678956697056,0.3333668654500775,0.7093054116712172
109.42025317609892,1147322830.8552895,88.18029905776083,74.56706880645044,336.6487876195768,3.3188195049254907,-1794.296258922622,-242.0509968149247,489.71169357521046,3071060.656672173,521870.10681551724,1.2329349925937914,0.3199488953279514,0.9862208241152056
124.24282286238437,4276067028.076572,39.191695263920565,75.96643804114069,236.54127248571564,9.76886493446148,177.01877432035803,238.11820629389285,445.08460243110096,2158735.9039295455,572959.2332271367,0.536680522896146,0.2419565629906667,1.0263502201954526
250.2780448341294,2855140539.3335876,40.69696207197467,272.6491690565439,440.7876699495042,2.9339810211698873,-356.76098833998867,-41.09533115861268,364.73055967295846,2740245.3329428835,384492.06887737033,0.2041979849251732,0.2639457093232073,0.43476515229070933
97.66872894175295,5040711451.059596,0.08717785074597373,129.16274527352755,104.12004913866522,4.788829848215497,-1608.0319307939665,1422.4680408956647,425.38275419795644,1310646.2479643072,385660.3820851585,1.0112375772494004,0.20420623160172968,1.1059378527353143
115.17674530940519,5538135838.862926,18.951118521586153,198.3889485879221,422.10248390976307,8.40807324309711,242.7273295552959,1124.81700776988,426.43082132999143,1837112.9410119003,516092.89409866085,0.39733554382263825,0.34190641629495283,0.5361357881373826
226.72259667579883,4554714875.902179,-75.76186454302254,120.72295496820716,342.18217563566327,6.2954463598492705,21.6807829668046,-673.8485041712524,319.95339570355833,1851181.2480299512,383440.69821839774,0.8433116750129082,0.3224363062683564,1.009576045863497
96.6475929775451,7816562968.611699,27.42197302542715,217.14810559742952,464.8861915085507,4.325603736099119,-576.6928538399482,-1059.442991374759,608.8577553164585,889448.582768219,258317.75161185625,0.8165057778168571,0.31249123320840777,0.6935004072731175
98.35809866517076,4335439911.327309,67.77939978973475,242.97587407788697,63.318764663073026,15.123699599726958,-779.1808171142636,-1530.7427546671418,600.3579728086554,2759198.4627924915,202770.71021869627,0.7207639550154198,0.23807127507163411,0.769567299280598
137.2081248238092,5940397466.283943,-51.438770286715204,190.9641633710984,224.42544245170734,10.34204416142585,895.7420749728867,404.8836968728283,733.4969833409637,2763487.1469046026,432558.64827130357,1.0384474903139267,0.18938978614287602,1.091051491924647
97.67479748026908,6229498302.518514,-38.62996735801522,75.646081608452,210.65690307886027,4.78119840340823,1224.696246422915,858.5258387868153,501.66597943273104,624198.3731821319,228125.0872536749,1.3248840376587872,0.1942767567622712,1.1108015569624081
99.93662075736307,3915504815.5633326,-68.1915265892365,296.3257327866693,372.4500338884238,3.087614695523098,-1377.254941194441,-574.3009289646213,712.7892696338356,1420973.3138588492,227581.47976718633,1.1026200836702227,0.2076101749890941,0.6356065699109279
97.31097621209199,5580266462.576556,-34.26798556331549,59.410985249524444,82.25355111764024,1.8881520965472203,550.8065203332494,264.17907474576145,575.8416516245113,612240.6437711902,241904.06862315652,0.724974007223446,0.321284125971739,0.3406456616167002
172.18342733703733,4509971986.4823265,60.57199483477322,254.50351239383397,208.55492076426657,14.789112597114094,875.2516090349586,-227.6399792582008,740.7279803493716,2771974.245255761,381443.83636334026,0.25472989470069307,0.326822900341516,0.7618399768563997
106.33783619904024,2250923533.9380083,-80.5252246052842,173.47355691724928,223.9227377736448,8.440200477172851,1554.1579029503373,837.0675811465703,718.7502579247127,1513283.3034419585,291924.67850453686,0.1478817298383948,0.34340475367133777,1.242379056731157
97.97821661238466,5985851760.068822,-87.57688594116885,206.94662124565806,79.89613215664869,16.5785623538733,1054.738775746268,557.2317284009873,287.49900188257453,322759.1522664169,338464.9776491528,1.374369957978073,0.3106668982742201,0.40487388479789943
98.46549665006424,5863069657.122003,-17.89149438156565,277.68416456037085,223.54769273697113,2.099188498948901,-67.1330223922032,-1426.5563617562673,436.54065379805724,2718820.691175309,554641.044154596,0.5736098873290059,0.34964877599033467,0.7384819278302528
122.84694591147584,1036162844.0416105,-37.93622074227634,109.81098620140284,342.75761821497105,10.966916652521869,-1169.4429290222404,-1119.05643846885,705.4375289814247,849131.6124618244,460996.6263165014,0.2531817730122007,0.19359982602944648,1.198490274457567
188.4927779886362,1289639758.5064273,-25.4464444690353,192.84265978484973,61.26744149492004,14.439698331885841,113.58074350486595,740.3459776264408,415.4327651269764,1714095.0258632554,200596.73084618486,1.1287919205771884,0.1708233892234445,0.6788997962843113
221.85537117060906,819403274.951768,34.74682545030937,209.21077211950106,256.14071726190497,13.022488287789379,-1267.044637035384,1536.6352306414528,691.491463914338,2340880.7055928353,247200.26937625557,0.19084787679056772,0.222789104959127,0.861429407755971
198.46008956470504,1004886206.0874524,4.7271199198740845,153.39547087312837,263.0396862911296,2.2059393174847237,906.4664619762361,-181.9251704178928,503.9915245318832,3066705.3851655787,487697.83864719234,0.7525547554076671,0.3173113407315921,1.0255321335249512
102.95492307703317,4216473286.9347425,-81.95967855454784,167.75015571864608,498.4031284597473,10.136246223365287,-1366.4160490805284,350.87294601744634,672.6650527878254,1550328.4116440723,321177.86777194135,1.4941227687282672,0.26867665514919054,0.34088191247296146
96.95064952229141,2622863666.9812565,20.517489368513196,123.85035001726578,80.84480864081519,2.726789881329287,502.0023938161853,262.01308989977565,652.440541841333,221169.57832022538,506898.98459866433,0.700071976601854,0.16782035279357232,0.8188241513200374
103.13694283157783,4688508735.992187,81.67373410751858,285.14762767367455,399.7046316699095,8.189271535066617,396.7817987738699,744.021921038031,569.5439345512951,734788.1683477134,371953.92004733573,0.6784774213801895,0.3137095753888394,0.528179469419238
116.62872201619129,3640774324.059249,59.84767636946367,202.18974018672162,341.1955518241542,12.167411241420224,670.4699812678768,1474.2946684232807,732.5079900302158,2733207.1745623876,214570.17364441976,0.7746138445735636,0.2879293539903768,0.7098872582976206
97.78377676903942,6685421876.499525,-29.450450013430448,109.21044050902336,292.27121459158553,3.722780491141612,-476.2384444405461,-304.72583636559193,385.1721382177026,328597.3834077656,421292.3980309863,0.561469748030107,0.272461237086021,1.0432000342024246
100.71230607021536,2905827999.8764935,-17.53454829019057,270.503259524502,172.4332629911279,1.0614285213187968,-934.1709575433823,-379.95857209022165,349.7146438205881,2583436.088321474,579758.0380815647,0.9178494066984387,0.30932276540666803,0.3911255627715977
99.82282591388181,6709280263.098408,12.522288403285657,89.85361248061054,321.60520452741514,17.26595296691533,-355.9970590224459,-1357.5192126103768,673.4183673780201,2181990.14677835,289033.72544988163,1.1473002278680655,0.3078231246748279,0.9939606315986046
97.66404596460994,6217586085.657004,8.262798811555513,273.71124746112105,294.72940848287647,6.444718023005302,-896.9021009817807,-1365.995696508981,472.6352690211695,573388.7145943592,417338.2901180373,1.592953843378108,0.3169084634556069,0.6480305374950261
253.97000233059495,1625717100.005134,7.625186300917505,201.0351840736514,289.85865324139047,17.394112425219436,-1134.272520157754,1661.3525316592081,555.1856750384975,2828504.0763393645,395639.03442055447,1.0913787729460365,0.20935217706251885,1.0417165561747446
132.3093972061052,3071680382.9512033,-72.1982483742477,119.1303569057197,327.50071525718016,18.5765138031426,-287.9823426256621,-763.4178431113726,672.3222046611961,988813.911779165,519893.65901186387,1.132190853421915,0.30954157808321214,0.9432926716662685
108.5526863171024,1283056962.7119594,65.59408669993792,112.8643079692203,389.07188680623676,13.033896311487805,-1607.4348843277776,1275.869945406856,730.2661909181592,1744389.5850521596,265834.3005157824,0.46612683837119573,0.32000140192002074,0.6990827317690296
116.93520864363612,5490639383.898397,-73.89944118511106,279.3699593206756,128.28788295797978,8.824806714604271,448.25384108808476,594.7022093184246,517.7952821925797,1221220.1338816273,254914.32655684493,0.18970331438544388,0.3156564286604915,1.1800291576012683
270.8021567827973,1312018678.0764534,14.449030882554126,144.97287542020092,185.53752125115614,11.886954547085024,832.9842437436946,518.023644699359,664.0381209526203,2470551.841583135,480528.42859674775,0.9595547464381317,0.29401698386797515,1.1525938648541252
101.12804246825944,3261603830.614749,20.484763017985642,63.102073910710445,92.14795394945067,9.339355547665832,553.0126055571095,1381.4709207079973,317.5473929043206,2302293.9463030514,470403.6585790145,1.4450258613665978,0.26834344284816475,0.9532926356980926
1509.4222276807498,791706177.520058,-35.622912115984334,220.60549447521743,359.0953151025891,7.9488202703895965,-482.5232224851318,-512.6816771425788,584.6081687914739,3037351.3723724457,491539.70393680275,0.6742353567300241,0.26803559710717556,0.7586770736687546
102.23192059327883,7852213233.119377,48.443502073273265,70.91338768888684,340.3339673567746,16.277553379723237,299.1202992908047,1056.815941277931,771.174143151915,2493949.8962288983,363372.1733676194,1.3909963059148165,0.296518829027113,1.2588050369170616
98.69005848064491,5972006662.279368,-8.803611989971358,122.60554183506784,187.79276259606743,17.14254076103788,-637.5935435254664,1230.9775703902983,354.27281528873795,587692.3009214383,328119.37822086434,1.5630190598418372,0.20460704041808025,1.1082570428494978
226.4882115053837,3192609358.4784875,-89.36346099032293,248.17887601881372,377.51429908582645,7.178623508735294,1358.394883183078,366.5548767465866,425.20539401112455,1922601.516730242,278344.29439303145,1.3957316427266182,0.19371685115833548,1.2622260582708549
93.17343502628127,5667717105.029368,53.51350234592053,143.24418057931473,168.93352422379252,12.10595046753596,158.10282678802946,299.2052319834238,655.314506734723,221043.24637737786,448921.3506814471,0.7243584360554094,0.16765695575072345,0.4632141521039914
100.49216164982616,2256367309.0778666,41.317431943563264,227.16275364673456,102.09036602611823,7.6131209828880655,-1019.6573560512304,459.983362186319,293.25682885969127,209996.33591764604,405948.7887229044,0.7085881137821618,0.32200158020736747,0.9107073087291716
105.82794846498962,7233577000.417617,56.18229200864769,242.4335574365836,108.31139740646825,19.430446477434288,563.2286066615648,-1485.2392631861899,587.4761935050053,2349561.5919132545,509639.28423146636,1.419575274247682,0.21737030758523956,0.7248504902018928
99.89913107079416,5647600928.473596,-61.13282602328832,149.20117782155924,302.28546335268186,6.803801190473156,-600.9772761722925,-996.312293511053,754.5263579213125,3051632.620709147,491596.30816478224,1.1002060646965766,0.2698090608091651,1.0999186210849703
120.38334102998978,726450150.4258332,-71.98647433872571,95.50459690429264,229.04884096672723,13.00939654039459,-1746.9000856443515,-562.6300239705579,619.4613093844671,1091625.641393415,558322.3733916236,0.44130568448950713,0.2505177865270655,0.925004815336984
98.32233323790219,4984429244.4706,-35.749153410098714,229.347090531218,115.81500818947346,18.237104213541357,1258.5931282980482,-679.5677886406534,546.5666012320003,210218.68782646253,545007.8966925356,0.6089227669421039,0.1617977584493128,0.8783888511905592
97.30900834441145,3887153649.0513444,-39.836701958263916,280.179551439268,60.53196736096348,12.349906727088552,1064.4880093338393,328.4651844916875,774.7910848626153,1050673.0979988943,210399.27705052838,1.3787481994411412,0.3156370011432842,0.6076313708906533
100.36787841244971,5998745502.626751,-36.82499626175159,81.27676564332008,246.46096426762406,18.126249099816956,1516.2846099010312,1025.2428680092748,674.7412577231607,2587428.126799372,415003.68850546377,1.2508637964375777,0.2786794930636374,0.6155015667592867
107.65660422563502,1417749606.8431034,9.71843087632493,139.25385372884017,392.20999379671383,3.4012491576334334,874.4920261573648,-155.15833821626984,751.4156674166413,1393857.282141489,257027.16864587032,1.4077050405233282,0.33264420032275516,1.1907129994300623
97.4532279888227,7860718395.830923,35.98393299059144,65.49289056573508,256.5237012240909,4.566042160597744,-497.094159024997,-557.4536367254784,336.41632330163657,599359.9757463296,575685.9019764543,1.5053199703853528,0.20013246781871807,0.3225338118188991
109.65199611312903,6203658833.706258,-11.975010206527543,218.06382084057734,190.50450557935375,17.162389357554098,-587.405971917982,-1592.4887911276376,440.3059914945875,2903636.813681872,201761.9543115194,0.5037381749795542,0.34309985842286783,1.008115090556046
1426.040059769501,4506413506.682573,86.89511914575598,295.37250648311885,247.28282685271196,16.59431615806237,122.91085194508946,118.92181228234313,290.41726533121715,1804986.6239486933,484451.725275987,0.37623250521619644,0.3114699022209458,0.764339666594132
251.06449866878182,4218011619.7627687,38.44897442381554,212.87097393510413,453.3437186612941,12.254796583319026,-1091.0642607123496,-499.4992044485457,739.2366859666781,2137901.8457962284,473821.51223467995,0.6383244220639568,0.162336003191249,1.2137008656439165
135.9744502036169,5128390379.342412,36.633449807591916,293.4907475766539,349.39091762471185,9.10393233331565,-179.1482000776973,-1465.4920429010022,314.57853859755016,1520500.2820102102,303569.4433409997,0.5732234213462478,0.20407015506782766,0.617540673120357
98.23620431782862,3713991308.6315684,76.91566836507349,118.1198768211754,289.84777481267366,9.714909530752648,-578.1816378250742,1249.0920536617132,303.54774819769165,520944.8112561294,470771.06955963775,0.9173666530034574,0.1505050507403894,0.5694887075531545
97.77776266839903,6836625472.793009,-89.29402699311467,80.69326316119081,367.14139301594327,7.159348810749705,-555.4589993725378,-1638.8935679534907,472.63602577262395,2176010.0685210624,535598.0928492546,0.3405595112737687,0.1554296664901225,0.7153431854005906
97.49813416797508,7513749117.199392,1.7730862807233336,211.16919070684617,89.09679228052966,2.959689339273633,602.3133480475294,1219.4469397641105,687.5406796349755,495921.6322445134,404305.0946980348,1.4571114863713837,0.26768111659673854,0.9401901244479933
97.07132846221378,4096878948.8676004,58.489066596974425,71.98121830486451,130.25548421347224,10.063658918058707,-464.5797636425716,-1206.28818508527,592.9800268362953,1090576.0239331936,223368.32342603718,1.0049440169455028,0.2671813751149943,1.1145750878444425
122.46115984717154,3478340001.6011243,-56.08321645589081,151.6948436555176,198.72000620058986,12.04856048193065,-1136.4722085466487,-905.5002637614384,731.1748676663144,2700784.11076427,296786.8902856535,0.1019082479193478,0.24456883771111698,1.1198996782689474
101.57334089162288,4909350076.845418,14.994974784097721,131.73747230243444,304.8577238681596,9.025324294125221,-582.4131934182901,1469.078140873302,507.7048237767689,2502854.245717957,301876.2414476258,0.8527239506400813,0.21075886366480945,0.6336806468106353
97.4031729121068,1769530609.4704792,61.99279821308099,136.39352174347357,62.53667606010339,2.657830850239997,101.00208513081225,-1140.6117006472352,735.362334758149,2686289.6927726665,542965.416562276,0.8361159589373143,0.2049601243864495,0.5349908358299643
98.75075824157592,5085256744.903786,55.468949387126145,61.43865504674565,237.48947647743378,12.630949142038897,1395.684940489532,-285.70103278767215,545.4745103679761,2805003.486589094,337629.0160442963,1.5289128251966317,0.2794528685846407,0.5305657244860348
98.53382224258893,4724565223.193989,-10.720280349843748,81.421928484849,105.84250862984237,9.421496272464397,-1251.8325755392116,-580.8236417565529,563.0608603023006,2537990.726174485,374443.8277318468,0.9535100691506698,0.16214890762411202,0.32579639768409163
104.47803618888067,3659142644.3200917,53.58568910652926,206.1602328277814,373.71255055143195,16.24436997102537,-1620.408679514589,-1575.3813809773576,740.2632934852197,1802952.9741319746,365895.73035059485,0.3183021222602218,0.24082415361310974,0.604757886119927
127.54052446783122,2382954810.4669275,44.93618529478991,58.105475426672896,268.80461404747246,10.806102199136522,25.395450354669947,918.4053497669311,540.4448602040507,2111967.511658984,535066.3349593396,0.7721762071806951,0.29752174295978384,1.0706948666407987
195.95313011005095,1685330751.1646218,-4.108473278202581,265.01568410312643,283.35458096007824,13.948483927497534,1316.1708070245245,-669.1573352633147,743.3774046498173,2860559.6975406082,478128.6330542256,0.791220832419325,0.2758809722026232,0.5602979567794011
117.56537052876368,656524759.1581215,51.136588288034716,228.42486875478994,311.94833815831987,9.986122664824048,-1011.3938539291454,-1473.0721712722577,720.6619683503169,1088502.4164354857,232314.40900621144,1.2732470853727293,0.1608468464427666,0.5358399256733003
512.2445409466709,2302583125.5500846,-8.314863708228089,97.3151341557608,242.24163000174354,19.969241345819487,-1.7839251854813938,745.4925698222037,360.3472737608262,1909481.7989588364,456225.25968049024,0.31972640139524466,0.2708549590869702,0.7756734097717606
586.0618874064846,1301472857.541305,67.43289597135171,279.10656869465504,333.5838739520271,6.569218823090398,522.2798480426559,-658.2758774129961,589.3531819393535,2005717.6174411858,282392.9736467067,0.34467401351259974,0.2947088527733742,1.2594417918171277
103.8625251908423,7158155977.32821,-64.85070757650162,140.0003582258611,179.06270335125816,12.450352732505984,-895.8897505656793,313.787151673077,561.3867386671924,1754006.0843487002,514872.60181138414,0.9587958323169309,0.3457119281660345,0.9670949456797386
98.91798896264403,6731703757.307927,-6.239418864871098,69.09759540185105,299.5332304923502,14.328493827404039,-1298.752552921268,-1469.278609081648,612.0835560985186,1945418.0646162278,344882.0491412239,0.18553459937875863,0.3240212751411343,1.2096766256579503
188.69835900899665,2837871076.957903,-60.524350526982985,257.3407443399186,54.65452475929938,11.994930465185467,-802.2244502750136,-529.4482217295827,266.1039983079604,1967752.456670114,244644.92635496444,0.6001941454921554,0.16794825546633774,0.7194233933019458
84.6125743766231,5191701772.968018,-37.21434664297507,100.11496986346015,167.6662635935835,13.596107310678722,277.91974485820265,-30.791401667420132,537.5585644393348,1121473.6649405942,287529.8641396978,0.698066823559509,0.19287598064545802,0.7647597142143294
88.38730040870577,4020780762.509606,-76.84752297268277,296.5095788220448,50.94112284751004,16.553238992271787,-111.88850633843208,-419.78378081183223,645.8697532797627,1646227.0898074745,297273.0398728688,1.3644215167860585,0.21015194251032793,0.3528065510767546
88.61399503539283,5461806405.424396,48.98590366738276,226.8561734012758,156.79752565900804,10.376088295381658,169.2671995870162,-88.993451601061,640.6958036352466,245614.41626753903,296027.85426831053,1.5435149615738573,0.15820987636159758,0.6827262604188858
100.98694653716494,1676673401.3098295,34.90884589277016,245.53482476992608,155.99702854577495,14.873111483914881,-1543.31281957299,-1713.004203412363,363.206707930103,1574202.4396207419,456599.5609189749,0.7593033348617657,0.176472777371552,0.34701606499493426
102.2112832999848,5713010331.163929,-25.08387548653208,155.0252144534613,162.27290238060846,13.02063461568013,-1121.2345826576466,155.04599889364772,627.5181302388778,886807.7168704466,403350.0560107259,1.0873804543604073,0.3103178500373174,1.191822606466991
97.64862654100465,4940339283.793209,11.202071704975282,246.34662401910063,154.15651415254882,9.856798485967332,-912.8625784252151,-931.2616233260546,643.1976739203899,280743.2405708067,380501.03475824394,0.9643666678511074,0.2786480715850851,1.1194833398670117
100.22754585442958,6486080351.966364,-57.06043120489568,119.67547117202815,400.0294087704685,19.857796504805265,-1155.568312531254,1684.025901676172,346.7504796500843,1731406.9768900531,244759.01848385908,1.2334483953215634,0.19063682259644382,0.6927844102020715
98.67563033866467,2093220834.452881,-54.62062386962973,74.02024761705424,91.75275908066567,19.50373934217394,937.2538457032961,545.3313979900468,549.6182520524683,711607.1506754507,251323.9011781276,1.378865038470488,0.3185607995812294,0.5802416182601471
98.41192741977714,2857992589.951681,-70.86449074240403,89.09651987463825,309.0798574661728,4.747780086133879,-1278.1844688882475,604.9018129240148,695.1400117848049,870772.8998586708,337536.260351826,1.1553374653407722,0.1984938956386915,0.6366439040576133
153.28202855533112,1103868821.505908,8.096960523867622,287.5126518924002,252.39552432605862,14.784703311571182,800.297875245587,-1652.3333642138386,487.41940328635843,564189.8741732787,305494.9376985576,1.4079373980143202,0.18053684687753674,1.1403810633525722
344.88502524600875,687376961.2426543,-10.301016134312448,179.27658853425558,61.0626818206117,18.145731392535488,240.57295935713455,50.485357280387916,578.8045362955445,846031.3189917641,452416.56736981997,1.034688899099859,0.30329481231185496,1.0605751640903924
97.70725834339207,5147987631.94618,-6.6247603399462776,88.94047796066351,307.960262477898,1.062543859047882,1208.9654199342176,224.57706415443704,427.03528025469905,2267880.8125270056,336673.3221724727,0.8589056297193306,0.21954025150898795,1.0991883217820209
153.1126485420449,3172084155.902021,-60.95110285120376,80.90302453230808,439.26290737965763,17.39648681842275,-622.0685573721385,-354.03797432436704,633.6946700647745,1432570.376210622,374573.84555051907,0.7801735373837034,0.2545489188068804,0.6718941254810478
240.8659282757803,1961407190.0367558,-6.192250416578915,261.51984734219565,426.3006609835642,6.124671809137698,524.2387494220575,-1025.441725042198,472.02819659182495,2423411.700785417,296019.877634739,1.1918424970055221,0.3183884650998947,0.735947696110099
103.30498275685986,1204001659.5853124,61.417094498232046,81.74188355381563,341.0419536016954,15.798744848712007,766.5850784480681,905.0997013616898,318.57342201888173,275502.56226887344,320923.658911278,1.11343711515525,0.3326743669892327,0.3281930825164742
96.9857783496109,6745463681.577994,-7.894510917930418,214.34509196444787,264.2793332112451,4.8016221669083015,-383.4328954251389,-1332.36018032193,708.2133303581522,1314773.597531679,567436.5748976171,0.5768975166894591,0.18005091996487432,0.9668566184822898
123.41920257560734,4953062294.873745,0.5403326239533044,295.27151698577416,420.1654759706372,7.760385994853055,1558.2946486391197,-737.9032941557987,753.3182191397921,2022182.8088362962,539543.9661143997,0.16771667013381722,0.17965890477093768,1.164121393387592
100.95772588322387,3381682587.99287,18.221559672288265,238.88873826422753,203.45330006027848,9.649506875110992,-1545.5054959621964,-1225.2967566104003,639.5543949890007,1874630.608316671,554204.6412457915,1.0322193732144749,0.2619237634764312,0.6486290225441687
97.93462023219597,6050233853.109807,54.56435636674345,108.02572478290438,133.63075965602346,13.335086504733601,-833.367159194854,-179.0735503230237,734.3212223086904,931198.4248662103,323525.5145807687,0.4276695229764569,0.15031373992768723,0.9094233338086894
97.16372808290897,4210914892.9505205,-2.123896320127784,145.65315139792062,205.9594691070974,4.5769857268538745,-483.5745899830788,-1274.4350336748555,630.1943350357594,1227466.4554569807,379120.9697787325,1.0293069240242698,0.32679510864973293,0.36362766761945403
122.58560554061242,5791307982.061176,73.65497564042397,210.06485735313066,303.356043155694,13.418882388521233,-64.92396541814583,640.6487909232551,537.3092292586912,980983.3828190183,381703.21715127694,0.5847268774801397,0.31821305129798183,0.6062595533031547
112.15258125633298,5020970620.07346,8.21108988446035,211.2014161762089,384.07887212890495,2.862019687992837,1061.3307972375378,20.701851157457213,360.40960361431473,2304443.5011471175,494952.72391367285,1.4606576813584937,0.30194856624258115,0.727028358781951
97.48389749791588,3280537357.181529,-57.80649099059576,129.80595515336046,467.6013959727371,3.4235917560168545,-509.488406987904,-1642.8399093886298,532.7560368098776,434721.87596124865,455966.25634437724,1.0039044623098226,0.3172693308627527,0.9830554582786882
148.79923359503135,1194024841.5682876,88.26831637421222,290.1223455706353,359.8186507447215,17.394703708047444,-1731.7361763860708,-683.0606025121954,720.7922626052926,792971.4254588673,538567.6819703284,0.8301576862582966,0.24280593358177022,0.671587615344334
377.60447111680134,1983954596.5330453,77.33679147754404,285.47652359290686,299.79840089906884,8.206786170967817,988.2183916259578,91.36965516934788,637.6155630553417,2386322.4846157297,258189.7934151866,1.3752343193955032,0.2589046535533955,1.1328642637566122
97.59344361949603,7281357264.3961935,-25.116843680224378,271.9203795380559,235.71146503207174,3.469456370538823,-848.0291316673165,705.5908418323779,645.258702523723,1189225.5385981374,576296.7205511944,0.5301500753620132,0.303081938080617,0.9806360018120492
118.19895120624409,2947835254.5463696,-48.18078252409513,244.24903827233157,318.7109415873714,9.28584803147211,-711.898444973353,72.91500111479672,617.6740149075711,1886466.0457665692,480183.92653573153,1.4372649526655976,0.22208150394534626,0.326369631316767
98.54746495109576,6186695936.290637,-77.26734351471653,292.35059248925654,286.2823055060514,17.110498440069225,-510.4035301165734,-1633.8938624940774,712.5899201110153,2394236.166797363,307647.2576812477,1.214215748846831,0.3450630174563919,0.32318542394183936
100.0839319343058,2471525042.2476463,79.92570198562021,169.0776630173845,115.45406969023188,13.973346752467531,465.2596930712534,-1556.9027147771358,774.0910371134268,807337.7190952885,534141.2661906802,0.3469145611701526,0.15548991623000835,0.8625919602591152
151.99212662749363,6197908211.907014,-85.57523341472312,297.0118044934669,431.72759950553734,13.09191047261682,1372.6478143021673,-109.66992413562525,708.8496622698901,1833808.0606014773,523234.679752752,1.1719794588072647,0.1647155834361095,0.7878136585091098
98.84866712516245,5633476526.295328,-35.17281108358976,175.60215600518518,71.20785592253479,11.248301783547353,-1496.3876930690833,-771.9120652369378,270.3376713812218,2015506.0553391604,222593.9468406524,1.541178267569988,0.2337614355989557,0.8018952029856732
647.8858625686785,748145352.809303,80.32307113097303,103.91858186977544,402.95669296099095,7.610041911591114,-122.51674954462601,-700.2437984505073,448.6173489084787,2474657.767076622,375012.82108764513,0.271352339385171,0.3287648917631217,0.5918972694491217
195.59291022555738,4718593638.855135,38.60784476806538,140.55956841240408,283.3845326075667,16.954440553448684,126.52761249765558,-77.99824536210122,609.7458709891525,1308835.1691834868,461804.3453875807,0.24816347450310414,0.2859735744334315,1.0290721710175121
100.19179054889759,6994132483.505157,-10.48575334732756,107.22965725409351,281.15428003781903,1.9000132329035613,-1159.5500639341617,209.34752781670136,356.61724056586763,1573129.0045486642,386530.7035456354,0.42387657119035516,0.2559294363589715,1.1236673068585394
128.14424572010313,2253214881.695606,88.67875525942975,167.12275197309583,460.4162218391165,5.93557893641269,1588.1622311165643,31.87746206691986,306.80286925060034,1124810.5307914033,411887.9124713051,1.217477391837643,0.26851382049005673,0.7928655213186284
131.45823069295759,4263704050.640887,-26.57828861123413,254.51468217750127,444.3508405881618,15.76921460042687,-534.8050393392853,240.35498582194236,528.3663694232182,1462491.3600915992,337232.6440311376,0.7944556667769238,0.3437974011348761,0.3735302865241292
97.80698354437334,4283337933.6770577,71.73225252365935,127.46944501462875,245.5359778178901,18.183735617974143,1600.857691456716,-336.0035051826753,674.2912982379999,686318.8554889146,416588.4424604807,0.9620609526669451,0.2972876107889395,0.4007471895751762
97.35947303486176,6496946354.068301,17.91112090127379,186.61864540812286,174.8596915872087,1.3647832429816364,-1294.8216409947177,1403.7571352723685,776.7843441695692,1457981.797372855,377231.1035479406,1.0070713622918794,0.2513780948613,0.32102644896865584
99.44549742240099,2558478886.044195,67.75243012118676,73.42268836819872,371.95560064948626,6.295538952699084,496.987361136486,-1615.5149908564058,325.63494239247007,824337.8604614198,589673.0655885157,1.4204620293900532,0.28049276688724883,0.8374588827670533
211.24080307269918,7258475815.373525,25.060165183224825,150.76887263525657,325.9439763682916,18.396618085531717,837.3625287295313,-279.95451586778586,483.83791276323814,1332716.7983310067,342707.8055857668,0.49918233837437,0.2191107191714559,1.2705960008434314
432.49738412002444,1509536214.9123445,-28.00695248191466,243.01526572365182,120.61425970881618,4.456760114490858,96.83040113706056,-759.1324037016175,269.7255146764044,1979361.7596492684,335698.2002911283,0.6044150811394994,0.22994674729562292,1.198840652787449
124.0771828841158,6667081623.045529,-3.5247515342102815,282.45050344700905,477.92644584516376,17.407571453226446,789.856514812735,482.69435879747607,754.953760811831,734314.2028128993,367403.1635220424,0.3062192876697576,0.31753335053352394,1.0581895791426499
110.52824764732232,2331760436.0908437,56.76047961719547,168.82802971254338,190.5869142843701,7.718323819197977,-914.2311069721546,946.430243861183,316.2690221884553,1989653.397093319,467495.36544932856,1.0770697505433673,0.18836739568701055,0.35768287539950905
148.31387988575648,7720350020.943542,-55.94509928714011,277.6573697924913,126.40828141405548,14.257263221231222,1021.2830972686179,-48.56973149448527,588.0692634501495,2788593.7340309313,539828.5489937575,1.3921320343827297,0.22896576234339733,1.1626527911394904
151.91118353241762,2650845421.0070844,-66.41856562691594,162.54626744961396,454.17493894602904,12.212795641873651,-1698.2169797298036,-18.502102861159756,319.2632890428787,2271259.1281244103,430748.536531677,0.6240719063195833,0.2612138945834845,0.47075927760458275
98.82371561716906,7830769065.080485,3.168178979317318,175.65952046290766,173.39730404498175,10.763965393217239,1265.5067134214205,-423.75949582270823,490.5676032026738,1169167.4833559215,295959.76219537697,1.335276140831116,0.3252322540586473,0.9535894473023802
97.66993238321558,6492727301.577303,27.775325534685493,239.62945340460843,117.74731701436859,7.432180916416366,352.8159584098239,680.4029571666442,727.8788452040329,1486418.4379254377,530125.3972794265,0.5706165609215111,0.19798026090994092,1.1423958051010588
97.6297978047611,4323617333.623475,-41.739498242979934,86.85473086562857,235.8311588906167,5.7411190171632995,-1831.3327467044203,653.1950813734607,431.282103589678,579809.5611547946,199647.57259687988,0.7591726895808729,0.2114329869648396,0.6350229171969881
104.3181882515462,3621249785.2065187,11.109422881944255,150.15156794128973,238.22836216490137,9.912827834401568,632.0188615334296,457.22189728475405,483.730875367364,372184.5636391708,448443.4323843245,1.5961421381464107,0.279841522208723,0.824955791856116
583.6292179229027,4228142686.0635896,-34.397318854554264,257.15830965554505,275.0789743692299,18.849792084309403,154.7420326923957,-513.4718537080435,654.3745890119883,2330471.390059782,341975.8238296412,0.4845959863620075,0.2903232838567071,1.1113150545488129
99.5399877076162,5828863116.411816,82.52794347333833,143.30220172476464,377.5792300981797,14.140883145637531,-1774.1383230894266,880.4682492514398,300.9862357798198,508382.95704901055,326386.2369829683,1.153938359349569,0.2491727558567866,0.847500360489501
85.68903122369319,4819786517.337035,-6.66384906002142,181.1409038526382,311.44709634663303,9.206727956616009,-128.01594068538475,-66.41167356875303,622.3142641886977,1900026.3967714466,206934.72862732722,0.9749484713870854,0.2933577812485863,0.6424374444026448
104.54818618695089,1383667184.6092324,-24.885055775612003,184.87237258608002,383.8840827594614,16.10837936585477,-1634.3233876617583,-1129.265144135286,413.9761865759563,636935.0870587919,318320.90974520694,0.8140725412693347,0.3114063597991308,0.4238468168560426
111.73666724610366,1462185651.7350008,57.3445377382765,52.937323104450826,235.09882014716666,3.1802191232563883,645.9739118318566,501.4439364495397,431.42689456663544,1149002.532508601,433806.4828548898,0.7718553771715965,0.2634743035531043,1.1264710768341613
97.3648574628253,5901828819.051003,-76.75949622978273,127.3865543822953,242.89280443302601,4.938666362824777,-1743.7851605454143,1655.7951864481151,717.8746394614635,399070.9339051121,252004.1316648443,1.3130553088832484,0.2603757502082294,0.4734995136274589
97.46331273272804,7435068955.865206,14.536100005243057,53.06742124705575,158.65124024380236,2.740015492018708,-1040.2734317113845,197.62312494767912,746.1492391200431,1529214.6314942476,362221.9441423968,1.334893185693549,0.15077053316274813,0.6837723466469408
98.53371235026651,6990504680.75464,-19.229769555470284,203.06847841694577,392.6349852845342,8.170205900634961,932.2157628384257,1197.5178940268356,362.076318300897,212409.42398899948,236832.28692645993,1.017644063118732,0.23407145829648152,0.8439667258604684
97.67496475310435,4544018518.643171,6.807422556630129,82.82856940278175,190.73652357896697,7.121054351597189,-329.45247431211897,-1589.9490752941228,516.8729046198423,2124245.3245829134,527363.744681952,1.1188494305747299,0.23366676406178943,0.7209051660865746
100.50630326516685,5162349531.437009,22.37782063612407,101.8267845078654,480.51402052367223,6.65163444571467,292.72404255884976,1622.4117820061556,642.6141963617747,2038882.6123073096,220492.98754101858,1.5393499112084466,0.253086915331335,1.118764946535368
101.91909984406024,5483406267.403917,77.93523535782833,203.80438652191188,271.31910764260965,14.064359683121651,-1731.0660371067734,-1660.1831508444702,404.38416098284324,1889528.0013163064,318069.51006255054,0.9904138937847354,0.2289657984152086,1.0019171144658063
112.8191648054059,7717284862.257734,65.96740358889639,297.2397462613447,437.08928616316183,11.788556007939832,-1440.5188766493386,590.9398654702622,735.9425804372784,2101988.040844733,395016.4115768323,0.2559562195436702,0.2778910821691757,0.6152761531311843
97.82777129236379,7452186361.170963,39.985243388612446,114.70525934159332,393.26698816811927,13.849562132589416,-1624.850238615057,-1472.3768409905506,372.15819987882077,731433.3199883199,583298.0411940103,1.1407888869799403,0.32277076789879816,0.5924652954942395
98.53721524682635,4986636212.512528,55.333109954477635,258.7566048801559,240.40734132572703,2.3177889107643805,1256.9991767820702,21.33327305698913,687.1999003027715,3038090.4979529604,242516.16176548685,0.457440241042952,0.3195617207642738,0.8802258823805696
99.39282338671858,7202472421.631953,15.156964911413539,263.388168781441,174.34007207378812,3.6466529619007786,1221.8632086524785,-1037.1901134552784,384.3116935261742,1776712.8052650483,224399.9163273301,1.044075109498231,0.16879628004359828,0.8348659596591175
99.5777597576246,6661149409.70772,-78.34376278741354,224.1651993610689,406.245193125592,1.2957358752935235,1490.2465922735605,-632.628615326282,541.104505969015,3169856.278437282,587197.1216879088,0.8400165560943517,0.2882177647962267,1.263930823016517
103.009591613717,3015119880.888677,-74.22284670211323,267.64442746873107,51.60005620726174,16.89549580187245,1314.1093709375355,-931.4219655393114,622.5291120995696,2651410.634020376,364792.15509363246,1.0403920158535045,0.20184105643236622,0.47442970718042277
510.72780432142775,523777024.08111274,15.269009895845599,79.91417553823497,417.1611636329546,10.738371276906292,881.3059814963249,-874.2122249137668,307.5505163440315,1968006.0642244997,553043.9827216369,0.7185054510508523,0.28072708394451096,0.8051587336617829
104.82269572084543,5330517307.034791,53.79983982650941,65.10606375574334,386.7286376434735,17.98064184829913,853.2710949998723,1562.7243884086142,453.95488872696376,1556780.4889224586,488760.2632378248,0.3893049734660986,0.19486902560737168,0.7474036321304642
97.51250394287163,4594344693.772577,38.06083203057713,129.00773302710792,268.43329638165636,6.985914784534029,-691.7805149714268,-1622.2667068964747,677.1928606231094,2158284.5138594685,438868.3544628788,0.7791543199532902,0.2827981184449192,0.537554153024898
97.38725074016624,3532187288.36089,-78.58044645104209,59.98989832635719,52.85562737150127,9.349466107489523,1458.0423621042532,-1348.5920055923684,619.2958973560255,474986.2705789553,478292.1464766466,1.5371569267343552,0.2771747376835856,0.4405424527995817
97.76915438437027,7228857361.062885,-27.76214712935642,123.33249200510461,88.36530482219732,10.595605988962669,-647.7486652756998,1147.6023637976477,271.1440805474021,1025590.805140842,541342.4606230942,0.6272342137188301,0.3063356012991725,1.2014577580567587
97.75973172950557,4694669899.6398735,46.21494298425179,208.2549665682794,239.1909743987402,1.759936521455221,-1501.9600717420433,447.82742870641323,441.7172364290151,1055864.6346298596,555526.1045479708,1.063303826014544,0.3166608313083019,0.3997292401769856
868.6057557732747,2064927108.761669,-35.77577867896858,225.80077573302682,413.32388471918046,10.6765960342024,731.4090251825596,458.36267380861227,484.0465194975567,3018970.4978320575,586440.473564513,1.0693055845656567,0.1709016051511106,0.8590672307364521
116.87586409831314,5670365441.049439,21.84803413490708,161.32150426807493,260.05466325303775,15.281551072385891,1349.8566121111426,-1288.7501785198642,575.1741881129593,2033432.7413546983,246162.99250013032,0.13041658361643824,0.18846996928746865,1.1111936854695452
118.846785660598,5750057834.099018,57.26039676435053,176.1962979459435,164.07669644306085,19.760526192375412,1594.1544289746134,-766.5014585434424,418.72236126081134,3157131.323393418,555420.7765782238,0.48492399033092026,0.3205892159970459,1.2697002300823
99.12244980953287,6690855058.19736,-77.88963823365683,168.16548402443095,416.75941482055833,1.379066458546474,653.1988743924267,276.3594855971344,551.1050624153727,1844086.2807032315,408227.8386666228,0.7871025728537498,0.15829061464555472,1.0675078247695624
306.5088640626917,1738719141.2231097,-7.45900426455097,266.31043829222074,182.81202978768948,12.238870084402716,202.9125405287018,1440.4921372693439,283.11251675985164,1930862.9996149128,420414.87950019276,0.3521792855082486,0.2177033960600984,0.8324000360063464
278.8065824046727,3268152155.5031543,9.20200838850944,273.29637478991606,357.5114266946647,5.47248007863898,-691.6352092036568,-408.2496807004079,400.0264272952211,2544462.76492856,441135.2682910636,0.5090359491919225,0.3213802331392204,0.7910231613217793
112.14397641316877,4584011090.348371,-67.4333664000211,117.50606685062269,478.4977214031231,10.994357362525344,1481.5989587873464,741.1277746358719,654.1742354124344,2616001.8075472806,214224.63820629538,0.578575391646815,0.30112932655796026,1.006778260295679
111.92489481245283,7943376085.579199,48.24548272896635,273.92364296918595,190.04272491485708,8.815717595107905,248.77868207417941,1074.29604673543,542.1821613754641,2183332.288347845,464328.33238895866,0.5504404737379757,0.2786844230424149,0.8487523251380309
98.8500089463673,4503147680.62565,-89.54680692628641,196.28676013443024,426.0842018783909,15.057408459346451,1334.9921106092165,247.45664826388588,599.713776964402,490070.2103121662,563110.101879943,1.2219505416231442,0.2030124614565485,0.3734915895068878
87.69279819312624,4750327026.745584,-89.59552808328226,66.8034432475574,118.31446624734762,10.145672257284295,268.19751105523073,170.2293852786488,718.8604095130368,2969872.9007850336,423578.6124556891,0.7067804956953888,0.29783889111990636,0.3382086270017022
97.67433994154099,7554917703.586362,25.769529491506034,59.22516882890962,427.09050918901954,3.0838092628893654,992.7906630863545,1479.3138537697105,713.4500600043289,1242003.8911539484,333920.72478532954,1.0489787310013443,0.3299091342222079,1.0006736109279766
1293.1337750663633,1187308315.281632,0.529782080890115,98.86708286898647,308.2927615797947,5.952611561140717,-366.1107719232091,399.3301730371227,352.9112367130438,2759029.9613140095,312869.56066136615,1.3398795990749148,0.17823583935298712,1.0050769968721185
99.30820966437192,6466399821.044623,-77.20032653830872,184.36405522232482,447.2875550036991,10.563896799761995,-1394.6098539861525,-844.5403274243865,339.9436970923083,257448.07901346317,318071.4965840056,0.4452330104591148,0.29636294989329226,0.9205331713139775
98.1838391006644,1993302924.2442474,29.824088195806837,84.02333874542902,75.66663569181506,11.870395190620103,-1309.1518831743088,1249.6855911642642,438.83610933554417,1369627.3547654669,274416.29819906916,1.450660444596886,0.2620313263319449,0.922113503570329
108.36150979765489,2393191596.553897,-12.583779504227024,125.65265667267026,365.5273781115344,2.528876437028194,1381.0057975338773,-1007.8243262780687,411.34813304801446,2488846.765164822,255353.37756387627,0.15881700197034496,0.19162166302889205,0.944907926004748
2281.6329874977314,1159984669.9242384,78.61761380624034,246.36326897773918,471.9036854067266,5.981971980219078,-338.7703605568629,-114.324743918482,386.24894013045605,2982070.5677537126,547032.0671491763,1.1801498153207164,0.30947616939261724,0.8889720276589176
97.72588743843897,5905467412.535613,85.3492753577429,85.53904311960868,129.19106774991303,16.046761767328753,-1817.109250437182,-1435.8398316613352,648.7487141901772,903857.565774059,499506.57861120417,0.7160876129707281,0.25549490014404885,1.1426916159996967
98.51897134185948,3513161148.929299,11.855007654847,193.58361226576264,275.7113626985531,5.000228992879289,1529.3884617054464,-1486.0558929515082,744.1359251616318,1121173.6021503063,242804.19597965502,0.6365737080541061,0.33297877654823116,0.9431469701215248
97.65172399087041,6023848134.096562,-65.24682320557179,233.68070308145084,74.55258637513427,14.793307286551821,1337.452182859351,-770.9587435690814,645.857524203265,216936.83517673094,484944.11507515085,1.3539438339550063,0.1620911696674662,0.8748266904742903
107.4070125629158,1852753430.8419173,34.850565577010684,126.24599808903648,259.87827420072836,11.404243142027353,-977.8077487573925,914.56318082391,265.08261969134,412668.2801464861,298924.38836321974,0.6689383255217858,0.26745749237594985,0.8784829913502895
99.34321898926943,2720207209.4662066,60.80541017446001,133.0333549492996,254.67231227483725,4.127594642725343,-1161.268951982389,939.3071338293125,416.29363495674477,695748.9584213886,442692.26612514455,0.4004089165039344,0.27082734554556553,0.9788927469516417
99.75542196298484,4898420068.7016945,6.215721596367928,299.7125395542572,115.75076246525862,3.9818721051775845,1066.1249444127748,-1649.5920275776002,276.24858906797266,1588665.1097215388,336409.3968700138,0.29925418198516085,0.2559623924813439,1.0164782166131017
215.53850760812338,2870371999.031821,48.97926931790184,189.88021037229592,378.4664355021128,5.074600593460117,-213.26748391172964,-744.0076034062557,276.27046331799426,678754.3497887681,282066.6478565161,0.39012287161724646,0.23787206366598862,0.8817487240562042
100.43736235003702,7382943891.254771,-75.297148861869,105.74609929211942,237.2895383470881,11.638944974974212,1306.7189191798307,1560.29776847422,291.05991716764265,2339194.133769266,375791.10919546336,0.16942414884862148,0.3335891230870018,0.8460963765897078
99.20261672875607,7772805171.967826,-14.635916490726899,62.26065346475838,72.55982474866912,15.475261277437738,638.5175381714298,-769.8746007325011,288.71913821145085,521253.9409091739,208205.93594282004,0.17819424936316516,0.18626372685689588,0.8558117314418308
106.98238300307928,6938368317.746415,-81.9835528935067,210.26640916789813,309.607976579852,10.11276657496578,-1428.6367636590187,-260.841524626876,285.07350025163055,1092894.7712713336,581555.2314738962,0.4188515715579495,0.2588174182720406,0.7091825746446132
97.425769359889,5002343193.466624,-53.14036279530151,157.8891666043407,141.6425696748554,8.236898102173605,-1662.8217944127832,-1465.4234945125584,413.8956573566496,251959.0841355524,257112.5378036051,1.565912972468651,0.3083763430462596,1.0744029910139377
868.9307831240466,996293173.5123913,76.48187634670597,242.85392583059414,140.41048980270236,6.328685252140761,183.24876280921717,-469.2339034365382,326.0963634821237,2078549.8829207157,249368.98995585757,0.5973241122178059,0.33226885475504714,1.2044277030504134
106.10407229071548,790087608.1748302,6.873947237688682,127.14642982558395,72.07182944553806,11.617680362369807,-5.655489614674252,-1642.1986240576541,631.6856163801722,1494553.8908812555,589361.9745359612,0.39566615797672655,0.253079506949086,1.0986521335634447
447.81720709343904,3010683650.6677175,-63.09342781500965,222.68310647067796,444.9102236719994,13.847845725342895,943.0928884170421,14.319262778283019,520.4117027598311,1532187.8355787373,562532.8535175163,0.26488186624678234,0.17756400029511848,0.7144498582601351
108.97872388662044,3447004640.4388957,89.0901382361941,169.05207536732354,353.32570640126664,17.003389058417536,-1722.6405035062503,-37.0237842585334,603.2531512119647,613112.3974156848,427833.3752972294,1.520135335750677,0.26321074094398444,0.9579617125991058
97.4535222160506,4239682229.4281883,-65.35657765747304,96.3067324924371,80.43075134561913,17.90352037446251,-882.9765459947665,-1406.6736808434098,303.8490334604057,392100.19373959117,405246.8962114159,0.1354157077072848,0.23105867456551982,0.9005114949651011
132.32410138126,2147315983.5724893,16.553566957520204,247.33610664484635,223.30258509147947,10.073769941294831,-971.281589563563,690.7713056779767,552.7380083523827,955923.4375943639,481510.1880201944,0.3322839608916992,0.24420690253300364,0.8159331420363547
103.17075718663118,4516227861.120075,-63.23441116679876,134.71853960063288,460.9648537862072,5.926521850310332,-583.8286972748194,-476.11338517199647,423.5285795730968,551902.3428692531,386820.97975810047,0.13911604479740605,0.2730483080869529,0.6127155362864298
98.45468454783347,7541856702.437521,-23.864269104327818,119.51025980021464,410.4765657278052,5.002719901507181,1479.2351991700084,-1624.649784851822,402.5690987221035,2402396.578217173,199227.14848585008,0.7538175992323074,0.3369379795843209,0.878671724876516
97.75385324406649,3865314165.5936017,27.228239625964306,129.6044698977363,236.31436265572222,10.263154375948186,-1361.1004871258708,-1084.9581216461988,763.1975972879059,304792.4157768529,273009.65818378946,1.2157956804695602,0.21857033455306688,1.2701988230732266
115.80404945539561,720568509.1324993,-18.61396209555504,60.498269854144816,302.2676505359842,2.9998231767659904,229.6163021063203,628.9076627650379,462.91951769592384,1470549.046113633,504316.9765669863,0.34139352508941223,0.3439156528876353,0.8623809834045708
97.699671188052,7263077140.602014,83.55037122423252,195.40537808625663,263.4674926961377,2.5415706036999186,-1334.4548759858721,1620.009538127208,291.36681053361707,1601134.1173827816,485780.23911468487,0.8341529814295955,0.15378631415874433,0.9320813749793592
115.44031841283025,1423504441.1805,-2.142681936024772,99.87936133094509,215.897170987255,19.727879833422115,-1842.138583936735,-1211.3313797354024,293.3957783865153,3069772.477415725,418549.9979038463,0.942624721074791,0.1740747111024562,0.38866411956385316
97.92832182664728,3866547752.2467456,79.22103264736003,271.5075413265972,102.11376493705133,5.096434753401795,-891.1925263955932,490.7443959800471,675.6701346179987,1508462.2004274698,296012.133296509,0.711590632334805,0.23561464159367784,0.3962996906451817
130.0900990917907,527356204.6183043,-33.23866733877588,292.2728156186655,255.15790995929316,3.7669102081435883,-1825.9314346111266,915.5247382201364,271.73111403722913,1902959.9835657498,572923.1988767615,1.5685958771123465,0.22648374674942898,0.5074587894833626
99.16618387152374,1765318556.27281,29.558483858176544,124.90618865403827,87.80542277164236,14.147980637794102,-1328.5813493200321,508.66699087346933,592.2639572501199,1160013.8341501583,550827.4669233665,0.3888196071979877,0.296245941021536,0.3427850341915122
97.93571943330215,751022488.3285267,52.32170956966684,174.3908884368546,128.37634689817492,9.761802031879807,-383.2303659118984,-1727.9247416575636,624.1492583958404,613452.3791368576,548321.5708480682,0.7961254372747396,0.27069277832206445,0.4166741513838542
123.04604666319486,742408656.9656045,-23.823928919754024,206.1877425410562,117.49149117573234,6.8608138649597565,-736.8037321149736,657.4031820840519,415.37275999229746,1026873.3796226204,329618.6510907325,1.1410137871954709,0.27446536050537,0.4258703056768651
94.176990806445,7430606347.362446,-29.771563797127115,266.0266193292688,331.4423862351574,8.064781353851835,-611.5610409846634,225.0054290527887,745.8613472672303,3040983.269703529,518461.04476491734,0.8511344590252751,0.2817457373819475,0.5813487222131491
104.4362139366349,995353151.8587368,-28.01607437206831,67.87714589569558,476.88605868285924,1.494105510705508,-1384.145070309999,-532.4293501655629,530.8578897878489,2150451.9930910124,533372.3854800605,1.3177256845741259,0.3474186929568253,1.2762271441668982
104.08895991029988,6563193015.305034,-2.97604486791046,113.92383008553213,259.12671068810414,16.705792529706827,-306.4172405280924,-1118.4196683168614,426.1910610684489,1844945.8300866818,246948.3384201316,1.3260037730283138,0.2814359123095504,0.6511401830888357
97.82564275608186,3899538596.296142,-87.75986037368781,98.41451119639586,98.47431070448806,13.905972822061399,859.6102120924597,-939.5613939393901,608.9300046165872,331008.22753284656,495884.444244012,1.4542740276448707,0.2250759875309486,0.4946099722449454
98.04483319108954,6915533220.37886,44.03374141139247,248.57500288226504,360.9826597170665,1.1028968954832372,615.6895771611844,2.3501349941075205,567.3657900255312,2363258.7852256508,223788.0562912869,1.4099708965817774,0.29410074564098776,1.1400555266269075
149.3981521882557,7355775483.537196,50.85995534290171,291.40832885611644,178.5876253109956,18.29424518747509,-387.3119566567457,385.5142843335584,679.2343028382187,1820550.7020901784,228906.6568167459,1.4007936574446516,0.2382727481681503,0.968395374405342
711.0608112484748,1743036659.9514108,60.23944494401462,55.38575954557241,391.7817943326807,17.013793361266842,-501.37569711623564,922.4597103015462,261.9699291648279,2722135.225425929,243248.55997186582,0.7951862225004519,0.18589934851734347,1.1888428319440716
101.78832611773173,556345504.5313188,-36.69131592961941,168.60629519882448,123.41611165577312,3.6310472454170823,-1405.407444196735,-820.0003895968132,736.8951206515403,2065706.2042677796,260863.99842329705,0.9673443898537778,0.27322011158721954,0.5436150601107197
113.85182835245509,6617616182.6636095,-16.8524259306308,181.077127147596,230.20633823482305,17.92694214960569,-1227.5167535158716,543.2554344685232,446.97067427072244,1169813.5838406938,500194.17686803674,0.8316660468203885,0.16905743927569833,0.6840804608426498
97.48320235452623,7116343058.523591,37.28901388506583,64.8408602449194,229.06826907269368,5.791302090910621,-1073.5712332236046,-1511.1261344662962,340.99256005144554,1231030.773157282,477869.3932839046,0.2696093108634485,0.3338710042283689,0.820407943822842
91.8433809405522,6201247646.75953,-30.48487833998363,241.51309086886482,455.4333562677802,2.937540082588507,-573.1859728656593,606.3638071759447,739.3470265477845,1666494.246401645,453715.2627786823,0.7116281001212561,0.27237372605557864,0.8660606516036469
144.54781107368285,7509363617.997897,21.904657564097306,91.88334627613644,277.2432157565386,18.914612767137882,587.7526380182962,-806.4276625605877,679.0374459051345,2223409.6966857687,356681.41202824295,0.2413290498770578,0.15748432947946855,1.2653658571132764
96.91605545939395,5193463160.634215,-51.13382816256955,116.99681206414043,175.7431652584204,14.600159413143809,-728.4952812176089,890.8986037037503,727.0227231423997,1820695.0390927866,209643.9382577579,1.347295060057314,0.26021967267318713,0.46364263781740644
340.3422561394981,2600485573.9127655,-44.62546816413218,223.4334076876569,327.1660107165123,18.1350403411668,-355.3844220861811,-965.9909881394998,351.333834553262,1479243.5322673449,407700.67929226253,0.6299502694611995,0.2962449761864206,0.5143473595813413
102.68170899358319,3640700810.1529384,29.95724319260333,53.90031196310611,478.68498220071274,12.554650733917839,-1324.2398021950407,-1481.4164380132836,410.5120477196315,1734918.088722766,578293.7044288295,1.4785705343649702,0.15450214834798748,1.1019487187816668
97.37996023181222,5247403698.002173,84.12774658026646,82.65852067767972,183.51641208367099,4.290113529360664,153.03534254528086,-1563.28552390423,773.112499922558,440530.45115664904,286671.27250680124,0.48172554694448066,0.29199335930080444,0.7362916527267049
96.30344063395529,3072261359.3163366,-52.43745782604827,76.05741468600903,146.15843265434256,4.578440599113472,244.21135589981577,518.0341793578,671.986671213738,510102.02710192313,303615.3850172076,0.4579919957051285,0.2496988199621542,0.525861489221041
162.009357131607,2161424257.8058977,-69.93255327569844,56.943395567194756,369.1274382240657,14.010332277979092,982.7691050945523,-452.47921690549947,699.2979285171083,1875328.7679107715,442432.94540320605,0.5970173801400899,0.1901936624711977,1.183176240238922
183.26157530117308,6351041639.7732315,9.06913291720248,131.95245703300515,369.49390537727413,16.009049596716043,-1283.0334010213887,155.15988279511862,472.1401745725673,2402395.071913932,422431.8868653042,0.5204670203138742,0.15926494355560955,0.9518381339768351
101.6285973674495,3046352532.7097917,-0.4924083834069961,121.54806991686394,303.68824478910824,6.741517207722375,-455.263560724228,-1609.0330681946598,525.5761087479117,2446932.8705691667,572158.3501179744,1.1894423162523124,0.2756965091741842,0.8106503859165497
208.06607860821853,660241289.9695238,-39.19647399573613,98.82120596926565,193.4491253964479,13.673650162940568,-1569.4200529016366,-906.0649757582539,469.93867729694784,2948950.0603832006,399912.0731853605,1.1259300103000687,0.31866415742009196,1.0799457498714442
108.65247171004634,2162763683.0650053,-51.581260862517816,75.90531360223925,461.48549930443437,14.766094150221347,1594.4385054529985,-924.0625774035603,566.3209070446321,1759328.4848222376,274536.29209217825,0.7466610166796549,0.1972655937690697,0.5112474083651515
97.34577627740909,7229682996.0195465,8.633193100049766,59.421031918824404,477.3190637849535,2.2042510216860767,-767.5040425849907,1347.3622893801603,390.591718554105,827727.4168112858,577760.9088556792,0.5265276644585878,0.16676103281495253,0.5974152223947891
97.62190993817205,5383694103.655546,16.491298211861334,185.25512536473445,85.83588854289016,5.340151893508725,227.71468007379144,-1349.3548649422773,608.5361822325538,1395625.9331934652,493532.4258051422,0.2629077017117184,0.33915471184061907,0.49868279264616977
573.1907951295826,2840170278.2868094,-69.55780811892194,244.7052462721253,484.0443002513862,14.049032796515426,979.7599794470816,567.2599920630746,440.8158443442152,2683192.531946476,433877.29141148133,0.7043033902787429,0.30024832741033336,0.8391507368737298
96.34095824525981,6337065828.345894,50.46278433175465,86.35512372034638,290.28332127803634,11.157896928371008,-597.8114166235637,1035.7631514332102,754.9844172868202,2408400.7900205166,369159.2032378501,1.0313304054264822,0.1972035042764757,0.7909101541929597
180.10797424729287,5309412899.220256,-57.11884066397742,178.5834448605588,449.30486853152047,7.438010797096821,-392.7927653621041,109.00381338791544,671.7821423818366,2872581.7560563344,403931.32220507634,0.5863083508301294,0.32259371705420764,1.084892477238217
104.72108597724429,4123857489.699799,52.978656755068045,199.2068947658626,210.17514085898796,5.609074199382738,-915.6317962493629,805.7411508739397,507.1614426627736,2901366.303464964,307357.8549486552,0.9654837067626981,0.2891336469204013,0.582369637321423
149.32392494843967,2005035269.5987082,7.149095142855188,164.30613472334215,251.57995577893948,2.356827124655818,395.0130161394677,-678.2735087928572,494.12420572084136,2528485.2391011086,529682.3235446992,0.9581929176362208,0.17200866457909522,0.851957546556505
97.93286300713928,5602356310.700469,34.32730845804788,76.85314461773805,235.47146236428654,19.77269020753889,-1003.9047991205366,1066.2078582884742,387.22774825747354,438101.8912073178,562731.0938022069,1.1512067877192957,0.31578885053427996,0.7165180044694718
118.75134057820924,1556745023.4478483,88.04141635246467,210.97540099817635,216.38585160024326,3.7209226817241827,-386.24241533043846,1625.128021627504,449.0843209215451,2271314.1285676304,281062.0298708734,0.9299289708539993,0.1667004500788887,0.9485473990390302
101.63314498169277,4986701336.502714,-41.64531689274363,51.73888793840346,206.97973857265632,17.327882801266465,379.46946012535955,884.470803021447,368.8752434145129,643222.6595612974,471409.91059417377,1.234082101750976,0.23767570128779542,0.6025031960812081
303.61139212450803,5473656228.417243,15.917642858688183,298.3950212978807,406.5067969248562,14.38218313135597,710.480428631161,-1378.9572885387386,475.31141346849415,2862833.5809626016,304857.8149921329,0.21617971672893396,0.15630672097206777,0.8410742639462901
112.86964903322989,3112261214.419203,-77.1255807527653,219.68968647413982,324.34577290263934,4.4339312499164985,1401.6952698802857,1589.1435433867778,359.47024408110764,2620492.1344034863,438186.18856504525,1.1923170827763494,0.2663114434806634,1.2298686720874863
98.10342525885673,1046177374.8645934,44.739280337686125,264.04903463891196,88.0446545971543,8.679475456358034,-1556.7385886999716,-1580.0416108433776,542.3571458084682,230290.10540938415,338159.2951654934,0.35910053195195824,0.2625616308503938,1.251325988672367
153.74508106598924,4866123503.950163,14.134613780221613,142.9478953275395,233.11840611540805,5.1496626830078505,709.3597706468922,372.52046650944476,410.22959662449773,1765170.4465293894,402192.6347165902,1.500282153315388,0.15895121202604917,1.0964459300667455
98.15020877780667,7359180672.459831,66.22771069751192,75.52499941287226,219.00580474156152,14.439429375840179,-1503.3057518413548,1169.8039459661886,422.78043735005645,1610523.6691980527,324559.06043536507,0.6649977824074514,0.18130592978969498,0.5131291824468948
97.40928905776063,5422389837.336756,-31.23878718593007,53.561738452718735,355.5029544713137,1.0401285565012393,-1614.6020179596874,1594.4369045123244,604.9934891684111,2321763.22138404,338527.7164434355,1.1750562822424206,0.3400198490513585,0.9896299726947895
192.66671204351022,4348033640.071101,27.84695592887894,150.19999378896105,367.5931727098109,6.796449116538064,1105.8947859451887,229.9435928961136,291.8487306847467,2551061.245180893,389917.8764090815,0.34724637360253063,0.19251895436384062,0.5208199262250334
100.51155851963706,1860552200.3520868,-43.41197108740777,59.2687143823039,353.0323353622224,13.815101399216228,8.397377665214663,1059.8714467950113,474.56096397750866,423049.54643503553,264601.61173764424,0.7296427101896216,0.3403098790189966,0.7927912986281096
