strain_rmse,E,theta_deg,a_fixed,b_fixed,c_fixed,x0_prime,y0_prime,h,pmax,tpeak,d,nu,alpha
98.85404706009149,5617638974.361076,-80.31221661559992,106.44318473271336,54.749744855893574,13.518118021700607,1081.0953710556,1466.4670731657234,412.3610052302634,1495835.822688191,546690.6626595021,0.8694556828442978,0.19899292021375928,1.3066657557071526
99.31284348382898,2103222225.3132162,43.46406940224773,155.5928245507617,114.19258068201336,14.638163772128376,1036.169445539967,62.92368765780202,388.45603677786283,392462.98859375645,392463.3283461428,0.9740869609229799,0.18686759748569592,0.4163844084362555
100.64598792797318,4033499216.6784563,41.08379907298709,190.2320590128252,90.04272045883712,28.342451450952048,1263.2870297888362,-976.3530870620418,725.413665722007,1345643.8926264907,305960.0882291482,1.2955653297751968,0.32304434256874726,0.7293816852012031
98.29433152839378,4452815630.227227,-77.13237480778855,149.98860921812695,59.032511970369406,25.29927292207297,-1130.5400122884055,-648.6608243473434,273.18594717552554,167431.36771111956,392035.7255388867,0.8024688016398642,0.17553806457849552,0.6833187554004763
212.56387413206926,523858319.6998371,-21.407805393152557,149.10477008443598,74.183901702636,26.70204694617139,403.52569488489735,-810.2853287929441,696.1527411099021,955383.8911363416,495131.6399914143,0.9491336294900782,0.2374880723114518,0.8357698888591658
1432.1412869515564,666764659.3990912,-5.516858129766732,154.82700825897268,115.68907368085935,18.706521603309735,-49.7381797308899,66.21485874497262,482.46181037581357,1089217.7755614799,224337.74137156087,0.8325757468048359,0.27202896566034646,1.2182670180516222
96.83465278837633,3723727403.25685,-35.495616109970825,80.70680399809636,100.51831761167658,11.551519403971529,-34.6814375495228,-677.6931607455715,711.9765681156478,1716428.017547017,322090.3946773311,1.4466524333893864,0.21750581012206843,1.2933233215649342
97.3704551505126,6491326985.443355,27.95133186199422,107.44441457307265,51.01395717938147,18.487422778540225,-1207.0697595411211,1293.017494601811,360.6163082260226,163622.24147080214,416637.85325601604,0.7432093800280292,0.3217194843118708,0.5769145130818939
101.44662159058726,3202652745.4385552,25.29178862986447,191.72952195341122,60.94408176723465,23.76196827163694,-1215.6816122410241,831.8968279306082,421.17926128418264,523819.86396256235,287062.85561185476,0.6559767477513477,0.21571101749622948,1.0739058389999663
104.15633775768046,4585365501.43727,44.93575888036355,115.39451425112483,116.84429827000243,20.869655172002116,621.5252500905685,652.130036778663,346.37012794989687,357228.7619928805,378403.5826583061,0.8829003001215644,0.20440895063223768,0.5981330416384621
97.5036998949946,4279408153.9417286,28.734902713565106,107.45053441067208,57.47345846909872,29.097981179260305,779.0291239449243,-1613.0571576320433,786.7386451557569,126837.2806175621,300884.7517955472,1.475986227301904,0.1660775432779606,1.3401872746423609
122.28186981095048,1585080480.285225,-57.73660600874989,174.16081679590692,111.63392452896755,19.214686521445948,-1598.6925248515088,-639.7825786237684,273.62071558667117,701730.5936587338,455994.88765886787,0.4978241982900289,0.2804037676881889,1.4202282162858766
98.05438203036887,3996040689.3832564,-52.720279080204065,190.72570935677334,115.66852887540789,12.69811307837971,1384.3478809726362,-719.9952860717452,333.56116034995057,311754.4147686076,495383.27717014524,0.23266377162826032,0.3026303487212675,0.6635804093848072
99.46455102320813,3640878424.421904,-64.25681297218772,158.3203756546929,76.62287414834671,17.87660302675451,1055.3877483630963,-141.97165752665728,632.7227871144836,1432106.5675948414,438519.5899479282,1.5420863421556485,0.26017560948433216,0.6409137799981104
97.47247806707574,4564098822.00262,-45.979743450022525,89.99924206526492,100.5089673394762,15.289950970022284,-645.5495260865514,1691.6196605167306,478.1962085770434,857214.1617075243,558768.3602426213,1.2850995674207708,0.3218964175313368,0.9151923853260833
103.13416565356992,2093776802.9602022,-78.18501302983475,89.57768228913744,50.95916424181509,15.38697848338539,960.8233639631817,-936.9219055306186,489.4723917606959,885605.4027690289,318476.2203461276,0.36551635400986726,0.20360615747530858,1.3375898193420537
98.28767066063303,7955542060.352654,-23.278635834446874,135.41010905162773,66.79908429301554,17.3087740999999,648.3689848608337,815.1703518375521,433.84695992375345,357221.3949656382,474959.8251887124,0.7590864960488423,0.3332590551151272,0.8502675200363412
176.80643811653118,707862552.4011221,40.704955168526396,198.29382683365827,77.30894614946128,29.05298777641133,-1168.7892502005686,-994.6540406028089,446.84289418468927,797533.9358261741,550453.087605658,1.5587646549368266,0.2520424459150406,1.1664187050899686
97.54915361057797,5207142309.438943,64.8958957888446,92.93378339338696,84.93398630449333,26.166588136666547,949.9227332002638,926.4882046402963,786.5172184672572,160262.6892681641,238398.24138183103,0.32999384507999296,0.26617636276496226,0.8739210110942099
124.03749508519967,980970574.3393655,-39.747037840785985,126.89123052145774,80.4696975376464,25.114777842200095,-38.02189345486545,1128.3203729239513,552.4885825701064,715246.6529179699,513684.0404879781,0.37956782002358513,0.3278578063572461,1.1407550782402374
97.72640024547647,7650329390.181821,-52.22826075507504,107.92948448853666,76.52470221920385,12.975116239727633,-1594.3870062384754,-512.990303005017,664.3199950306109,1612662.2446768756,288443.2701936682,1.5164555368855115,0.16584764904723906,0.486120643811962
97.30246003536446,5790354407.622932,-77.79548781731387,196.47768727388961,61.93678482216107,12.574476292851342,929.9262662915298,-268.63021567014016,743.4400297754086,943523.7872667076,199806.72437243196,0.34501468479733344,0.16987710331679506,0.5994844428945206
103.19956325044336,2529261271.6690817,-76.43188191211055,185.47104813552073,93.86342446743228,18.879546628469832,1381.1429242012377,386.8170733061211,627.4942659365092,1315089.385356843,369522.188953628,0.5397463597775196,0.32735171577674665,0.8059949820583233
159.68189139889947,3775956613.9959545,-40.270778726935184,146.4373513821755,83.05143720969045,18.6346757088009,-508.2431142468897,144.59802173842127,468.372767127576,1427229.5442849281,257008.58483105537,1.1806926801838022,0.19173360211808013,1.4252272802392927
102.31725900656404,3387437844.244962,-31.71957323894278,188.1171594657739,43.79008743893421,29.552698463987543,1484.971712831994,570.2736444587204,567.9580350287306,997345.4311159608,229476.9364225503,0.23617319689319313,0.2881290238148734,1.4537644451311333
124.06146758931503,4326869552.861961,-89.81667918853339,179.4610313547184,106.44216737358894,16.73023780309073,622.8917391118252,-1241.5542393054684,352.1793663524515,1313042.4069246522,397237.7097990561,0.9833884045233937,0.2547411698375852,1.4345143853509925
97.91584278703563,6415191347.323972,71.84220737127933,114.99362968601667,118.36884951978676,26.375555214467333,-1387.102615239307,-1430.2615629667685,367.1976710869669,680132.2053689756,282978.60270570975,0.17776021798015926,0.2390026259045372,0.6887630460087726
96.19369929522607,3970024514.9346623,51.02774551531428,118.6127206497764,43.224239077119115,26.69075946556257,-33.536693108570034,-886.2683542523018,758.40463375947,1353141.651139044,362536.58537128696,0.6206856019797787,0.16421035775437579,0.7142175345940336
102.26494454417131,5868720733.05311,-76.38572255059331,125.17735393662898,87.32572343904799,24.799130477045015,841.1371768135373,-718.4063134947562,440.3277117850182,378025.4254368697,483519.4744303764,0.49820434496675403,0.24608466823845876,1.3896984244716837
110.31571375330756,548217218.2097515,64.20482291671274,168.78186065634887,91.61219049862517,18.141544844529484,429.5998352426027,1553.939615641361,316.09516319001636,226865.1571503111,330595.2204115873,0.2545848347974434,0.3335513268371218,1.2661160355528485
223.9360896418343,1688137300.1940799,-22.747155310336666,129.8469550069889,116.35383265832286,16.584395062455823,-68.55768342891861,100.32497618573916,680.637538289827,1577325.342731178,460504.2486271966,0.6449938274783864,0.19580920061010534,0.8378830996523796
97.88752872651102,4818782983.3981695,48.04598018854318,195.13964164416177,109.8721887320323,25.755516812059003,1387.8853997039391,679.1183587915693,767.5553111432291,979113.0443806183,232489.57571424852,1.194282840269256,0.3396955749220184,0.434144298318528
92.60829169823353,5165695963.471557,-35.14166872409262,128.50189651533273,113.44790606288716,16.687790399884367,435.81611789654517,-265.34673436240837,757.647860714135,734641.0194115151,235755.7664476139,0.7284980920928731,0.23102381247022252,1.3739167042201088
116.3747826803978,2985607653.183084,-37.07920010180819,128.8437777146234,95.28077906879881,18.446264980268193,76.39189947388695,728.1938054131069,279.7297575311593,337206.2065676308,481878.3455747282,1.4607632045728893,0.32340543230670277,1.1779230245685908
98.46195188629365,7863909947.407475,63.522990978649545,163.25031967082006,91.20973569453125,27.062632529033216,1316.8609555838862,-782.7324288121622,718.9841608181329,1105098.9794924953,196739.8093169324,0.39564912627614746,0.30591963267684175,0.7764095468504457
99.9571886907901,6822957200.561605,18.481054121466357,198.39859243344557,101.10833859907406,11.860888555036382,1170.0972528101652,567.7917079709528,382.3851828162071,984607.4466644445,259738.15063344862,0.659569114804604,0.2989576958077895,0.898703036506804
95.95031862989973,5460935882.587336,71.88212589967003,164.18301067045195,47.36453599063871,18.24946919059715,-636.9158639996601,-74.64228507854682,741.7262027416729,691144.2810450495,488295.30126780184,0.8024149945357727,0.31754372276288945,0.6592704240849662
100.68145986163667,4425917118.827223,23.72611353653153,125.2039671300378,85.08021205407785,15.934772733079337,1688.4428676782081,648.671048005443,599.7432881499703,1689548.9474543761,369997.7331038871,1.5719040270928386,0.16800279262979956,1.487032680166465
98.17263059004101,5897690649.473634,14.389178576986097,122.77838455422861,56.246935022526685,29.65115749835953,-917.1921252087297,1316.6930171863323,295.7921850412445,1464633.5302795672,538702.7775859244,0.4673686397411586,0.34539063526261177,0.8090142037322672
120.86789411533272,1687669180.3854175,-14.491771809775713,196.67907685556682,49.079298310527335,23.859445787895055,-1260.5772023001527,641.8693357291727,347.3907851254927,1705077.8259140558,556059.2480444597,1.5766201096619215,0.32568311081015955,0.8245118789065826
92.9730563559245,3993520035.0855207,-33.49978704726386,139.0599212135305,59.03204379308529,29.20117499398414,-284.5547626377024,-568.0231565028741,762.1310952273707,698958.3875533289,362455.7920565947,1.041892609021086,0.29611131020200326,0.8682346133326801
130.94416838590004,2166934068.366378,21.940938930654653,100.41627177377609,89.51062788066056,22.85130343831093,481.1323710944657,-512.7323975294466,475.9463528161781,559713.5791060822,507150.79209867684,1.1743588015637878,0.2882875140077523,1.468446432763411
104.86617075989072,7151136731.951278,-12.75110325840157,170.94858107052147,91.52402269686985,20.740607002497022,-1246.9005764674741,-22.00110686291532,380.7041471041709,1476773.161364109,487455.8810498961,0.3686369433004931,0.16806570396216378,0.5194450299980586
79.67761586658442,6376902344.908798,79.4728888330007,114.76723393944621,48.73959878317933,24.15440176096195,78.2749380171058,366.0424987502611,531.9671755944045,1478937.6665844314,426725.780116808,1.3033192717338846,0.28155188187585123,1.1534484969646335
98.3463607758176,6024354739.867448,14.073765245565227,123.17132039268613,71.70105389997732,10.446521405298792,-1603.214684081279,-121.86143348807468,691.3477791567997,1305944.5718646047,348056.24372113385,0.8192945124983986,0.3176228429802045,1.2664621601279897
99.44827895394367,5076666386.370989,62.831353507524796,197.50491952773524,89.83730895634659,29.397632974024585,-1461.7766272461631,955.5644068425499,316.53165130428437,486604.0989213288,330073.2888061444,0.2750511829524662,0.29319256523440096,0.7843789904806848
126.92592658226734,1764748423.5020275,-51.346333888192305,82.97207482696594,116.84281637364005,29.0236418574969,-850.615864220274,690.2836405776525,290.1550518329672,702401.8398140062,462664.3198522085,0.44151504388753093,0.2178297827896962,0.5442500312141426
138.51444528007212,1634874816.9295778,-88.88216811498427,120.63570796379028,74.05912148729075,18.451995011314825,-745.0492356196813,109.91820469225559,278.97581437361845,797244.3595731091,437739.6744803713,1.2461135897599251,0.34854544015107675,0.8833124176692493
97.44515883586092,7551414552.958135,74.94695899201457,96.70290127728892,80.06746501239324,14.485613985750543,1015.2205036130595,814.622157389867,782.4054325650789,212626.49861053244,366993.35628338647,0.6467976937656449,0.28113562091018435,0.9839032526729649
99.82435388500043,4776411157.943815,-64.43235740227556,192.93560452741133,65.99853855971037,17.864302100536946,-940.1402038987364,-681.1562730613987,466.6134877705016,552270.1891432193,375042.4432323049,1.3496344593612903,0.31873322665792825,1.073548922866998
97.76428536135157,4645321141.665219,18.410881595247147,140.50865083207032,45.68016460431302,12.03991953951155,-73.8968642330833,-1476.211861301516,334.3797788444476,1168490.705210006,568595.8696523334,0.15214446712914212,0.27046300878963353,0.8977384232555465
504.9556774264949,796313742.4490755,50.46696810739428,164.5616757429607,114.7470481530623,23.278809064607678,746.5073640885107,-484.59559853328756,573.001313538085,1159548.4072456905,242491.97132266333,0.39882418532103714,0.1972172116152404,1.0708682655312658
99.36018886707393,4571635238.596245,-31.905745472324277,174.7747332137705,95.34510814341124,12.78630928536713,1003.8751738766232,-659.707635403691,513.009819152135,419200.9717291582,355289.9327146842,0.4444230376117869,0.29667380656990827,1.0470710936803689
97.46314177767864,7110854463.073566,-61.54916531315479,148.96297793997635,77.76601800918789,19.523207367589713,884.8644904960479,-295.5509656240615,634.6890188496379,582825.6544804352,246649.66582408856,1.2892868157327668,0.25517128338698264,0.6725318194512232
118.2800194457222,3888456574.4482737,23.876368639391828,109.63224204274336,54.4500557762008,29.811414103800807,-1093.1145820034512,-574.105642124975,477.0219121713668,1565706.860479283,306105.0340563986,0.43242732084387925,0.17533658254098802,1.2366541555344281
108.01815738055495,4738872134.992559,-73.02981811315307,134.59381591462213,119.07560382730838,28.461438673376524,216.0976883804658,-917.3246323680094,578.2479058101051,977688.5018520652,578191.6879219848,0.12256068976958204,0.2122692992526203,0.8434628816595422
97.29510513821413,5977320911.585588,44.85465925253624,168.10346928027155,85.51094544818113,21.03364569040993,-726.5613579663213,1277.7478020547373,492.171398289499,715843.5340791624,509415.5255585042,1.1871138819194456,0.21371030688356837,0.42605678508177824
236.9609733430773,562873303.8807213,63.14866365325358,98.1255895653117,88.19564711061773,21.81463303869538,-951.375047403677,-188.4935880239957,488.00123411192226,960819.6431206629,533761.5895684211,1.4739574353587692,0.16731400941498262,0.8719909687081202
106.73489105586555,2709026988.452753,51.812833084783335,121.50174768422696,78.80844784360934,24.13153450338682,468.39955566360777,843.2620951689642,494.3186089679108,1025982.8499819936,303709.74348512135,1.2656426258519389,0.3232580097666199,0.7323424402369291
97.71093744517174,4233181101.589626,-71.17101907207415,93.40720877588458,51.57029950631822,22.598107110116324,991.6186355308023,-1284.484199437111,795.1384624907246,709649.6640510751,548048.4289672709,1.5994129359037843,0.3182118869380619,0.818388902338758
130.22600250436423,681225778.6614777,1.434900342090728,138.55319915917678,40.28146728884443,27.373047898541532,-1225.6183762714943,439.9466238515961,404.89540258004354,811618.7291884167,381488.61950686836,0.9814955203035246,0.25390387040247375,0.8008831982917354
174.67215328743765,803467404.3277345,-67.21117349658613,154.87891703879845,88.48142159439776,23.365444334067725,-1453.573979240277,-866.7042694477101,390.216163148097,1487190.0630037975,495521.5222792142,1.227462270862246,0.3443805675356503,1.4074364231122645
114.58519244425362,5330561889.877175,1.59191021877362,178.11848459530117,83.97300760245226,25.35237491418952,-1107.8877386314275,45.05155814598538,522.2945757496014,930347.9427844278,401004.2914999938,1.0209854784578913,0.271083625549544,1.4478441992960729
115.85482748267906,2146612853.9357083,-64.09485338686606,167.53042810691798,59.478407914323796,15.610057776303874,-1110.440237809285,-77.84366655996837,482.939991861101,1758094.6634604943,462238.7242449293,0.9773089281548003,0.2654685613107374,0.7135037457580667
101.6870357311009,7153885394.167396,-69.05595581215456,168.26657893318486,49.921040289443454,19.967806393467704,-982.3982154576952,186.44213355814486,369.71406248081666,961091.3239685924,208902.71845871228,0.47015305682541353,0.29707898175211284,0.9716585832559708
97.58203733285862,4213514561.5872626,24.567946828309587,143.030578615285,61.04535745978704,27.799425599735052,-647.2077631988443,-1668.8484267846334,366.1258374604124,802807.6595333307,200505.6818548194,0.9185564660290862,0.34065523020454,1.0156749554785813
479.2884997782652,2053003912.8043234,-78.44833202329326,144.868490075257,94.83589231027446,22.83118405680215,233.76589971159683,-457.5885977361247,471.71937554443207,1567794.0129865045,215679.88710223424,0.5482397496417244,0.20744907314849625,1.4795176147806726
100.83674217393427,4263291984.562282,-57.38113920946489,181.75488724011882,69.89972030510938,17.7008241733393,-564.0895049135956,-1211.5147480874166,502.65895556501573,1039294.9392827584,374782.096444889,0.6719694217874506,0.19593886548388742,1.3445730535863154
97.7086194562504,6972738703.312759,11.28924621889773,165.2198832099458,112.87838990146744,13.20916611504954,-1290.852330770289,-1044.9447259968142,579.5178551372104,236265.95390215603,485305.55031534296,0.17485418080126144,0.1551304962721049,1.462925266824473
367.22691585036563,3149556862.209344,10.68965183551289,137.9502820369244,91.77632536329331,28.843431568627132,197.82556631507828,-614.3134136406118,286.9972334241568,1200702.4503238236,362070.3516271366,1.5330551733897488,0.26704075792558746,1.0974413079254832
97.56307733869585,5310406232.913023,7.738940697328573,126.56037833227123,76.88117338339113,23.657378661363943,-904.6537215102187,-1099.6802256263259,743.0073321590254,1264744.8501490562,539377.3388203785,0.6509756896012585,0.2651733963446236,1.0647328552922946
98.90354179912934,7209643905.574366,67.93780881799705,111.23239357291558,117.48498813630931,17.444621549184433,379.89519886607695,1708.5542957119528,481.7118942541836,1195666.2656814207,585399.4727022422,1.0439389910068462,0.2815237814253623,1.2669767750474166
97.50810673151274,6409327182.193993,80.64279436676625,157.869568890593,60.08508025846532,11.223603001418638,-1455.8564257923213,1601.4107256068555,702.6759254158474,1113822.9522972447,550654.9846201881,1.4051987212985921,0.22191524688431058,1.290397167550508
97.53542542630397,1992899369.2747693,87.0908535610962,117.93430635136974,62.36725084743554,13.646320598689421,191.71383262970517,1390.235612899779,559.819554362816,178285.5851240471,217646.76095710363,0.8774165030111283,0.3279887835989367,1.0416826160143424
97.23190079710878,6098201584.022329,60.61237959548768,95.78381718815696,74.31630730677583,10.076293042464513,-281.1566972359335,1241.6918554607887,683.645563548966,676967.4382733885,477066.92341173044,1.1688086857536113,0.24828547826207503,0.5142574297875947
100.27230535297038,7446311734.257155,13.064472543815654,101.40916860999106,93.91319269411328,25.420958237918462,-1345.937231575151,-259.8359300421637,769.7661836357386,1103711.6915156469,505364.80279853125,0.327175844782846,0.20341781968788905,1.459443765737657
98.71588800510247,1105900046.6048627,70.93848188568236,87.62711657886086,87.5538667768331,10.2759799394078,1393.6803942518059,120.22324583606064,550.8264245006428,768102.9009951588,470929.4076050278,1.100709885499922,0.27033582278436186,0.9076700652366578
100.41446710942812,1921300148.5179558,14.312116758738696,192.68562577324207,63.92578795801883,19.20952754389552,-1532.5944673697106,-1436.513268799696,371.40506166688493,1175901.7329654507,303830.1994163822,1.5247244039768733,0.23324030059314937,1.0866419754746748
99.21267613550168,4741295128.86652,-0.5371017745399769,127.96224865649175,75.6913393287981,29.920335669088445,-1413.0487266714977,1614.7305596315837,400.0704727053367,1459206.4884888676,287500.75547505525,0.6871580121290507,0.2925049524261064,1.416945463728033
98.6860901013741,3772280782.6704445,19.736119578258453,121.69460657441759,56.7558944593549,28.80691647691472,1520.864150464908,1648.9850213151517,784.9358357162181,1636191.8577133683,417209.11972628394,0.5637881001740288,0.22831568221632653,0.7218916848333066
105.06125053543762,2882201781.483764,47.94381741423621,192.77350684344077,85.59746618438115,24.265060291213956,-782.586118863759,1368.355691753488,547.2428499473178,1230047.7413098095,536513.0406421507,0.5743510626554224,0.18762097230795263,1.0128576405305711
98.58380486336247,6631565605.419571,64.49620936471368,86.01911737537475,103.40878422022867,15.505143156528998,-1364.4110812968524,-703.74557261885,330.13467318302617,742628.7790538318,387376.05211662885,1.484315273913074,0.32497890377045524,1.2274676826530182
120.47073497890482,1234218658.182013,-8.951247154533391,119.68552797968616,118.23250495619898,28.29552447604514,1433.641797652931,1172.1639287023581,663.3758571844162,1311908.2871524857,403928.7385754532,0.9734174203913081,0.2460521278750134,0.9565297803629589
101.53302107550533,1707845367.9270506,-46.21875915335039,108.10053588268329,67.27449739275998,19.33361288568232,-196.39597372191383,1442.6665156302051,352.60893321950033,842813.6484326033,295150.02770497836,1.5540046412643527,0.25117377123279383,1.0573302868283965
97.12328322928346,7707702409.325749,33.879146322026315,141.4561627591484,69.19783384710635,25.48882991740632,-315.2568162363998,890.1057170245149,371.9818306340835,152501.63639330136,320519.2468965997,1.1781664181231721,0.3486822728846528,0.6249995239482093
100.42100502276669,6600450766.773285,18.429961613278437,136.69093950053835,113.24285123372923,20.989354800694056,185.70877565627256,-1600.5275775236237,596.6107340111766,1422506.433307269,426148.2723409716,1.3097038413280404,0.26773655813576913,1.1713427133744074
109.90418891691449,2613886068.7440577,-62.636111806825724,147.8187284124126,98.62357636760188,20.96325763151776,-1116.7966454983305,1062.7433499278513,358.97160203596513,812929.3460169047,535352.8578460135,0.40565152907546354,0.2106749973234917,1.4519098827358174
98.89099208473306,4226971784.219945,-42.63469825760293,80.65785740776715,80.57611249221878,27.356205831776563,-846.3409041448655,367.10679979952647,290.74794277316306,117764.33248740376,414903.61401362903,0.2658734101742811,0.3454643508045942,1.1091787148918566
82.71439398123066,4192473482.4289284,-11.083183286324882,91.9524763675042,97.64470725032392,29.3304051850107,198.2052378499493,231.24224195889792,371.7294042124481,452744.8952468574,204438.5170884132,1.1631738172470178,0.3066637537643824,1.0659114091807573
102.21599763138448,1163004299.6129634,-73.3590922596743,120.51580617041617,93.75792215857417,26.22188929258143,513.1225886841457,-1435.284863829796,486.3530641387991,303574.1517222448,348027.31692473486,1.4476086942694855,0.31566674419239227,1.0951738886603526
97.27927931902067,2081143947.4397628,-71.63689639760105,181.87044663872152,80.20072880096836,11.647349502349286,1310.063277605801,151.01712310729317,762.6332946001158,175396.247399562,288670.10576317227,0.5984766461802293,0.17332872510287514,0.5977156212735246
116.61248180661316,4627595258.67786,-33.315473248127795,135.95504369848305,49.52400843543402,29.346607582269264,59.614476135541736,-590.9124765055401,534.6851209755624,1255736.9708493967,369471.5262964957,0.9049509522287638,0.2516238066792288,1.127007108255674
114.08459036042888,2612021986.796486,48.13430655121857,132.5101077675003,108.26026361367842,17.209333255183115,-1042.1451727895892,-784.0304229497497,309.89541570479844,1212200.7457184142,291089.38686143147,0.6993426245245778,0.20886123010748553,0.685044795740126
97.64779400877381,7408108598.093701,85.94240008761568,171.13566869362967,113.37886586262863,14.494783465269887,-1700.9909936349381,-579.6832067303769,363.82955480918156,376705.55849799636,584748.128394447,0.37458717631700045,0.222100996887894,0.4382234524828433
98.03199135590583,5752002800.84023,-2.1966664076166467,95.13722469232266,61.50742828004147,11.09715681625586,1651.3150743971305,-671.1900726844133,298.90761910262523,1582991.2333597173,411712.072145352,0.9554596509264263,0.22669946053626278,1.126191650921761
98.20187254009916,2776513029.8627605,16.599803982201507,109.79820324244835,74.00644235169811,14.778531864262316,1459.9595468108741,-45.05199365717658,583.357024235542,1130005.6570135278,543395.5589092959,0.8529872465520356,0.3411159659668017,1.2833546420835549
97.7875046570811,7171117506.263909,15.52662719528081,115.83091242034304,53.65608781602532,23.52931194878996,-1569.6562435364851,283.256700621896,494.03460967968203,441512.33033826604,540632.5984407552,0.5140624276211567,0.17237726682973892,0.7010103592514665
101.50201277068257,3887972555.363552,11.691340577551088,193.98530751347272,68.59612259292575,26.424763711460212,979.8021398965652,-640.5648315666194,614.5837149670408,1251567.781738185,274458.89260416676,1.5000530119950637,0.16273434278344343,0.4679874417283236
97.48016905937403,4651903700.2296295,-33.6124789170183,146.3402125943511,63.72425805290703,27.73333034781167,-157.61131144417413,-1341.1290577762325,410.5101369595141,383478.11216536193,585613.100213497,1.24719681621487,0.1977510417315681,0.6271648381007209
98.58234725394767,5823105772.9326105,51.04820537224785,139.79859010256416,113.80921905630649,18.66132706122069,334.86657497778015,-1516.5331465816403,552.2765534446348,498811.6956611309,244574.54943270294,0.643115957188158,0.2692670068126794,1.3303694602471556
98.70695637383974,2998482310.5153317,2.815134595867633,160.1405684840559,40.8614654664912,21.29984207689522,357.8158234752782,-1312.6881710165876,502.2094586317277,856179.3638366038,489963.58315866976,0.5726720172265697,0.22270226845693786,0.4664630872509828
125.09185036061365,2351943909.6697664,27.759230681110168,117.841828167481,87.51870153013087,17.232453110291736,310.155879339148,524.5205535200812,480.6338853323547,1606734.9554963761,199003.6365571671,0.2948967004919273,0.26093533371593564,0.5744219545165244
97.44204361087938,2732888154.988688,-46.94690906818675,177.57939587423226,60.514573915083545,19.109901639851973,1270.5028328768708,-89.50388843792052,732.6867498566486,1147593.8083775379,513542.19701489154,0.6849462304915195,0.25982480684129533,0.4207368517072948
115.55979526320124,5589866496.238232,-86.19564791835806,169.67209133486608,119.45062918811495,29.1383933246272,446.5193867136036,986.6405987821677,388.3798543898938,891982.1718244861,487787.2269364155,0.29621466440296496,0.2079645899745798,0.5898355397561188
126.11470915018982,2438842774.101346,-69.88695670999503,104.66014039827776,89.69799979096646,29.146770244339468,158.67395204639092,1473.3808359237978,459.6794082376771,1313461.502551339,330398.54342967947,0.8675753374316236,0.179784407059783,1.244254198561103
121.89397724121396,2466433709.3935843,-5.368748128843706,196.75154233440597,77.56600977133431,28.194663025137118,1194.2071706950478,7.74831077905128,336.8565167726503,424896.05000852636,362777.94297981693,0.7547704651927982,0.3037113334438363,1.219079741069621
97.39391578377607,1105317418.2782109,-23.854153315745435,84.70883690076379,58.206484468358,29.119563977297027,-805.8813423911173,-1353.2135738494198,629.2002644915551,274012.5716861045,556781.7260238962,1.0400406247792047,0.2883629790809399,1.0082549649293258
92.82969647944061,3207278465.2868567,-84.53270211637005,114.37760707402127,44.79208725863544,25.424376621140432,-242.17297930712402,606.1206852279247,708.9282935905305,611417.1901342717,540682.1128933257,0.2874414864467222,0.2553856572399157,1.2551348764499184
98.38356939439437,6048817359.018159,28.946546445314496,147.81564949797266,57.62784345983146,14.769129062954292,-1699.7273860851021,-179.23895117575466,406.40236087250616,518875.7671757263,447821.47655745316,0.3352870515816734,0.1973009960022547,1.2211332669189177
96.62653485959737,3477719056.4214163,48.20345774065672,101.65985602094025,70.60624178853608,22.435073055234547,284.11782266696196,-706.589032054932,792.4720047240985,770267.508763643,447865.61336522806,0.35047493975042443,0.18468303849910858,0.4151138536789505
99.14548605981551,2281855011.6901865,-54.06497349382198,175.41055444603242,54.21283903777771,17.414416981706985,1476.815928984804,-404.96773770219215,349.34301983966935,1610976.8284980846,260671.5319497374,1.515664006050169,0.3395541045139334,0.6294223131976704
102.02756841823026,2426807865.4839773,32.519440415001895,121.03355236230152,50.799535329938195,19.89578046814207,-1712.3680001899418,-882.7462837992701,594.2013661088026,1758814.739977817,219969.9595533685,0.23635063073621174,0.24264876044108885,1.3046260849066087
115.54655776888495,1781885679.7504451,13.518177114105796,120.2168442704139,77.49647750652156,12.943024047834301,1202.887803076735,-277.91819465730623,279.751755170254,1145847.2299877366,297956.9454594448,1.2404610079440839,0.15236299624644792,0.8579762517490661
99.33016667667847,5297061896.462599,-31.969306778062496,124.93041859258255,71.21079496334875,23.62478447686323,1487.7132541720475,1486.2248302598364,382.4246647825192,1037251.3970409312,372596.8535381376,0.43907945252780145,0.28482305609553304,1.3345290493612763
98.92263325348009,5695105128.430861,-46.454786926101015,183.6639440072958,98.98853446084281,17.829451588531505,387.78465523153636,771.582246552206,652.7850318457125,757284.5320609577,241218.59348066206,1.0925340854390304,0.2597930797388198,1.0364705606773952
83.2261831110661,6712226575.416337,65.90667290890065,152.7419791728241,99.51262892594174,23.6808227867787,16.036911581301865,296.84572048803307,554.6897779547185,964196.9725126227,341296.56292921945,1.1600153325643912,0.1662975153056383,0.9042593379420453
98.21041336652658,4587470002.688612,61.2185984189222,129.08229814081415,76.34064513026412,20.031090064368897,1324.1976990081425,688.6153436177569,527.9694624258157,569770.066528904,582268.5560130654,0.6666179631056129,0.22084509138760722,0.7937407197744167
97.43411053292964,1726416597.9057357,0.7981598087542068,98.86029835590895,61.032179387725584,25.081616629274535,-1237.8180634843688,-1562.541516044081,741.7839947477239,392672.5589761089,238259.29941856102,0.965893183541834,0.24906669365411063,0.6961436924408492
99.77258146606675,1062971782.075267,54.115420594632496,156.54511489859294,51.56727456613754,15.788074398565906,1139.7053821005284,1407.1894193002963,549.5787445708504,430386.78232613567,202187.35100006318,0.2828265798793863,0.32072969861856937,1.2133998892441695
107.2607866911448,2417824119.6727204,-0.625183530037944,97.00106007469846,48.87050306561765,10.454007161608965,24.094672994213397,735.4797621106213,298.0781009521596,797254.7113572566,422973.06403283856,0.7413553770966123,0.15783463325418337,0.7950376294605601
98.15892701400057,5056481410.781051,-52.20351134602529,156.50933696561253,77.43823669185069,23.35873746474295,55.16653898905679,-1672.2655606179292,791.667800249827,1232536.669601229,207128.23784997844,0.5941019393389513,0.19075452853503638,0.9778531890471427
97.51018232867483,4413305217.430843,-24.883800943211114,164.17206471560266,108.85295834497205,15.669812124964695,-1393.9154460435957,1723.8141501421533,711.2226856391139,600394.1072837418,433205.32352802774,0.21674113979679052,0.3417680967265605,0.7248398289698312
59.10266620659531,2550610997.7115774,-51.27373578572268,107.91287049030618,111.96329042627323,15.236393622208588,-242.82081747105576,32.326230258797295,677.9595991122147,1743852.8344066953,551953.0527859398,0.8823659303799889,0.2903793796450278,0.6733841461067733
97.35682697463486,4612467692.107815,-55.83676912019398,93.95339275531268,46.16399024474155,25.96219041800611,-667.0567622783949,1502.1871977622718,642.2323437274392,1130656.4978655917,331394.78137267474,0.6846996259626631,0.31280895304799594,1.0035122445189888
120.92355131254702,5592168895.200559,5.01756333092024,190.70288629891823,77.1734899741045,25.54576520442962,567.6156930789352,889.6619090926488,471.26787245050593,684925.0963236919,357744.74224139715,0.17485322062338957,0.1634218807766851,1.3590189861268125
97.3492116324813,5858598522.253284,66.87011447225544,136.50606043756312,67.07637426929895,13.865974960424259,-1700.5450400035556,-1690.4841087998395,703.6882310867567,170842.34670251544,245857.47043998897,1.5506063009116935,0.16905153276547985,0.52438204494116
97.64077904813522,6995129105.728755,64.21292421676151,156.09923028909532,81.74538483874443,10.474653981161072,-1577.5752077358898,-1325.206796348718,711.7569615634607,1050321.0087387206,494035.9784659772,1.0345954506144321,0.19538733466930125,1.0628447905238099
104.96658255393494,1099418455.9101791,-40.395332968793106,168.36298775833905,65.34084984060786,17.772781139421134,-643.2623323235935,710.6964578836387,794.4871569380434,1485051.0030311588,208482.6343295885,0.6160398242183033,0.2864391179329242,0.9253428739316089
104.34689258810836,1316061922.0237386,77.2687411131528,94.02117835079254,88.88605652459901,28.898956592258337,-982.5914039448515,-1253.5824104290318,388.6608087048394,1451187.901946627,505299.3715653037,1.5433311641595524,0.3456077428000497,0.6822852892823565
104.75556570860975,2396620611.0743933,64.57119912092756,109.74896160911885,106.04374099902353,21.469660357415666,65.67416412584794,1228.9139228112408,566.9141217672243,1415270.8840346804,529186.9108208816,0.48068149360837054,0.3353783461462367,0.8425305928024199
98.94348231434047,3536802147.2179766,71.3796757897606,128.47015795037782,59.701162316056,23.267183624080673,1028.9456713949821,-1309.8352596658856,278.61985268051427,693037.1417908367,438444.05243140465,0.469403459870385,0.17323661207224716,0.4651853199526367
97.62659427571674,7521476381.001665,-57.44472526913955,98.72432754479689,66.25963761419288,22.50112791827906,1593.6378132185005,1664.2931320470052,657.7049147871483,1190216.9141882719,362464.2353627116,1.061544619457027,0.18107967187702148,0.5518999014945399
75.05092479722757,3812572673.4484973,-52.32294624387646,96.71295252383885,89.64776951424321,15.862054785614887,-79.37314590810479,-20.095076190126292,361.7407283761969,113287.08263585005,283361.8178514937,0.7981994455051561,0.2273333215847688,1.1270413320984585
98.69985692302573,5848808564.211708,73.8098540065186,110.9847618506825,107.73747636613643,18.808215033319428,-1103.450461426673,224.1794332172019,584.8682240119565,292384.70821667905,329292.9029617306,0.7164011302444321,0.21004186698932717,1.1648737463661516
101.11193339255382,1534858830.7727664,-5.434778278167343,80.9865238564136,63.46005280731258,29.448077061210057,-1416.507380631359,929.7081297286281,515.6941087445259,518299.68299382174,448338.30487445113,1.257700988245517,0.17828033444554545,1.3393550858953374
101.66377529803006,2356676105.410301,49.489171239607316,85.34050603557218,61.8718491587374,21.085304911041092,1260.0610747910723,949.8960392183567,486.80690303818875,1336137.5321993993,408787.0946297171,0.26306721125281085,0.16651167701244585,0.7369884823273467
103.4675877893224,3374146470.5072494,64.95110121074006,161.59722128304438,98.0693759062636,29.708555578024423,-1587.7666779184092,-1548.803554903302,285.54858876429694,1354716.2943951793,573799.3678701883,0.12025860854427886,0.22814063149188998,1.4108605411593578
99.62184218988726,2255355422.82784,-3.3332004983324452,134.77096036573505,93.94686714044576,25.536459482322492,1123.6460596683119,732.03818136463,343.88218047255407,131917.5486983499,586200.5475277625,1.337851975369011,0.29983239222687486,1.2978482021660591
98.94358804449764,3952452473.608486,-36.51759321279069,182.55326215827301,83.06827572290786,29.23262699087355,-1032.0877063642042,-350.7464064368346,742.2684820916061,479583.58338330477,478761.2554196695,1.3643431006258109,0.2518418349798044,0.7056359182536649
98.24741619344023,6277888258.958295,71.79774817140029,82.71595678682336,96.1147285287211,19.675037281629475,271.69100039589216,1240.7021133296412,298.9259663343625,342042.8646810901,402655.10814036254,0.8105592434547478,0.21227911277330838,0.7743768691868198
97.96965374830182,3383109690.412497,-38.183047284632195,110.458960547676,86.55332059048186,20.61822455354085,1508.2645656206087,-1722.401595449599,418.27621351248655,592880.5766131536,459878.2555512137,0.8769937676360936,0.31607146086969323,0.8488431607182191
98.60339466504057,5526573336.593209,37.704965974432426,197.24474162161468,50.45592666834085,24.919879354473984,-1507.667773306523,412.051090798986,322.4603271088401,216879.90982920697,438466.1479130868,1.367687614717137,0.1775795443332354,1.224416557739315
372.6119300922383,2824519037.2235403,-61.58595996779553,189.74761439767218,76.80720046592673,23.736807589520676,392.01138778778386,249.2585914470169,363.46242824277607,820520.0685994622,511903.66519483016,0.4899149613038615,0.16647456767150048,1.1529867636242015
97.33295082693483,6144121656.513691,59.19126228734899,154.11908356286358,63.80802615324476,13.479111818909523,-672.8610392685562,-1724.9483683775984,400.80780134884304,924574.8387324172,524977.7998074847,0.48823933089439553,0.17237258901913213,0.7411951789354887
80.46868923943711,6564846430.003398,81.20311024927253,89.07739846325755,102.67095967615708,19.21191387375904,-144.79106171983267,35.64285195476441,668.0520057662586,1659040.422517953,247202.88514371405,0.4878752586127476,0.28935302361400017,0.40642428359556537
99.91605377544812,5692249259.315872,-7.268988150305148,134.06282219358428,99.21721417950589,17.240451633486227,-1256.7081146055289,525.7362900387993,681.222302454053,1719396.2975123795,310674.1939198891,1.1328935119444983,0.30398758628355227,0.9042161781582636
97.50903077109342,7540748552.294771,47.37229395660384,96.42592042224719,84.53220889810926,19.293963337335224,-888.0936430635018,-1264.6355523556037,552.7599048757523,1659700.9851386335,496956.2788255054,0.32778721599622085,0.319315340559162,0.6440056739335187
83.99940364148698,6626304335.299281,76.47397399967386,134.68780938300497,96.34304529390793,19.56305927933514,-258.48673885611584,-86.09120325839217,444.2602154420672,731145.9757024789,270789.96315990086,1.0700973105877056,0.3450833336388468,0.5799655180710898
101.24583121130095,3430362102.767371,-39.07317165023431,172.76307265855488,68.85585838376396,10.0864286198306,-646.5654469612971,-83.47297684252294,349.78046389395416,405768.28083247127,253777.8620540279,1.3835101870779645,0.18707617336190216,0.9590607629520161
99.24236699650949,3163861785.6887627,87.50791333985967,165.79798729289956,78.44999942903291,28.173757661519783,-882.399410447826,-1595.3708238239649,410.1099965092756,1033176.2769766185,577086.3320563978,0.6748827012696309,0.2745537584367561,0.996395913279431
97.42261417342748,5672821523.439885,-8.453472418499103,112.99503236170497,82.55103527870347,18.142845678506273,-1594.6295026724094,1566.9036709855409,786.353900091509,385373.1536664629,557079.7011990377,1.3193618532168832,0.3064405631592159,1.1602949112044816
98.34127741475001,5362459302.456554,16.049023422735672,105.16504546200247,118.96697208228892,27.607117619592298,-1648.9646148219663,1662.9076121678672,562.1684952103318,1406325.8886094433,526883.64090373,0.5153492669460615,0.1725596500116705,0.9714783103059126
97.92541631075224,4627712087.778294,-41.54672369687758,134.70667376243725,49.16197929866336,25.948649091467104,1549.437866426489,-1724.7233481703834,438.41038474283465,777309.0489783727,263836.9974284791,1.5670758245711918,0.1958261873422733,1.23166421167591
101.43428671359095,3255129375.595854,34.733514787528236,90.43899391048708,63.46853590665627,23.30860416524976,-1085.8287409200875,-352.015628835846,788.2377952851135,1127254.3630735194,238326.46879728045,0.16538686215576612,0.2195434824350343,1.4396942624790365
109.4445351419433,7692040270.094824,-48.69505835227226,138.85390853136298,100.08741154553033,28.686449914118427,-985.7801192147198,-88.1145908094461,526.462018035852,1731130.6709515094,347135.9506124025,0.5833512977700297,0.23414218564089734,0.6440126310663259
96.53907448816487,3602114277.9083242,46.94778854361357,129.03725678319938,47.645733468790404,12.70286889334194,223.3512937053638,-523.3252339989629,583.6305509855799,353628.06934662175,335358.69752832345,1.5111938339439686,0.15883430847001329,1.2640157543468475
98.767785833215,6815272539.506479,7.429552841579778,174.24664732797075,92.51472914937999,12.646903261809621,73.63862548245334,-1196.2864130154894,297.5560576459543,502185.7971088125,426141.3730175605,0.5966850907264151,0.19300837725762154,0.8182879689437907
97.43359170116352,1942013991.6285226,-62.30502076577152,124.19728936687864,41.99923053627239,23.887173929851873,381.3423796760885,573.0971292481254,668.9611527917959,519958.17879062606,523533.557923871,0.5861045196693468,0.21777843824297938,1.2811625973856235
97.59322849296768,5790608334.567857,46.49873648286331,156.7272500223567,70.1980639526227,20.683683613513995,27.435800633538065,-1104.1778379136322,660.8145816758949,1287122.73013991,348011.1086285764,1.5021989189024014,0.2281566614331923,0.5580434147554512
98.53615137141351,7972754200.257733,48.09333502439728,149.49605026915876,88.75142931279751,16.24414459695201,313.44350302622865,1313.2807008563818,385.8853633032254,386252.57375388866,503345.61845894763,1.1223497255661739,0.19137002917312249,1.1414345138329205
112.19272617317064,5902060093.991651,-39.338978596419516,116.72656029264743,52.04930794129976,21.154309746856157,514.011049490321,197.99228374437917,412.9016909995837,941519.1256857022,327007.9471860424,0.6038159890479137,0.23843279528798028,0.852325639379321
205.41752449000919,2983725518.5076303,-15.206457880756346,90.02524029787706,57.59792629902479,29.99706670338014,451.574213434943,-105.68790788685533,278.0558552456777,399681.4175279703,212837.73821512004,0.5281832077829628,0.278611671877968,1.014472654716974
99.10675600033998,652111199.4720829,18.171072552772614,82.64596855821704,52.72030729295858,13.33567272368988,1246.1840315095642,-1009.323997993851,725.3809899192029,1093105.621863771,460722.2366623535,0.9267365517149496,0.27558930911704593,0.48187394973377895
104.40979245140835,3595034140.8978767,-42.78609958568017,167.82361063662762,46.055635965233144,25.448568711079517,-1474.8446329366081,-483.41015541998263,539.5734247311301,1645225.0216499455,500210.17793922813,0.16684700536581235,0.31837879575557587,1.2157820243771278
97.8567360288408,1990948987.1001346,34.34097394709106,149.6199409862712,75.25253642602698,26.588733109065362,-770.7939425522706,-1432.0421714686627,756.7497716669477,1606617.5212731368,530519.0331729741,0.6342220468359409,0.29870362805438866,0.5240598143893102
100.54905393204244,7800792249.675708,-1.3467215445319738,173.08142483798372,92.77425298993292,15.584048458724627,-1415.804963416314,561.0637049114202,310.6530721134021,954599.5414105891,399927.4414570016,0.3976180292070084,0.3485391826888069,1.308878222353532
106.1527674047653,3655752804.356983,85.06348496523819,118.21830109087944,115.10259579982363,11.166008937898466,456.12119888508914,1060.5675160634328,338.87604132677467,1214741.9553023635,293362.7843010058,0.7528680846791119,0.2578257983717874,0.7818528718136558
91.76067553323658,5621195001.730055,-66.99902797231056,126.42693460866107,69.4840737816195,20.252364677252267,-538.2728246624495,246.66236007040607,746.2806928486525,1518497.441884951,549575.5245574325,0.9124696524966954,0.17200945679167812,1.24143646832411
99.02897775955961,4374811058.787662,12.03096204155149,83.50113408720026,89.7490900519728,12.823890362479368,600.9166433964701,-973.7826826574064,288.8884940516768,394762.2674072919,385026.7078371787,0.6157752701733351,0.2707355322027245,0.7879389459890049
97.90733956975397,6345738726.695563,46.066020041136426,144.05927481217168,97.6878993298429,20.36707661743949,-1594.1919059654679,-1424.2711639814133,389.81263792295204,1648875.3703399578,430897.1245800786,0.7241413097275383,0.3364123819062793,0.4762119191040597
98.75080767478651,4045184733.4449873,-51.357845341228234,82.54401178478734,43.37689535303153,22.607574189804343,230.17172829218066,1330.1422393289272,511.2071191015848,1545555.953166045,510069.38603065396,0.7951030198593906,0.2601985601810013,0.7778000896342889
99.7660238606107,6278582971.36221,16.406171764939558,160.16263676495794,92.23896966946873,16.246995038840325,1151.0904085930538,754.670435982393,360.8976249459583,1175181.676291152,479984.2090655881,0.5030674513338559,0.16671300774079648,0.404574909491045
97.5200028728681,6035327528.148661,57.12127946791648,166.90895604338516,49.052999462658775,22.779228711297158,132.11187765432624,1171.6310884466493,445.8639033832791,124418.46333103177,306337.09603274066,1.394772871339203,0.29964498643939597,0.9647670327918677
97.59812403372207,6980884561.428155,-54.759631611997285,137.9747985521211,43.117787660442666,20.778798874668784,1418.0651956579145,-981.6331398242497,504.56566005823834,671186.1125310331,526333.1628942051,1.1444112482906883,0.24645328560226493,0.5529404357559202
135.4636002195182,4606633492.514322,-23.61010377144757,118.77349390861895,60.24334005204939,14.595854547376682,416.2169957733886,61.49680763803235,424.5499087608955,1591716.64952396,284285.1548054352,0.875721752085853,0.31852846303199017,1.0350605964606368
97.39296388325056,7839565050.155025,88.29699326832431,88.86667188318698,58.00844066330409,16.67133854836728,-414.96213048585287,1727.4313746170897,406.1638381758613,541719.6105183049,520106.6006224098,1.1595100877370492,0.2507444066330904,1.405436422678819
97.96139131963577,978689010.0357299,45.20487308771024,141.69250669292194,45.38320472695339,25.95121369390347,1435.6537926462597,-1509.6128455830356,619.9241730673596,303885.90721300116,246656.010296978,0.9017992061385959,0.153004885918559,0.49477210383880893
98.03295950202137,5751643714.361603,-23.393793676976614,193.67174835722352,93.64865642849594,21.203932362100588,-989.5313639598054,-1269.9944672054874,599.0278801808504,982920.9326957015,559189.2194195092,0.5356034567353709,0.2752006264741794,0.9254907861043149
94.88928754014326,1821240203.288106,87.77710275536003,124.4071966859247,59.427068198155546,15.485419900485134,414.93554066017487,-190.0170285343247,691.6402893872173,598193.0908941248,379995.3337399276,1.1971852805705285,0.16453665290212952,1.0979375264163664
113.09134998990176,1786312350.1916063,61.75246375526092,122.92188758703924,84.89345553267691,18.422842928963135,1639.1913669416554,126.72836939946319,295.4748016621256,1105111.1835590089,410729.9836927672,0.9429137975820091,0.24393366714312892,1.2452775668591807
106.32359320469435,1160006886.8321667,-2.0638810302727393,161.0148572592637,97.03731441652694,13.029060656523281,501.48540448749054,-599.3812960582293,689.4535318074479,440831.4231788576,584220.0230152273,1.216091680564891,0.20092040188722673,1.103280913325088
143.01857837377224,1969504739.8848867,-6.952454120674048,121.23055578662529,90.94921928359236,26.655777956018706,-1011.8310294798694,-234.73521797142712,468.5329572025381,1600250.1898891013,393375.16072180006,0.5127798928501999,0.34952823425980645,0.8435296738917983
141.49100310384665,2104733615.3104222,59.91915239286226,130.28550186592935,83.63920695994847,13.183318163093498,-447.6427434440536,363.25768980646353,360.285228764654,1158394.7183317358,532200.3839266432,0.6700346897852115,0.19220080063848177,0.45198653624175783
97.94956709848142,1659405920.5685835,53.20780375393369,113.27025105762013,47.25340704264756,25.41415062738274,954.507810524648,-355.5062814877224,436.07030054089546,155683.498707026,384196.43792716734,0.17155882964305316,0.3481641978437672,0.7111141328163885
100.65933536363498,7026729978.136404,51.21189286181442,121.7092338041939,108.02641475802977,20.568844133379333,1365.2734749785473,1021.176636363889,381.61560470148675,1667502.9429841528,331828.5263530938,1.1637187218736025,0.20519416499185128,0.7878793570334597
100.95553568375838,633428837.9536014,5.971836409764322,111.47957545179256,47.4686093268435,10.55214074197526,-768.5042150877324,620.5961666734361,702.2689522675413,1090480.9575369498,281161.4952362646,0.10264416032388371,0.2640546138253093,0.8575918168895582
99.67078223329895,3873817410.663188,62.04068631179672,86.22186043951618,52.62928447019654,22.387383239985283,-1725.3932901918101,-57.07673375825243,329.5477063325542,1341341.7171229136,250390.06698507955,1.3174205716999374,0.2648013665761966,1.3860727360121645
118.86918161335684,1518499692.9186964,-44.244909949077694,146.76164415171004,56.929291427270556,19.482485075946297,-866.9934687965326,-289.17555218593543,621.7913582095603,956619.1719460178,553580.3135011562,1.0978078219366205,0.2130514660031051,1.227110723957115
97.9112823141517,2650423301.7304125,85.79089663271523,90.22836795470995,74.85501843028784,15.599750062264564,497.14810318434775,1166.718327805454,777.4794438500292,833684.985644354,440680.98106551846,1.4943756077485812,0.25775746905318964,0.5380021265141097
97.96760089221195,6419751558.394249,88.39695364502572,80.09629341413932,86.02824213402667,26.090710779037188,611.2066403411723,1189.5288666099054,628.0402870420966,612708.1990861108,385594.3499759062,1.4435102750768793,0.18293499708622774,0.4972074075285433
98.13444723469476,2399178595.3445663,39.96412835545479,86.73354980339504,102.42884279629823,29.33680367503484,-908.4592042061183,1146.2705859092903,564.8274211755885,548691.9160345776,482062.3242999805,0.5434335688227712,0.3227200693763503,0.8961338140845903
98.01119394733666,5463271082.121574,52.230091517202055,104.61256544680333,43.53204539357221,22.23310782966921,-304.5783020051399,-1370.3037431546568,384.4185965101026,1176608.3463615447,397821.13523230446,0.3256612023609542,0.2490070481221055,1.2598447851863712
100.22900160369561,6637299210.245421,88.49885474084039,113.7609672100177,64.75679762864881,22.151702256077012,-1244.8404553715413,-68.31538597307849,413.1426014523873,1037100.5121796526,515460.1220906413,1.1166113947103629,0.30627186997235467,0.9335846006589464
95.95140555374043,6201316276.380915,47.34693354639677,140.75594480631375,67.6698270007184,17.7828737225002,-99.71801037934893,680.9703079194337,585.1701239820435,1388877.059861901,584030.548829309,0.9777702187620251,0.34429474350726874,1.3447875955436506
97.71487594601001,6219335528.186503,56.851217975988334,89.20559125427235,57.91704793970965,25.251425944077404,344.2136543908673,-1034.485932408285,664.7716925209918,845643.7681612051,315666.52750122227,1.54311840109424,0.28449511563256513,0.5937878332431235
97.71174525046602,2134213122.62102,46.91190765458043,82.6457596836491,105.8610635270062,10.306000466159237,-228.2393476799666,1239.571773251671,494.34652703586926,847550.3984157577,373362.1657719049,0.5253280950848197,0.29730855386836397,0.6839059875621143
98.1583015126428,6267283531.817113,75.64976428850366,87.69818012826816,41.006198227745436,24.989188836321503,907.6165400536929,-920.8985733612222,440.62736607502586,473276.9003822137,259889.70917338485,0.5645848407640952,0.164945436790685,0.8670216454805441
99.27153384693976,6246595603.340075,35.61859007471888,119.75894125650575,67.55642501757526,28.197886564389368,583.2953309721206,-639.6988608808208,440.0174924167175,272900.84158782946,351559.6512001174,0.2880729199989326,0.17623283489632072,0.509433795840368
100.26424914145524,1689286409.2945282,-29.64101191712279,96.10822007627249,73.88479146085595,20.389827370443598,315.1483474275394,-1557.8392067088803,306.6306211015662,834530.2214248107,235081.533661829,0.20292242338617403,0.3495102557952407,0.7367176421244723
97.81577165291615,1678452528.8406434,44.43139608370447,134.68941495007857,116.69939692597782,13.039827487697604,-1096.9964197533793,1395.8734680385278,786.436316753746,1725960.8253426002,576361.5974847558,0.10672081584935597,0.3001883191587772,0.47557629812242497
97.60470048059773,3662769656.3257985,-7.45657548141817,113.4037708362093,93.05574972174794,14.502221966118753,90.85768037324169,-522.2707745842008,592.7154530048726,1062403.996004893,251463.3691212923,0.9583819065803235,0.18223278856294844,0.8574077513887306
134.493208062265,5165796681.225677,53.392926936201064,172.43771615089966,112.02381838656065,23.736134214451923,-666.9582330371124,-256.00445811817826,491.89305538552935,746639.6233635774,372092.0372756954,1.2412230393440615,0.2547468189832054,1.4970725364317952
97.34321715496475,6990628614.221871,12.457789463482683,104.44319896785372,70.95601798447504,12.816206905567583,-968.1575680822197,962.8212102404996,757.3043512005924,1314490.684615168,237312.84087751887,0.8978051640364052,0.3242672201130553,0.6024534276636448
105.07419493563711,2362517275.3162947,77.13398938813097,177.34997002801714,105.34970298837784,20.458103254739044,354.56920893706956,1312.5412416732333,644.4903105972118,769597.0195248374,412304.9706406235,1.455887946744329,0.29148631164079597,0.9789350722472046
98.51545766981855,1448044090.1840975,-68.63744047532381,86.24418914888699,47.48996781615672,17.387969201250506,-169.83331956150687,-1406.573183729863,387.9296681578617,875652.0345749316,534265.5212705175,1.2118757544757495,0.3425905471030079,1.0237846799366277
98.41629367366073,2804109304.45998,50.87622716834596,163.57361982746,96.34654393606559,21.05932940084865,-1390.487148310103,-898.018896042965,773.9672183718399,378376.46773958224,375691.1527462306,0.22504879915083761,0.26000427856418507,0.9099533990273004
102.58562882462954,2535251965.66893,-9.656681482397957,107.59698469143655,58.92387198614328,29.514638666512266,1033.901005302303,-943.1130444780425,294.5940939635639,385657.57753653254,207703.81664623297,0.3803796243949181,0.21176329583258746,1.22717765832226
124.71146406058489,4784023123.725065,-73.90835136388556,191.3950441325236,97.9120707837696,20.27574218121231,265.02140570598635,434.02689448910905,586.9986539732188,1560835.951749461,473799.51293928234,1.1404306440599656,0.2814888061791395,1.1887314997049818
98.40631195558437,2100990633.5090716,45.90934070954091,132.51133337318646,97.06732692446198,29.85400228479673,1371.0527265269425,1377.3646046200274,534.9003296087594,309544.0535565228,230781.18938578325,1.5534122464246618,0.26756785741534184,0.9856461325020227
99.39849168354738,5503540442.685959,-9.164428662763783,148.64639632144858,101.27681287551529,23.30971403937117,-1043.6747109681903,838.1857031643904,705.5189851530912,891062.7412650106,364066.5398766251,0.8243358711642461,0.1942248487787269,1.074917470897754
97.66487308070124,7600805864.509701,-6.842748415372554,146.05342743046975,59.73154038076218,20.533829313209303,-1467.458619761545,1.522982294403164,341.4800985895087,276581.7710421445,379626.21466400404,1.5752130016611348,0.2357088343726123,0.46946736700216696
98.78621039434947,884839885.2673684,60.733997345112016,171.60847674256672,101.47432940397215,11.101351306382,1622.0234239307542,-883.8835749681077,537.2565598911021,276749.49092048535,213650.48362020325,1.2864098027833801,0.17593104008718077,1.1987953814724257
110.63682900295538,674272490.7358886,-82.53158093754683,144.81433316957703,107.03951479305908,28.214447150120797,1714.1338485257743,-1582.5980308204325,741.3199042054925,1752391.597414052,578666.0527570096,1.3784349258197448,0.28677488117560856,0.6127159290736985
98.91151188540663,5444228491.221745,14.631998186129806,196.40576750846162,101.19345999597618,25.17297347408018,-538.1883675279114,-1057.9551197996898,629.639250448032,1437231.518577263,563095.0743546509,1.417965728002362,0.1845965151206086,0.7072020848822016
99.49863800038108,1481036220.1220527,-28.017819489835944,111.40839738649261,99.58707932812554,10.03656864954185,-1314.41141358916,-721.2043448922482,757.8972244592003,655022.6656049493,405552.32716027147,1.250781650151982,0.23298026800504112,1.1627862556805597
96.98218448270568,6858367822.213036,17.792423653715915,97.35035981944796,113.81374350050707,19.66053477718866,-95.46300964401644,-327.978689218676,371.22933053746766,641737.4656138488,483843.2947732533,1.0673204450915947,0.15374399355959825,0.45562077336786927
111.33548601355122,615940361.7269313,-48.40837902653778,142.33228449474856,95.51767971868696,12.723731969207373,1647.3423258232233,-1553.2102234891568,688.3918774876613,1563192.778247098,383852.53911378654,1.2818584364607637,0.3247482589434154,1.4470703164466898
98.39674213232621,4983345463.812858,-22.99675044104538,80.87644809148318,117.62679298290003,14.61594266910554,953.0498017398481,427.3703296365102,777.4592392974776,889174.6339436275,373257.16274064465,0.31866693584999584,0.18392943758260819,1.4200077678988245
86.04155032436995,4456801963.437773,-89.52168733054297,143.34722403907998,113.56548958087548,24.798615024239542,-115.25814696332463,406.66229583937456,754.2425491023203,665593.7380776049,301007.02712100605,1.104798411483445,0.18593233566180023,0.6875256528414497
98.05383205197847,4605609979.073364,-47.331107839525735,99.2503298057544,75.66014344181677,11.21882251680736,1312.153321439765,947.2181829713854,420.4660611043093,851423.1432382358,326269.1286852816,0.39767011975352906,0.18110562529935897,0.6022115631459986
125.48077171549741,1221569099.710837,7.384541293179012,106.12628612328427,57.47742062351902,26.512122282356472,-910.7686170648137,-1198.708344946594,443.23597993448254,1713370.092006256,218040.22896720716,0.12952472887873714,0.3217490629844556,1.360500179923461
99.94192664771928,2658335484.3114414,-78.44276817814286,120.9511114825774,101.96256281593114,20.69777932016039,-324.1626652445643,1384.3506519511652,582.2547196059897,926566.3176688582,505235.28986354877,0.28022692012247163,0.18517348325612087,0.8341086469417602
98.00791029316206,3298932439.2364054,7.525189701122386,193.5324617996073,73.53114084084311,10.090397166636752,334.3435096364774,-1190.9428423514678,747.8138072493161,1109154.3802863597,442582.0111136959,1.0278914244384691,0.3177769809083389,0.5810142682732717
94.31820601125659,3487877498.393854,-12.91217288060713,117.60286313331673,40.24525192270442,15.359644505736691,388.4480785277533,-318.11265398121304,703.0883955673647,1342717.0224528266,580280.737440244,0.9875072087117374,0.30162878282225714,0.6019176512846696
103.77659801737353,860257964.0411927,-45.583015042843655,120.22553600423814,45.05831141068069,26.50277440569661,-903.8587756281318,1646.614715882526,517.3381968620716,1651374.8878848776,335702.29096082604,0.9826605980569102,0.26255628001051756,0.8917045713297252
97.34727698111477,5123169791.892284,-19.27052272374621,96.46293031142736,119.48537500819165,12.242458064187998,-855.5182623657424,-1481.0424917220664,637.8690004602033,1014686.9150776428,464575.37878425256,1.449372877245222,0.22300419536359892,0.8604604323473055
97.24718320717604,5429837231.955608,-16.75238320527623,94.18396374904083,113.82776145097635,24.165641147533556,-792.2414818094239,1448.815221359785,716.0849356715919,391321.7557167195,477873.579932564,1.140461176714809,0.20787662174261148,0.849649628284675
103.92362644543635,1216101173.8987308,79.05332284868211,163.01392285532415,78.7514345778937,24.707636148874172,1227.1730331640947,1657.808975102921,750.8551206991174,1065114.0028603952,234306.60191394197,1.0548554388385636,0.1827703818107992,0.959953293647982
84.7811642949279,1359761634.4516883,3.317068724214323,117.77467572785136,49.60512571809712,24.30796740790987,-226.92858589219895,-79.9447758404533,765.8002805023734,346961.7056711529,575618.6639663782,0.8266432011860417,0.27380369976745983,0.669588141529921
98.14436965251866,5460661953.003756,-15.485700309506996,177.49391891300627,78.66304280624448,16.0169927107102,260.54546907493705,1598.384154580509,783.4802570594195,974725.3595129005,337960.0261096873,1.445343382653341,0.23992112262014104,1.1610682985418017
97.45343622663981,6150938012.850335,-78.64120593056812,128.91144399148646,61.74042490489491,10.440496396326257,-1615.098983661071,-718.3086494937857,508.62372710262804,208166.79889901803,543205.0161805226,0.8823873004797397,0.2530431665044559,1.0159595237900194
115.91442034747048,2009011381.3867042,11.703987979460578,179.84234166595465,93.73717369538883,10.400150464173613,1125.6293450243247,113.02453052423243,520.9402870056031,1008983.9589756855,198616.80536605205,0.27326426378530433,0.18454212465386316,1.0216370991221204
98.40561326636578,7633332705.323715,18.606658897309003,139.84975865812365,42.182827159126724,24.81494371408091,1238.5811375349667,-1089.0154936701988,599.5220086084823,1184693.8571480247,552324.0846714773,0.11742179327281713,0.23092985310564298,1.0292881481611205
102.19394957894478,4535280158.007135,-28.82920138958876,190.37279863161893,101.09491391634168,12.946327256984098,403.45729863888255,-344.4616626055447,580.0273458468399,1066363.1197537452,493838.9566700352,1.4534702655951952,0.27180975531553336,0.9614388447792052
101.01694190896814,2666057160.7529106,57.51460347287161,197.27589240261224,65.98401930050755,16.916614931774504,-757.2716401645778,1679.193232867864,327.87209447434066,1251775.3649984438,423156.7862156566,1.1527431477981,0.293862549139092,1.2805177688066327
118.69959148144055,5770294041.4228115,-56.62279071621748,176.10652104308792,89.32199998622531,29.038710245957937,-1290.9421290159257,-542.0356748588451,332.16380534790653,1316095.740526157,569991.8886344353,0.13546696881873108,0.24294768229298702,1.2317107073348805
102.76709578569134,2253024424.460701,-49.51618252714594,102.6717096968752,53.554222036206326,12.26634266639168,912.1387628144516,-742.8049139111424,485.2463093478158,1315966.0396177047,418669.49755394657,1.247314280036093,0.15081154141167183,0.7193426363814753
108.80412788859437,1873296707.1788125,-87.06578917513536,145.86969140426237,40.02114472925633,29.58933194057093,45.559771803599915,-1262.4228196817319,625.3553994125679,1321571.2873465118,385689.3302241083,1.1011675980613067,0.22733255640604932,1.044711430670216
103.78774849981916,6479002292.257049,-15.166777820454143,121.98198261156898,81.99510884995851,27.505903534751162,-409.74541103566344,-510.6225649412929,319.11808530207406,202136.524061497,447758.7870263212,1.3116819650070046,0.27223714829648876,1.178838163883999
97.51109872040533,3726719566.3004766,46.91558658532176,148.0859053415338,45.631630483026186,13.264190595321523,-1419.1073328631617,-1552.098398234371,457.9768007645134,636407.3877681273,206105.68548148728,0.631397297831538,0.22147681202723632,1.1530218541153914
634.3595331547707,885491501.531561,-39.09048785480896,189.39120703426795,66.07698873680692,28.275908895537146,-516.121791548871,236.32585084966604,461.96651237996514,1489849.8962308464,471726.2773839249,1.3778959119119194,0.1512394090793969,0.6144956075331722
130.7107358804827,3773671160.9533963,29.815264795242527,154.34312180954686,110.38656391687014,25.764836169029117,-715.2376857412685,472.54431347034733,678.8650203754655,1678678.0919710367,569700.3378340858,0.31628033151916135,0.2632679718593204,1.200875674030896
100.40072212832588,3192910573.873714,47.55414547978711,196.95937125461506,94.881850182953,28.672313295659414,1107.7665109808931,-1197.3616368941475,457.01091197021293,819887.8783641042,272277.80478264345,1.1106394630894982,0.342158796511427,0.5241130428205695
101.02190344193585,7233686310.026599,-23.610820966200166,133.52031299096194,79.05465302552544,28.05995788536333,767.7351890453097,-1459.7789697875774,480.86411612741756,1539001.8407596324,460237.99404955393,0.6812235596966025,0.3290106664168125,1.10067105285861
112.04267198065513,1555930773.7450395,-27.966122953247982,149.36821694055598,81.18078480918452,22.940328709505046,-437.02359183628005,-245.30434990902268,775.4623584403416,1044596.4631337272,566481.4041544741,1.2927473117813557,0.22692709384961957,0.983146703108027
103.1101721294909,6698488886.002143,82.07448699523383,152.39666473932465,117.03271724785748,10.688653118784998,-635.0334733549046,705.4720383530776,299.68794168198133,1112955.2197511406,335758.343623712,1.1599114486680437,0.15086159783193787,0.5688052539716907
97.52267234859043,7549915387.318408,-55.26685563251703,184.1870623109512,52.97565398569078,18.55314395003858,-1089.4905398473288,565.3300051482183,734.6143148084993,353892.5439195476,270474.8618773244,0.16320287240426148,0.29639331688917064,0.8359636574128063
99.21137615056891,1748197994.2307763,45.36161972012212,168.02669159605918,58.560389844973066,11.974844144058341,-1633.1254306929209,1186.4277438258537,298.1315476755102,1213856.8443633846,551536.4517982951,0.8403544380386386,0.24915867709114398,0.7940403030497287
98.8132593935,2558091745.3314075,-63.95863028685001,150.16731936511934,45.40949270549815,11.944544263885163,-36.18759119702236,-1326.3596180917716,345.4284310249412,1639134.624674492,548463.8188284028,0.7903823132214481,0.17234121917262377,0.44629860599304116
100.26596897668385,972343297.8633754,-30.904288370770544,181.17097819373436,67.74738133677344,11.757549111077472,-1390.8861352356723,194.2007943598253,489.11688156198954,416522.47151678475,530382.918459764,0.899573612381989,0.3482830115720194,0.7135153712044688
98.63075520872884,1155990154.8483214,-7.138836205461658,136.72231258827264,64.0041325716414,11.656772820240398,-256.3033126325445,1521.3861693963104,569.8456046672243,1319233.4547554515,420754.0520377369,1.4450426859557064,0.23166813391502988,0.490275744485526
97.63381285641822,4469495501.304593,75.93731290250153,166.3856275744557,87.01517048640653,14.118039077099116,85.97946201950572,-1676.3720741856253,398.2366814485355,1158534.0630281963,217171.8598014261,1.3552460755801699,0.323535696390691,0.43820293244728475
100.75746290144009,4932391868.033753,-3.1385248513454798,188.17589968007672,83.31057625701405,11.42125410387581,-1615.4047660061108,405.5634128762176,601.7320778289318,1226107.0657469805,304621.9991240169,1.332651301203394,0.2050969673508979,1.4876455298600049
96.29829619693622,5942132564.891953,-69.78288807766982,80.39161281057747,69.11713339335986,14.63487334926744,-33.19330592299161,-546.7276261501263,575.0058603127904,1440749.1882653497,321069.6652429855,0.7964459075526842,0.15749174554520484,0.89850204106566
97.15965213485978,3220353885.075647,8.721270809378481,84.6359243688797,54.64528704360474,16.761481232655825,-292.08844523348967,-1392.7890728471489,738.0828126790034,943396.6617011795,571182.1712156896,0.3987594665148937,0.25678575700013073,0.8744490305933739
105.74139963519306,1285719807.5265687,40.72685818542169,133.2480375836262,106.5659406632752,20.616783079808904,1198.3551802092547,1110.964407747328,352.1763942663413,698083.2729629871,347399.793616788,1.1176759863092192,0.28404253748458475,0.6437741328034721
97.38016627290432,7127472624.200798,-16.715603115704695,166.67673753836164,117.3594522546924,13.31047844474184,1369.3514809415724,116.2537699667671,603.3466111446988,739994.5217836825,543862.6766945317,1.5113194107775307,0.29057842679537227,0.5705300135192358
99.20236634620285,6577975324.13952,-11.742880000971283,185.83884020582855,86.47839800439054,18.685102913430143,1289.3186951997754,87.83666096869706,362.9466719303732,872154.8295589603,546834.456320911,0.6737613129255847,0.2990273088818667,1.003017839504728
106.00405062730714,2188627847.757258,78.12108258171679,168.44772594086885,77.57212551318855,29.834050916585273,1679.6193177434752,-1680.3932977386376,633.4470320467528,1752714.493958868,305338.33989034453,0.6561636982562827,0.2266350000705507,1.104971054285277
113.78693605032362,3359639106.478704,51.093889307785844,146.50865968591074,53.18334541774341,29.029896987959496,107.43680224965487,-518.7681274446256,581.3410541703081,1616447.5596521734,499006.65716151113,0.881520005900219,0.2401306218252926,0.6945249707414052
97.29922901245921,6325177231.939582,10.602612160554145,158.2550969372356,95.62227546124134,27.808051398409095,1424.5453821792494,88.78997236112673,691.2370584505525,167205.19955604844,510919.54092007235,0.656798304895572,0.1675535116617582,0.8150822716242903
97.60622706038399,5815421087.220786,45.58448389234272,118.35629891732975,56.0787933192218,18.205834514836035,1011.6504361348416,-1025.2719757480363,432.98853434506617,503487.2162839888,206457.21019008648,1.5228502884784922,0.19730248581025397,0.5521417512611884
97.87174096870731,5569983993.825256,79.99550045786796,136.97045796447026,61.56727639119657,10.883537116274148,865.6055262401801,-1179.8747290237432,427.41956162817246,573850.9414703227,339931.1207422303,0.8368877417353731,0.18991435440313675,0.528173486338354
97.64002210905107,2379099374.2007313,-12.881829290594112,199.90309137039537,70.6172307994965,26.214340100919422,-1100.6781419299464,-1039.658090627795,568.9417903925562,383916.0983240945,205474.25321749327,1.1140693259100298,0.31420778682285994,0.41558112824836685
98.19500769412285,3176296594.3841004,-3.309654798010385,99.82572811614492,50.59570378137608,23.996893036460325,1498.2124126722974,717.2709416628572,443.66671354616005,446089.6179276514,372988.10881093994,0.6043828696000869,0.23373755950938163,1.0953969968951887
170.68729469632592,5145542683.769404,-53.44065364273999,186.74368659151526,50.484138184165495,19.08901183340409,-371.7687809879137,-18.324614336370814,276.998335138375,1035592.1560495533,402725.36211614066,0.4774737398821677,0.24447888010371538,1.0195345434074619
100.8523427427936,6933373229.954567,25.699798542006675,121.67290197103281,98.02570864564696,23.315627336235195,978.9095815977507,680.5085993400662,376.25489181128285,585344.9941749407,555036.6640718912,0.197600815552638,0.3158370850057711,1.152152400961886
97.84489175911959,7432728910.609801,-83.62507737406804,118.21487592685746,111.35318355577832,19.715344406943224,-1146.9486583832772,1163.8914716720587,485.665742802856,1097156.6111311945,241699.2920097034,1.3102516010860503,0.19298144481081458,0.7985106397347772
100.93078308026493,2673667864.321199,70.559403998345,129.44150465639845,79.99347568562293,29.976631650191553,-718.183612980593,1279.852088558786,736.0753539603422,1722476.442755471,393707.93928484945,0.8652951207563716,0.23105023015809675,0.9071283940598552
189.7506690903376,7900516287.114332,-58.2795822063694,147.87172061807505,118.94367780325405,18.036641380837644,-255.6745583675654,342.95618559500645,426.83595746227934,922584.1138300446,473582.21783978795,0.8000010789451643,0.20660264908399356,1.2738990653927185
101.0001810653442,4776115877.24963,-20.936186746215455,110.89008135237367,75.41606592408824,29.40685020304128,328.31729953845934,-1263.8769360004808,296.2144616172815,585771.0520349948,302936.71389883664,0.25921516099000985,0.28818771815112876,0.8814214550562736
105.26837388791932,7095894441.491997,13.625917111768175,178.17926369171406,86.2083786604244,15.762028026485115,-954.5038076573751,-404.9499829418846,600.2046720157607,1293907.9379349672,555418.8877046765,0.23579004977942888,0.18245993015444584,1.3614284076319363
125.15300894547038,1459606119.1531408,-32.38015520674765,172.59093118062952,40.14012512849994,27.553797943135518,-1335.7550754555723,763.159841427469,551.8995234150732,1560703.2751497026,341476.6356477138,1.2485580218361554,0.23566159112564813,1.3695601264024397
97.5711903903193,6705394060.123096,32.95508182517898,112.88536656937171,93.71869348656986,24.328733803264342,-19.400097523973045,-1041.4926043237288,599.0253784915727,992250.3422519051,510557.68340893905,0.5027678956697056,0.3333668654500775,0.8460791175399363
108.38480909405757,1147322830.8552895,88.18029905776083,91.7921930270962,90.95978446570254,12.440862636763674,-1669.296258922622,-246.0509968149247,501.72086918218906,1727471.6193780974,521870.10681551724,1.2329349925937914,0.3199488953279514,1.1633780276320063
96.8823984232918,4276067028.076572,39.191695263920565,92.46389025974753,73.16289288634945,19.2303841415384,302.01877432035803,234.11820629389285,455.9993900922546,1214288.9459603697,572959.2332271367,0.536680522896146,0.2419565629906667,1.2093596273072893
177.83035380867113,2855140539.3335876,40.69696207197467,186.87160114714106,109.47336354657853,12.035769495968303,-231.76098833998867,-45.09533115861268,373.67482912334975,1541387.999780372,384492.06887737033,0.2041979849251732,0.2639457093232073,0.5315017369997711
97.610643925743,5040711451.059596,0.08717785074597373,117.99811773129322,49.62134206909604,13.988241945489996,-1483.0319307939665,1418.4680408956647,435.8143944106869,737238.5144799227,385660.3820851585,1.0112375772494004,0.20420623160172968,1.3005537895925476
100.74372824067417,5538135838.862926,18.951118521586153,151.2266953222026,106.15155269506899,17.797971834839064,367.7273295552959,1120.81700776988,436.8881632410918,1033376.0293191939,516092.89409866085,0.39733554382263825,0.34190641629495283,0.6476555905740842
126.29650483061373,4554714875.902179,-75.76186454302254,113.94701838473944,91.94349789078458,15.574154062999233,146.6807829668046,-677.8485041712524,327.7995969796629,1041289.4520168476,383440.69821839774,0.8433116750129082,0.3224363062683564,1.1901392192185902
97.01020438451526,7816562968.611699,27.42197302542715,160.23109068676615,113.75754515707568,13.500635511683283,-451.69285383994816,-1063.442991374759,623.7887438944209,500314.82780712325,258317.75161185625,0.8165057778168571,0.31249123320840777,0.8279692166671138
97.49056391247554,4335439911.327309,67.77939978973475,172.62841955738574,42.367780384546315,24.867052210238903,-654.1808171142636,-1534.7427546671418,615.0805216411585,1552049.1353207766,202770.71021869627,0.7207639550154198,0.23807127507163411,0.9151291970923516
100.85233423783546,5940397466.283943,-51.438770286715204,147.66279841812724,71.00896754697018,19.833730696237737,1020.7420749728867,400.8836968728283,751.4844935346075,1554461.520133839,432558.64827130357,1.0384474903139267,0.18938978614287602,1.2834965011636579
97.53680709937005,6229498302.518514,-38.62996735801522,92.31011917205696,68.5612272140196,13.980208845692875,1349.696246422915,854.5258387868153,513.9683093997187,351111.58491494914,228125.0872536749,1.3248840376587872,0.1942767567622712,1.306126784019426
98.43206253649632,3915504815.5633326,-68.1915265892365,198.23635173760127,97.32445046905312,12.197489153182207,-1252.254941194441,-578.3009289646213,730.2689655898564,799297.4890456027,227581.47976718633,1.1026200836702227,0.2076101749890941,0.7616325280229381
97.30926682111527,5580266462.576556,-34.26798556331549,84.51727291977173,45.73396464313604,10.934896943733916,675.8065203332494,260.17907474576145,589.9629879268664,344385.3621212945,241904.06862315652,0.724974007223446,0.321284125971739,0.4236564872691356
99.79709062210095,4509971986.4823265,60.57199483477322,178.1616859490403,68.18754146920296,24.514855365383255,1000.2516090349586,-231.6399792582008,758.892815924514,1559235.5129563655,381443.83636334026,0.25472989470069307,0.326822900341516,0.9062749734812912
99.28205377744334,2250923533.9380083,-80.5252246052842,139.26730732027966,70.91959782642574,17.83178997597142,1679.1579029503373,833.0675811465703,736.3761349013535,851221.8581861017,291924.67850453686,0.1478817298383948,0.34340475367133777,1.456892669171117
97.52879750765442,5985851760.068822,-87.57688594116885,155.33437819791587,45.314867938959765,26.398486688287683,1179.738775746268,553.2317284009873,294.5493256664167,181552.0231498595,338464.9776491528,1.374369957978073,0.3106668982742201,0.4972513263309264
98.32174224797431,5863069657.122003,-17.89149438156565,189.28839898897803,70.85292315323932,11.15704052520937,57.8669776077968,-1430.5563617562673,447.2459186300496,1529336.6387861115,554641.044154596,0.5736098873290059,0.34964877599033467,0.879510542305498
101.14473912557717,1036162844.0416105,-37.93622074227634,108.70927337667337,92.04579879377263,20.491491213180915,-1044.4429290222404,-1123.05643846885,722.7369385655454,477636.5320097762,460996.6263165014,0.2531817730122007,0.19359982602944648,1.4066034394826286
133.92389652312832,1289639758.5064273,-25.4464444690353,148.56447669672787,42.00310071020801,24.147050875669308,238.58074350486595,736.3459776264408,425.62040225052476,964178.4520480811,200596.73084618486,1.1287919205771884,0.1708233892234445,0.8112393499091066
113.47884873062851,819403274.951768,34.74682545030937,156.4211706173605,76.64723862433866,22.655250829251976,-1142.044637035384,1532.6352306414528,708.4488748355429,1316745.39689597,247200.26937625557,0.19084787679056772,0.222789104959127,1.0203878630537166
155.83194971368414,1004886206.0874524,4.7271199198740845,129.62982601910164,77.87372200731193,11.269409807878656,1031.4664619762361,-185.9251704178928,516.3508837261571,1725021.779155638,487697.83864719234,0.7525547554076671,0.3173113407315921,1.2084222363306734
98.59064644066747,4216473286.9347425,-81.95967855454784,136.52007474495014,119.71611172617729,19.617101287752934,-1241.4160490805284,346.87294601744634,689.1607845614142,872059.7315497906,321177.86777194135,1.4941227687282672,0.26867665514919054,0.42392719137526824
97.08733919199054,2622863666.9812565,20.517489368513196,115.44816800828758,45.48352153614492,11.817673559293986,627.0023938161853,258.01308989977565,668.4403089346656,124407.88780512677,506898.98459866433,0.700071976601854,0.16782035279357232,0.9715693400542093
99.13546423490158,4688508735.992187,81.67373410751858,192.8708612833638,102.1697122968728,17.567654247438544,521.7817987738699,740.021921038031,583.5108322497786,413318.3446955888,371953.92004733573,0.6784774213801895,0.3137095753888394,0.6385389753762101
100.17961422744158,3640774324.059249,59.84767636946367,153.0510752896264,91.76809810207186,21.75516972781076,795.4699812678768,1470.2946684232807,750.4712471898832,1537429.035691343,214570.17364441976,0.7746138445735636,0.2879293539903768,0.8467458167993567
96.21945322601493,6685421876.499525,-29.450450013430448,108.42101144433121,83.0704381496152,12.866084727517485,-351.2384444405461,-308.72583636559193,394.61769548631094,184836.02816686814,421292.3980309863,0.561469748030107,0.272461237086021,1.2286667058569447
104.98344563330934,2905827999.8764935,-17.53454829019057,185.84156457176096,61.765913420644964,10.064661601388208,-809.1709575433823,-383.95857209022165,358.29067871024387,1453182.799680829,579758.0380815647,0.9178494066984387,0.30932276540666803,0.481498040675789
97.3759928718483,6709280263.098408,12.522288403285657,99.12973399069305,88.28536969376269,27.122055754647715,-230.9970590224459,-1361.5192126103768,689.9325726479938,1227369.457562822,289033.72544988163,1.1473002278680655,0.3078231246748279,1.1722465570400675
97.36770093425132,6217586085.657004,8.262798811555513,187.38139878133808,83.50745039695582,15.731282129479265,-771.9021009817807,-1369.995696508981,484.2256803145749,322531.15195932705,417338.2901180373,1.592953843378108,0.3169084634556069,0.7758683242130506
114.25802942262267,1625717100.005134,7.625186300917505,152.49688835535267,82.64153835402497,27.256960447599408,-1009.2725201577539,1657.3525316592081,568.8004658500881,1591033.5429408925,395639.03442055447,1.0913787729460365,0.20935217706251885,1.2269668872835615
96.17074748624901,3071680382.9512033,-72.1982483742477,113.18257131474545,89.33346049016535,28.50159347699221,-162.9823426256621,-767.4178431113726,688.8095287871561,556207.8253757803,519893.65901186387,1.132190853421915,0.30954157808321214,1.1141895196175993
99.57758135723782,1283056962.7119594,65.59408669993792,110.17486782522575,100.27944654333098,22.66725927525032,-1482.4348843277776,1271.869945406856,748.1744725492341,981219.1415918398,265834.3005157824,0.46612683837119573,0.32000140192002074,0.834365630152013
103.0086045335014,5490639383.898397,-73.89944118511106,190.0975804739243,53.917845859196404,18.236638646951867,573.2538410880848,590.7022093184246,530.4931502522909,686936.3253084153,254914.32655684493,0.18970331438544388,0.3156564286604915,1.38545007641812
126.34170965507201,1312018678.0764534,14.449030882554126,125.58698020169645,64.09555933353886,21.45995215482634,957.9842437436946,514.023644699359,680.3222949040912,1389685.4108905136,480528.42859674775,0.9595547464381317,0.29401698386797515,1.3540138034786848
100.6531625060389,3261603830.614749,20.484763017985642,86.28899547714101,47.49296959101345,18.77826899754298,678.0126055571095,1377.4709207079973,325.3345918929446,1295040.3447954664,470403.6585790145,1.4450258613665978,0.26834344284816475,1.1256478117373976
667.8413589316165,791706177.520058,-35.622912115984334,161.89063734810435,94.95027824046028,17.31454765304168,-357.5232224851318,-516.6816771425788,598.944485960124,1708510.1469595006,491539.70393680275,0.6742353567300241,0.26803559710717556,0.9026508135787812
98.6838805861735,7852213233.119377,48.443502073273265,90.03842609066568,91.61492753009327,26.081635136550773,424.1202992908047,1052.815941277931,790.0856084695188,1402846.8166287553,363372.1733676194,1.3909963059148165,0.296518829027113,1.4757141048007996
97.29119766730322,5972006662.279368,-8.803611989971358,114.85066008083257,64.49649112818976,26.992148169513555,-512.5935435254664,1226.9775703902983,362.9606299915489,330576.919268309,328119.37822086434,1.5630190598418372,0.20460704041808025,1.303211194931716
108.17034915608359,3192609358.4784875,-89.36346099032293,175.12586048903057,98.2247642819247,16.503814219721363,1483.394883183078,362.5548767465866,435.63268482877766,1081463.353160761,278344.29439303145,1.3957316427266182,0.19371685115833548,1.4796340251020208
96.20877425395247,5667717105.029368,53.51350234592053,124.75720667807107,61.143737639785336,21.690474176353643,283.10282678802946,295.2052319834238,671.3847519267938,124336.82608727505,448921.3506814471,0.7243584360554094,0.16765695575072345,0.5640995492858234
99.2765341621536,2256367309.0778666,41.317431943563264,165.0381217504326,49.26050951575435,16.96117998198744,-894.6573560512304,455.983362186319,300.4483515493181,118122.9389536759,405948.7887229044,0.7085881137821618,0.32200158020736747,1.0768521245855092
99.44202991088476,7233577000.417617,56.18229200864769,172.36810756956015,50.3664706500388,29.40046997624662,688.2286066615648,-1489.2392631861899,601.882843101657,1321628.3954512058,509639.28423146636,1.419575274247682,0.21737030758523956,0.8638911866896688
95.6717853939066,5647600928.473596,-61.13282602328832,127.61656535434844,84.85074904047679,16.109264411024377,-475.9772761722925,-1000.312293511053,773.029570426242,1716543.3491488951,491596.30816478224,1.1002060646965766,0.2698090608091651,1.2936567533265284
104.99819723304033,726450150.4258332,-71.98647433872571,101.84220651406048,71.8309050607515,22.641470042520623,-1621.9000856443515,-566.6300239705579,634.652328393664,614039.4232837958,558322.3733916236,0.44130568448950713,0.2505177865270655,1.093234684240294
97.55396628481198,4984429244.4706,-35.749153410098714,166.08660345498464,51.700445900350836,28.144320224780376,1383.5931282980482,-683.5677886406534,559.9700269235218,118248.01190238516,545007.8966925356,0.6089227669421039,0.1617977584493128,1.0398205586558489
97.33397237544374,3887153649.0513444,-39.836701958263916,190.48618469084863,41.87234975306018,21.94727023904058,1189.4880093338393,324.4651844916875,793.7912482626498,591003.617624378,210399.27705052838,1.3787481994411412,0.3156370011432842,0.7295776124788735
98.1686630958312,5998745502.626751,-36.82499626175159,95.01284750879364,74.92639364757761,28.02763063138627,1641.2846099010312,1021.2428680092748,691.2879041675478,1455428.3213246467,415003.68850546377,1.2508637964375777,0.2786794930636374,0.7385955452450159
98.82356994204727,1417749606.8431034,9.71843087632493,122.84184978984328,100.8373322305269,12.527630692245719,999.4920261573648,-159.15833821626984,769.8425966123918,784044.7212045875,257027.16864587032,1.4077050405233282,0.33264420032275516,1.3976919785136128
97.04943426241653,7860718395.830923,35.98393299059144,87.43658747155284,76.71532466206061,13.75372859010289,-372.094159024997,-561.4536367254784,344.66624413584873,337139.98635731044,575685.9019764543,1.5053199703853528,0.20013246781871807,0.4029033260424885
98.47761858788229,6203658833.706258,-11.975010206527543,160.67063400347712,64.97857876966289,27.013041429004314,-462.405971917982,-1596.4887911276376,451.10359351642126,1633295.707696053,201761.9543115194,0.5037381749795542,0.34309985842286783,1.1884652079288025
236.17866545128453,4506413506.682573,86.89511914575598,197.77880311189705,75.07250255159323,26.415069640065653,247.91085194508946,114.92181228234313,297.5391535450739,1015304.97597114,484451.725275987,0.37623250521619644,0.3114699022209458,0.9091392013057762
114.52685351196232,4218011619.7627687,38.44897442381554,158.17806748885,111.70554998423006,21.847154298230553,-966.0642607123496,-503.4992044485457,757.3649506035349,1202569.7882603786,473821.51223467995,0.6383244220639568,0.162336003191249,1.4240322418836544
100.26044865272502,5128390379.342412,36.633449807591916,196.8755588367939,93.225052022171,18.530455087700684,-54.14820007769731,-1469.4920429010022,322.2929325190514,855281.4086307433,303569.4433409997,0.5732234213462478,0.20407015506782766,0.7409320212837422
97.24042997614198,3713991308.6315684,76.91566836507349,112.69754087416419,82.63960441114199,19.173588979739627,-453.1816378250742,1245.0920536617132,310.99163459255294,293031.4563315728,470771.06955963775,0.9173666530034574,0.1505050507403894,0.6858724774046561
97.35322441368898,6836625472.793009,-89.29402699311467,94.73276631737158,96.38069209172325,16.483525063947056,-430.45899937253785,-1642.8935679534907,484.22645562380785,1224005.6635430977,535598.0928492546,0.3405595112737687,0.1554296664901225,0.8529973999381766
97.50879819956866,7513749117.199392,1.7730862807233336,157.36121153928616,46.95054084987194,12.06283088344593,727.3133480475294,1215.4469397641105,704.401205668973,278955.9181375388,404305.0946980348,1.4571114863713837,0.26768111659673854,1.110634517596659
97.10362985191972,4096878948.8676004,58.489066596974425,90.55098478633496,54.267641637950625,19.540693597956533,-339.5797636425716,-1210.28818508527,607.521646665135,613449.0134624214,223368.32342603718,1.0049440169455028,0.2671813751149943,1.3104506214884235
101.16953683980479,3478340001.6011243,-56.08321645589081,128.81352495464844,66.4391122134382,21.630063665190157,-1011.4722085466487,-909.5002637614384,749.1054327322793,1519191.062304902,296786.8902856535,0.1019082479193478,0.24456883771111698,1.3165517146831687
97.7561607764507,4909350076.845418,14.994974784097721,119.23398670516853,85.30803979878392,18.447709783289707,-457.4131934182901,1465.078140873302,520.155244024512,1407855.513216351,301876.2414476258,0.8527239506400813,0.21075886366480945,0.7594257411371863
98.10137778883072,1769530609.4704792,61.99279821308099,121.46889043686731,42.228742410685044,11.745085105515788,226.00208513081225,-1144.6117006472352,753.3955888722089,1511037.952184625,542965.416562276,0.8361159589373143,0.2049601243864495,0.6463436660551674
97.68501744590766,5085256744.903786,55.468949387126145,85.49055442243791,73.33146248487711,22.243104360040945,1520.684940489532,-289.70103278767215,558.8511547693286,1577814.4612063654,337629.0160442963,1.5289128251966317,0.2794528685846407,0.6412732259735814
98.27978032365654,4724565223.193989,-10.720280349843748,95.08252567272753,49.927557089749754,18.864732918383574,-1126.8325755392116,-584.8236417565529,576.8687738920714,1427619.7834731478,374443.8277318468,0.9535100691506698,0.16214890762411202,0.40664170567968827
98.17359010465677,3659142644.3200917,53.58568910652926,154.9569117573351,97.54889787581013,26.046705232658287,-1495.408679514589,-1579.3813809773576,758.4167335674076,1014161.0479492358,365895.73035059485,0.3183021222602218,0.24082415361310974,0.7262850778457497
106.34787799301408,2382954810.4669275,44.93618529478991,83.890628204803,78.898598052884,20.32221284119634,150.39545035466995,914.4053497669311,553.698162743543,1187981.7253081785,535066.3349593396,0.7721762071806951,0.29752174295978384,1.2601712013592485
106.16886369821503,1685330751.1646218,-4.108473278202581,183.20752836950066,81.48525883734725,23.629983081576352,1441.1708070245245,-673.1573352633147,761.6072119258581,1609064.829866592,478128.6330542256,0.791220832419325,0.2758809722026232,0.6753414088097303
98.63941778284179,656524759.1581215,51.136588288034716,165.64393700229917,86.56859345036798,19.45907648928847,-886.3938539291454,-1477.0721712722577,738.334726107041,612282.6092449608,232314.40900621144,1.2732470853727293,0.1608468464427666,0.6473165815006565
176.56677800585456,2302583125.5500846,-8.314863708228089,102.71126439476518,74.17628977808775,29.96762246928367,123.2160748145186,741.4925698222037,369.1840521078908,1074083.5119143454,456225.25968049024,0.31972640139524466,0.2708549590869702,0.9221257820301422
205.05310675685703,1301472857.541305,67.43289597135171,189.9711529734344,90.41491092480481,15.862335603253051,647.2798480426559,-662.2758774129961,603.8058608304168,1128216.159810667,282392.9736467067,0.34467401351259974,0.2947088527733742,1.4764437197904585
98.40563885467597,7158155977.32821,-64.85070757650162,123.20017194841333,62.94448059577923,22.05300287632209,-770.8897505656793,309.787151673077,575.1535978550216,986628.4224461439,514872.60181138414,0.9587958323169309,0.3457119281660345,1.1414629585913671
97.77426360704816,6731703757.307927,-6.239418864871098,89.1668457928885,84.36146319864002,24.029993502530566,-1173.752552921268,-1473.278609081648,627.0936508292912,1094297.6613466283,344882.0491412239,0.18553459937875863,0.3240212751411343,1.4194211335664013
172.16324997032962,2837871076.957903,-60.524350526982985,179.52355728316093,40.82747106831989,21.573611015984703,-677.2244502750136,-533.4482217295827,272.6296534787995,1106860.7568769392,244644.92635496444,0.6001941454921554,0.16794825546633774,0.8576726381584795
94.46017069034546,5191701772.968018,-37.21434664297507,104.05518553446086,60.918446861081506,23.259060327030234,402.91974485820265,-34.79140166742013,550.7410864907422,630828.9365290843,287529.8641396978,0.698066823559509,0.19287598064545802,0.9096205058705857
90.49491912642014,4020780762.509606,-76.84752297268277,198.32459783458148,40.167310728446225,26.37183051818083,13.11149366156792,-423.78378081183223,661.7083852506396,926002.7380167044,297273.0398728688,1.3644215167860585,0.21015194251032793,0.437590839775448
95.04765202807731,5461806405.424396,48.98590366738276,164.8909632326124,58.98622678382365,19.869566626717535,294.2671995870162,-92.993451601061,656.4075550952479,138158.10915049072,296027.85426831053,1.5435149615738573,0.15820987636159758,0.8156238400633067
98.08203022648549,1676673401.3098295,34.90884589277016,173.8567158895645,58.843916185915546,24.60327524622619,-1418.31281957299,-1717.004203412363,372.11360803967796,885488.8722866673,456599.5609189749,0.7593033348617657,0.176472777371552,0.43095590780669546
98.57473704810631,5713010331.163929,-25.08387548653208,130.41210293766142,59.95962708988594,22.65329959545277,-996.2345826576465,151.04599889364772,642.906726266847,498829.3407396262,403350.0560107259,1.0873804543604073,0.3103178500373174,1.398963403243427
97.29339602739157,4940339283.793209,11.202071704975282,174.2463795291683,58.51671362711979,19.322945774702454,-787.8625784252151,-935.2616233260546,658.9707786214803,157918.0728210788,380501.03475824394,0.9643666678511074,0.2786480715850851,1.316074660264284
97.62757209963914,6486080351.966364,-57.06043120489568,113.44422616257351,102.22745044808329,29.850312110321333,-1030.568312531254,1680.025901676172,355.2538244885967,973916.4245006549,244759.01848385908,1.2334483953215634,0.19063682259644382,0.8271488033565402
97.92436855591531,2093220834.452881,-54.62062386962973,91.52971885618604,47.422712725451674,29.477620360183096,1062.253845703296,541.3313979900468,563.0965132259173,400279.022254941,251323.9011781276,1.378865038470488,0.3185607995812294,0.6981935209230852
97.91070851927887,2857992589.951681,-70.86449074240403,98.76632953982636,86.05864132731962,13.94503166961461,-1153.1844688882475,600.9018129240148,712.186895864731,489809.7561705023,337536.260351826,1.1553374653407722,0.1984938956386915,0.7628211400660152
103.76204280428826,1103868821.505908,8.096960523867622,194.00607290835208,75.98142654685486,24.510214012180192,925.297875245587,-1656.3333642138386,499.3723651721167,317356.80422246933,305494.9376985576,1.4079373980143202,0.18053684687753674,1.340019968424822
200.6590016549352,687376961.2426543,-10.301016134312448,142.05276249644268,41.96669899033097,28.048138307932092,365.57295935713455,46.485357280387916,592.9985312719407,475892.6169328673,452416.56736981997,1.034688899099859,0.30329481231185496,1.2485757088535747
98.32642162017561,5147987631.94618,-6.6247603399462776,98.6914294211185,85.85960221829298,10.065835641103034,1333.9654199342176,220.57706415443704,437.50744528207224,1275682.9570464406,336673.3221724727,0.8589056297193306,0.21954025150898795,1.2928199520418988
99.26189381981634,3172084155.902021,-60.95110285120376,94.83345177550788,109.20229464527247,27.259459808866055,-497.06855737213846,-358.03797432436704,649.2347330729809,805820.8366184748,374573.84555051907,0.7801735373837034,0.2545489188068804,0.8032120187803672
121.7710249759295,1961407190.0367558,-6.192250416578915,181.5295267242539,106.89789528596697,15.394391378039682,649.2387494220575,-1029.441725042198,483.6037206781127,1363169.0816917971,296019.877634739,1.1918424970055221,0.3183884650998947,0.8766067351261551
98.77665536212768,1204001659.5853124,61.417094498232046,95.2361041058315,91.74079175141252,25.577626156538955,891.5850784480681,901.0997013616898,326.3857822686646,154970.1912762413,320923.658911278,1.11343711515525,0.3326743669892327,0.4093879070501267
97.06758301509697,6745463681.577994,-7.894510917930418,158.88564414293498,78.09410368199913,14.001707544114002,-258.4328954251389,-1336.36018032193,725.5808107819538,739560.1486115695,567436.5748976171,0.5768975166894591,0.18005091996487432,1.1411898753442902
99.97083716312423,4953062294.873745,0.5403326239533044,197.73032815317157,105.80719572811329,17.116195784055847,1683.2946486391197,-741.9032941557987,771.7918045172194,1137477.8299704166,539543.9661143997,0.16771667013381722,0.17965890477093768,1.3672224299232825
98.20356181073856,3381682587.99287,18.221559672288265,170.6665943668292,67.28058667738284,19.104744079064204,-1420.5054959621964,-1229.2967566104003,655.238155741302,1054479.7171781273,554204.6412457915,1.0322193732144749,0.2619237634764312,0.7765540883318598
96.48480189581102,6050233853.109807,54.56435636674345,107.85234789579411,54.86769060551528,22.984301583930105,-708.367159194854,-183.0735503230237,752.3289452737167,523799.1139872433,323525.5145807687,0.4276695229764569,0.15031373992768723,1.0753809033224564
97.2239230451857,4210914892.9505205,-2.123896320127784,125.91351267100188,67.72612784126176,13.765248133530395,-358.5745899830788,-1278.4350336748555,645.6485595014148,690449.8811945517,379120.9697787325,1.0293069240242698,0.32679510864973293,0.4499900358139577
95.05209957637341,5791307982.061176,73.65497564042397,156.83113152950273,85.04107433879005,23.072507777390772,60.076034581854174,636.6487909232551,550.4856368758128,551803.1528356979,381703.21715127694,0.5847268774801397,0.31821305129798183,0.7280057381598648
100.75756017613016,5020970620.07346,8.21108988446035,157.37667976458027,99.39179948958311,11.960020724202987,1186.3307972375378,16.701851157457213,369.2479104732894,1296249.4693952536,494952.72391367285,1.4606576813584937,0.30194856624258115,0.8663866611043187
97.38586898980492,3280537357.181529,-57.80649099059576,118.306858473613,114.24024817293105,12.551149216859848,-384.488406987904,-1646.8399093886298,545.8207867140887,244531.05522820234,455966.25634437724,1.0039044623098226,0.3172693308627527,1.15975104594433
103.17664819661451,1194024841.5682876,88.26831637421222,195.25872587390492,95.07887124350603,27.257582850576256,-1606.7361763860708,-687.0606025121954,738.4682155615783,446046.4268206129,538567.6819703284,0.8301576862582966,0.24280593358177022,0.802860809248716
123.39498142696888,1983954596.5330453,77.33679147754404,193.0287313245953,84.4086046042789,17.58609070628191,1113.2183916259578,87.36965516934788,653.2517779281608,1342306.3975963478,258189.7934151866,1.3752343193955032,0.2589046535533955,1.3314069688877848
97.01035965721273,7281357264.3961935,-25.116843680224378,186.52178217826685,73.0153715612572,12.599427758461918,-723.0291316673165,701.5908418323779,661.0823497271738,668939.3654614524,576296.7205511944,0.5301500753620132,0.303081938080617,1.1569787520763062
93.64082096631152,2947835254.5463696,-48.18078252409513,173.23953837071917,87.77083405997715,18.72194529628643,-586.898444973353,68.91500111479672,632.8212041828326,1061137.1507436952,480183.92653573153,1.4372649526655976,0.22208150394534626,0.4072985358837955
97.35823695706404,6186695936.290637,-77.26734351471653,196.32828439484314,82.0057432010758,26.958419410599184,-385.4035301165734,-1637.8938624940774,730.0647274285616,1346757.8438235167,307647.2576812477,1.214215748846831,0.3450630174563919,0.40364996493335753
98.2852237179035,2471525042.2476463,79.92570198562021,137.15727824834457,51.636279056041225,23.656154476281614,590.2596930712534,-1560.9027147771358,793.0740332771801,454127.4669910998,534141.2661906802,0.3469145611701526,0.15548991623000835,1.0217199544635696
99.00798736787551,6197908211.907014,-85.57523341472312,198.5656661568641,107.86268435653997,22.728326813280866,1497.6478143021673,-113.66992413562525,726.2327474296469,1031517.0340883309,523234.679752752,1.1719794588072647,0.1647155834361095,0.9360364837083548
98.35625995063738,5633476526.295328,-35.17281108358976,140.2890348824889,43.770285497339515,20.787686087944582,-1371.3876930690833,-775.9120652369378,276.96714870715005,1133722.1561282775,222593.9468406524,1.541178267569988,0.2337614355989557,0.9521715867544172
300.6010879989822,748145352.809303,80.32307113097303,105.88091929749221,102.74785652639838,16.957938854306434,2.483250455373991,-704.2437984505073,459.6187699365263,1391994.9939806,375012.82108764513,0.271352339385171,0.3287648917631217,0.7115489545771185
71.8313581643387,4718593638.855135,38.60784476806538,123.46859283795395,81.49058357467851,26.794147950998614,251.52761249765558,-81.99824536210122,624.6986387837696,736219.7826657114,461804.3453875807,0.24816347450310414,0.2859735744334315,1.212478529290899
101.43568877057783,6994132483.505157,-10.48575334732756,107.47023548196489,81.09409422894561,10.947382350424801,-1034.5500639341617,205.34752781670136,365.3625474936343,884885.0650586236,386530.7035456354,0.42387657119035516,0.2559294363589715,1.3208687891087432
99.33084256282964,2253214881.695606,88.67875525942975,136.218920947086,112.96288388250959,15.195346248855463,1713.1622311165643,27.87746206691986,314.32658081782165,632705.9235701644,411887.9124713051,1.217477391837643,0.26851382049005673,0.9418250765109284
90.12448478592654,4263704050.640887,-26.57828861123413,178.1670474452006,110.1068161045621,25.546541684659864,-409.80503933928526,236.35498582194236,541.3234717315189,822651.3900515245,337232.6440311376,0.7944556667769238,0.3437974011348761,0.46133678664223127
97.42946249865234,4283337933.6770577,71.73225252365935,117.18533360702179,74.76195161206935,28.088142755762256,1725.857691456716,-340.0035051826753,690.826910348218,386054.35621251445,416588.4424604807,0.9620609526669451,0.2972876107889395,0.4925228213882227
97.35396769253855,6496946354.068301,17.91112090127379,145.57694979589897,62.197278504392656,10.3839823610333,-1169.8216409947177,1399.7571352723685,795.8333881688654,820114.761022231,377231.1035479406,1.0070713622918794,0.2513780948613,0.4011761394432515
98.43499113215398,2558478886.044195,67.75243012118676,91.24289041673538,97.23655122657533,15.57425152915693,621.987361136486,-1619.5149908564058,333.62047195662973,463690.0465095487,589673.0655885157,1.4204620293900532,0.28049276688724883,0.9929216365039152
105.96035164278115,7258475815.373525,25.060165183224825,128.36905886492315,89.05670690991852,28.312229563717597,962.3625287295313,-283.95451586778586,495.70304593428284,749653.1990611913,342707.8055857668,0.49918233837437,0.2191107191714559,1.4892245842997647
271.37434805236427,1509536214.9123445,-28.00695248191466,172.64732754735286,52.55364617045621,13.638694857358796,221.83040113706056,-763.1324037016175,276.3399801137794,1113390.9898027135,335698.2002911283,0.6044150811394994,0.22994674729562292,1.4070049146522852
98.1182226949704,6667081623.045529,-3.5247515342102815,191.57624165456434,116.07581259469578,27.27112784550152,914.856514812735,478.69435879747607,773.467454496676,413051.7390822558,367403.1635220424,0.3062192876697576,0.31753335053352394,1.2458422261009527
101.00608464815313,2331760436.0908437,56.76047961719547,137.03745426202082,64.99322920611024,17.07191980968208,-789.2311069721546,942.430243861183,324.0248717553296,1119180.035864992,467495.36544932856,1.0770697505433673,0.18836739568701055,0.4431782947286041
100.79305819595237,7720350020.943542,-55.94509928714011,189.27553750039584,53.58369447360986,23.955013917085495,1146.283097268618,-52.56973149448527,602.4904568716922,1568583.9753923987,539828.5489937575,1.3921320343827297,0.22896576234339733,1.3655396565139992
108.1726091745174,2650845421.0070844,-66.41856562691594,134.0222083758147,111.85332247929406,21.802942780919633,-1573.2169797298036,-22.502102861159756,327.0925668675232,1277583.2595699807,430748.536531677,0.6240719063195833,0.2612138945834845,0.5727450055885843
97.62795379553825,7830769065.080485,3.168178979317318,140.31656982219567,61.937298496885646,20.277858308649726,1390.5067134214205,-427.75949582270823,502.59776823905503,657656.7093877059,295959.76219537697,1.335276140831116,0.3252322540586473,1.1259879083673106
97.57019594905763,6492727301.577303,27.775325534685493,171.02213763421204,52.04396746922108,16.77071675412249,477.8159584098239,676.4029571666442,745.7285820744014,836110.3713330587,530125.3972794265,0.5706165609215111,0.19798026090994092,1.3423285266782963
97.5387767972358,4323617333.623475,-41.739498242979934,97.69027081550172,73.03665046944298,14.990651597014,-1706.3327467044203,649.1950813734607,441.8584132553571,326142.878149572,199647.57259687988,0.7591726895808729,0.2114329869648396,0.7609637592882155
98.89207027794723,3621249785.2065187,11.109422881944255,128.07275261181908,73.46281994042691,19.381924036212176,757.0188615334296,453.22189728475405,495.593383665651,209353.81704703358,448443.4323843245,1.5961421381464107,0.279841522208723,0.9785951781684662
125.7639955157043,4228142686.0635896,-34.397318854554264,179.4359886346616,80.01403988786309,28.789254825588845,279.7420326923957,-517.4718537080435,670.4217846482969,1310890.1569086276,341975.8238296412,0.4845959863620075,0.2903232838567071,1.3067151666705143
97.91191868284119,5828863116.411816,82.52794347333833,124.78505682788702,98.23630757300973,23.832508574355295,-1649.1383230894266,876.4682492514398,308.36730633252495,285965.4133400684,326386.2369829683,1.153938359349569,0.2491727558567866,1.0044274963942197
73.10063836429646,4819786517.337035,-6.66384906002142,142.94763384926634,86.47948379495699,18.63866100696422,-3.0159406853847486,-70.41167356875303,637.5752460672568,1068764.8481839388,206934.72862732722,0.9749484713870854,0.2933577812485863,0.7694595717113638
98.69665647487187,1383667184.6092324,-24.885055775612003,144.73873884131842,99.3571702683487,25.903557227215547,-1509.3233876617583,-1133.265144135286,424.12810409583983,358275.98647057044,318320.90974520694,0.8140725412693347,0.3114063597991308,0.5189911443142154
111.50291567200573,1462185651.7350008,57.3445377382765,81.4099150901364,72.90645691505185,12.29496749816462,770.9739118318566,497.4439364495397,442.0067549342712,646313.924536088,433806.4828548898,0.7718553771715965,0.2634743035531043,1.3240814422058096
97.35312661115285,5901828819.051003,-76.75949622978273,117.14554610350174,74.29205412142684,14.145964592447132,-1618.7851605454143,1651.7951864481151,735.4790436898978,224477.40032162555,252004.1316648443,1.3130553088832484,0.2603757502082294,0.5758848593647966
97.38366110201387,7435068955.865206,14.536100005243057,81.47236219858677,59.315776043342645,11.831595254756536,-915.2734317113847,193.62312494767912,764.4470199555133,860183.2302155143,362221.9441423968,1.334893185693549,0.15077053316274813,0.8168224805329529
97.61258999142487,6990504680.75464,-19.229769555470284,153.47286964013398,100.91288627280608,17.547585158563116,1057.2157628384257,1193.5178940268356,370.95549792158124,119480.3009938122,236832.28692645993,1.017644063118732,0.23407145829648152,1.0003785400484533
97.53608250617775,4544018518.643171,6.807422556630129,95.75771331333524,65.01982641403856,16.443215106944407,-204.45247431211897,-1593.9490752941228,529.548153260021,1194887.9950778887,527363.744681952,1.1188494305747299,0.23366676406178943,0.8593705028075332
98.29728892463223,5162349531.437009,22.37782063612407,104.87685656377539,116.53582587087507,15.949088890225969,417.72404255884976,1618.4117820061556,658.372992471594,1146871.4694228617,220492.98754101858,1.5393499112084466,0.253086915331335,1.3152515012384425
98.15590253341846,5483406267.403917,77.93523535782833,153.8261055305177,79.34561913646394,23.751957561180685,-1606.0660371067734,-1664.1831508444702,414.3008537341832,1062859.5007404224,318069.51006255054,0.9904138937847354,0.2289657984152086,1.181363360325403
99.40672329885975,7717284862.257734,65.96740358889639,198.67507820544546,108.81587309567321,21.356374745199822,-1315.5188766493386,586.9398654702622,753.990063887389,1182368.2729751621,395016.4115768323,0.2559562195436702,0.2778910821691757,0.7383372587961488
97.46671025235072,7452186361.170963,39.985243388612446,111.05852448396479,101.02524234099899,23.52585487640991,-1499.850238615057,-1476.3768409905506,381.28461698210236,411431.2424934299,583298.0411940103,1.1407888869799403,0.32277076789879816,0.712199817753816
97.78679401004602,4986636212.512528,55.333109954477635,180.20317034247483,73.85019401346258,11.387146221857243,1381.9991767820702,17.33327305698913,704.0520694220836,1708925.9050985405,242516.16176548685,0.457440241042952,0.3195617207642738,1.041925490227736
98.1860403335806,7202472421.631953,15.156964911413539,182.42632101509167,62.10490170200678,12.785950486211346,1346.8632086524785,-1041.1901134552784,393.73615015222856,999400.9529615896,224399.9163273301,1.044075109498231,0.16879628004359828,0.989950578776072
98.89899823809154,6661149409.70772,-78.34376278741354,163.59929569331308,103.33247877788301,10.311300921361603,1615.2465922735605,-636.628615326282,554.3739849689305,1783044.1566209712,587197.1216879088,0.8400165560943517,0.2882177647962267,1.4815874013730923
99.65456216053296,3015119880.888677,-74.22284670211323,184.4693251849909,40.28445443684653,26.732100844076264,1439.1093709375355,-935.4219655393114,637.795362682806,1491418.4816364616,364792.15509363246,1.0403920158535045,0.20184105643236622,0.5769507061442343
200.97175174311172,523777024.08111274,15.269009895845599,94.35880425835279,105.2730957569697,20.25091713358557,1006.3059814963249,-878.2122249137668,315.09256242389534,1107003.4111262811,553043.9827216369,0.7185054510508523,0.28072708394451096,0.9559110489874594
99.32762702692966,5330517307.034791,53.79983982650941,87.2509106027568,99.86286891439529,27.874359840314874,978.2710949998723,1558.7243884086142,465.087201979621,875689.0250188829,488760.2632378248,0.3893049734660986,0.19486902560737168,0.8897333284828235
97.3112518492686,4594344693.772577,38.06083203057713,117.92371185301181,78.83258602340558,16.300962931088453,-566.7805149714268,-1626.2667068964747,693.7996276039883,1214035.039045951,438868.3544628788,0.7791543199532902,0.2827981184449192,0.6492808003410289
97.39928613432281,3532187288.36089,-78.58044645104209,84.79515119665145,40.50766708826689,18.788911692094235,1583.0423621042532,-1352.5920055923684,634.4828599742415,267179.77720066236,478292.1464766466,1.5371569267343552,0.2771747376835856,0.5381215604995206
97.43355762170883,7228857361.062885,-27.76214712935642,115.1995961624502,46.820498635057305,20.1006378831186,-522.7486652756998,1143.6023637976477,277.7933334053725,576894.8278917236,541342.4606230942,0.6272342137188301,0.3063356012991725,1.4100036811067023
97.82256120255032,4694669899.6398735,46.21494298425179,155.9623839527741,73.63395100422048,10.79993318047918,-1376.9600717420433,443.82742870641323,452.54944634047934,593923.8569792961,555526.1045479708,1.063303826014544,0.3166608313083019,0.49135642103612925
233.96571530476567,2064927108.761669,-35.77577867896858,164.38437235185287,104.59091283896542,20.185890562318317,856.4090251825596,454.36267380861227,495.91676832121516,1698170.9050305323,586440.473564513,1.0693055845656567,0.1709016051511106,1.017681201885518
100.44447039915582,5670365441.049439,21.84803413490708,133.43432204867597,77.34305124498448,25.03321165514304,1474.8566121111426,-1292.7501785198642,589.2791562406787,1143805.9170120177,246162.99250013032,0.13041658361643824,0.18846996928746865,1.3065760979338537
100.3018650306377,5750057834.099018,57.26039676435053,140.5742230140529,60.28030158987748,29.74792230776359,1719.1544289746134,-770.5014585434424,428.9906689874217,1775886.3694087975,555420.7765782238,0.48492399033092026,0.3205892159970459,1.4881981803026352
102.68411422976702,6690855058.19736,-77.88963823365683,136.71943233172686,105.20167374587703,10.399017324785762,778.1988743924267,272.3594855971344,564.619784565712,1037298.5328955677,408227.8386666228,0.7871025728537498,0.15829061464555472,1.2565193825484569
130.32043434029427,1738719141.2231097,-7.45900426455097,183.82901038026597,63.611027517811465,21.830389562529177,327.9125405287018,1436.4921372693439,290.0552709862842,1086110.4372833883,420414.87950019276,0.3521792855082486,0.2177033960600984,0.9871250412572717
178.4840488112047,3268152155.5031543,9.20200838850944,187.1822598991597,94.6686980790515,14.7078737669884,-566.6352092036568,-412.2496807004079,409.83625555917035,1431260.305272315,441135.2682910636,0.5090359491919225,0.3213802331392204,0.9397140390145385
99.46552162754813,4584011090.348371,-67.4333664000211,112.40291208829889,116.17737269388854,20.52037617107931,1606.5989587873464,737.1277746358719,670.2165177873444,1471501.0167453452,214224.63820629538,0.578575391646815,0.30112932655796026,1.1869334232554654
100.71571337612022,7943376085.579199,48.24548272896635,187.48334862520926,64.89648442930792,18.22707115274516,373.7786820741794,1070.29604673543,555.4780676655375,1228124.412195663,464328.33238895866,0.5504404737379757,0.2786844230424149,1.00586203922066
97.40404151716098,4503147680.62565,-89.54680692628641,150.2176448645265,106.8594136672695,24.79727206246995,1459.9921106092165,243.45664826388588,614.4205282141223,275664.49330059346,563110.101879943,1.2219505416231442,0.2030124614565485,0.46129244630997557
92.59964968485066,4750327026.745584,-89.59552808328226,88.06565275882755,52.14479399952847,19.62702342872031,393.19751105523073,166.2293852786488,736.4889877316223,1670553.5066915813,423578.6124556891,0.7067804956953888,0.29783889111990636,0.4208640517727837
97.61703496528465,7554917703.586362,25.769529491506034,84.42808103787661,107.03831274471457,12.193483434620385,1117.7906630863545,1475.3138537697105,730.9459604898775,698627.1887740961,333920.72478532954,1.0489787310013443,0.3299091342222079,1.1799385125216397
1345.3266819632365,1187308315.281632,0.529782080890115,103.45619977711351,85.9187131697413,15.213275327516545,-241.1107719232091,395.3301730371227,361.5656614918796,1551954.3532391305,312869.56066136615,1.3398795990749148,0.17823583935298712,1.184984058915969
97.83934739105219,6466399821.044623,-77.20032653830872,144.49474650671593,110.62889866732428,20.06725978922315,-1269.6098539861525,-848.5403274243865,348.2801195392844,144814.54444507303,318071.4965840056,0.4452330104591148,0.29636294989329226,1.0881109254639325
97.97763081932608,1993302924.2442474,29.824088195806837,96.33120259780593,44.56295745632268,21.44252125328432,-1184.1518831743088,1245.6855911642642,449.5976655099924,770415.3870555751,274416.29819906916,1.450660444596886,0.2620313263319449,1.0899217228410019
103.04572092638927,2393191596.553897,-12.583779504227024,116.31327520288173,96.09375610871723,11.609343617924415,1506.0057975338773,-1011.8243262780687,421.43560294139513,1399976.305405212,255353.37756387627,0.15881700197034496,0.19162166302889205,1.1160403318804404
977.0764478402979,1159984669.9242384,78.61761380624034,174.2543691093148,115.0050996278625,15.244181031809557,-213.7703605568629,-118.324743918482,395.7209037590387,1677414.6943614632,547032.0671491763,1.1801498153207164,0.30947616939261724,1.0519471150258428
97.5274231838626,5905467412.535613,85.3492753577429,97.05874069741216,54.07841204442899,25.83869659718816,-1692.109250437182,-1439.8398316613352,664.6579467768703,508419.8807479082,499506.57861120417,0.7160876129707281,0.25549490014404885,1.342667476666319
97.75772002681454,3513161148.929299,11.855007654847,148.92013388756607,80.12646447974276,14.210767360925567,1654.3884617054464,-1490.0558929515082,762.3843335986157,630660.1512095473,242804.19597965502,0.6365737080541061,0.33297877654823116,1.1140225699309139
97.45124073613121,6023848134.096562,-65.24682320557179,168.1667374790964,44.36490424446831,24.519270827949285,1462.452182859351,-774.9587435690814,661.6958562811049,122026.96978691116,484944.11507515085,1.3539438339550063,0.1620911696674662,1.0357389161684574
99.82356628574657,1852753430.8419173,34.850565577010684,116.59807908273751,77.3116931912406,20.95183488634458,-852.8077487573925,910.56318082391,271.58322764495085,232125.90758239845,298924.38836321974,0.6689383255217858,0.26745749237594985,1.0399284275888734
98.43757053378717,2720207209.4662066,60.80541017446001,119.8560103756638,76.38618884885996,13.292204887079308,-1036.268951982389,935.3071338293125,426.50238314849116,391358.7891120311,442692.26612514455,0.4004089165039344,0.27082734554556553,1.154981272548756
98.68817948909322,4898420068.7016945,6.215721596367928,199.86201898604347,51.6890244382682,13.138812742292194,1191.1249444127748,-1653.5920275776002,283.02301953557566,893624.1242183656,336409.3968700138,0.29925418198516085,0.2559623924813439,1.1980479565358455
132.0399710132621,2870371999.031821,48.97926931790184,147.14250097870206,98.39403297815338,14.289053256273807,-88.26748391172964,-748.0076034062557,283.0454302067471,381799.32175618206,282066.6478565161,0.39012287161724646,0.23787206366598862,1.0436704129810672
98.30730730392496,7382943891.254771,-75.297148861869,106.75812766021733,73.29591792837121,21.198889447341276,1431.7189191798307,1556.29776847422,298.19756510065463,1315796.700245212,375791.10919546336,0.16942414884862148,0.3335891230870018,1.0028187648423734
98.62726866989189,7772805171.967826,-14.635916490726899,85.88511366308403,44.01063551087451,25.237117134144988,763.5175381714298,-773.8746007325011,295.7993833380548,293205.34176141035,208205.93594282004,0.17819424936316516,0.18626372685689588,1.0139509422770976
99.95891238141948,6938368317.746415,-81.9835528935067,156.92787640059112,86.15252916975146,19.59238586838503,-1303.6367636590187,-264.841524626876,292.0643435791079,614753.3088401251,581555.2314738962,0.4188515715579495,0.2588174182720406,0.8459383667802859
97.38026562473138,5002343193.466624,-53.14036279530151,131.7867999700835,56.292012386640955,17.617787475972214,-1537.8217944127832,-1469.4234945125584,424.0456000624765,141726.98482624823,257112.5378036051,1.565912972468651,0.3083763430462596,1.2644200938701367
392.0261397641819,996293173.5123913,76.48187634670597,172.5698843986852,56.072975964924865,15.609142370674485,308.24876280921717,-473.2339034365382,334.09320845281155,1169184.3091429025,249368.98995585757,0.5973241122178059,0.33226885475504714,1.4134067430785984
102.01194170796316,790087608.1748302,6.873947237688682,117.0302863162803,43.92388079031788,21.176505644599796,119.34451038532575,-1646.1986240576541,647.1764114643761,840686.5636207062,589361.9745359612,0.39566615797672655,0.253079506949086,1.2922055697081136
117.9269502064105,3010683650.6677175,-63.09342781500965,162.8878911059254,110.20626198613323,23.52404813193989,1068.092888417042,10.319262778283019,533.1737331715262,861855.6575130397,562532.8535175163,0.26488186624678234,0.17756400029511848,0.8519737959230713
99.62288907472906,3447004640.4388957,89.0901382361941,137.14499617631532,93.92457002689184,26.84567269307109,-1597.6405035062503,-41.0237842585334,618.046698361059,344875.7235463227,427833.3752972294,1.520135335750677,0.26321074094398444,1.1309977956864752
97.34355830675023,4239682229.4281883,-65.35657765747304,102.22723159636982,45.409911350332294,27.793179341539485,-757.9765459947665,-1410.6736808434098,311.3003082588424,220556.35897852003,405246.8962114159,0.1354157077072848,0.23105867456551982,1.0651694213141782
102.25796057792516,2147315983.5724893,16.553566957520204,174.72133118952627,70.80934846070747,19.55133678031035,-846.281589563563,686.7713056779767,566.2927751550585,537706.9336468298,481510.1880201944,0.3322839608916992,0.24420690253300364,0.9682567252499897
98.57655620086514,4516227861.120075,-63.23441116679876,120.66489900830379,113.06041845088129,15.185812474010875,-458.82869727481943,-480.11338517199647,433.9147499533358,310445.06786395493,386820.97975810047,0.13911604479740605,0.2730483080869529,0.7354032186615341
97.74395697977978,7541856702.437521,-23.864269104327818,113.36492470410303,104.08472279605427,14.213389370007558,1604.2351991700084,-1628.649784851822,412.4412807915201,1351348.0752471597,199227.14848585008,0.7538175992323074,0.3369379795843209,1.0401446847543412
97.44104189544657,3865314165.5936017,27.228239625964306,118.21014555091341,73.12255336101728,19.750688816787566,-1236.1004871258708,-1088.9581216461988,781.9134541663509,171445.73387447977,273009.65818378946,1.2157956804695602,0.21857033455306688,1.4887694847714052
125.95155533154029,720568509.1324993,-18.61396209555504,85.03916952998951,84.84758231750831,12.105077028174726,354.6163021063203,624.9076627650379,474.2716701007845,827183.8384389186,504316.9765669863,0.34139352508941223,0.3439156528876353,1.0214782101510704
97.55091422897962,7263077140.602014,83.55037122423252,149.79458148140318,77.94977647931337,11.622705898631494,-1209.4548759858721,1616.009538127208,298.51198439744286,900637.9410278146,485780.23911468487,0.8341529814295955,0.15378631415874433,1.101343242163849
102.33176208318535,1423504441.1805,-2.142681936024772,103.94209343885365,69.49283039773422,29.7135577193917,-1717.138583936735,-1215.3313797354024,300.5907085285065,1726747.0185463454,418549.9979038463,0.942624721074791,0.1740747111024562,0.47867763700024835
97.14434402205978,3866547752.2467456,79.22103264736003,186.32361983676668,49.26466932214246,14.312036582528204,-766.1925263955932,486.7443959800471,692.2395598644723,848509.9877404517,296012.133296509,0.711590632334805,0.23561464159367784,0.48742672886427063
111.40790788448163,527356204.6183043,-33.23866733877588,196.29095149695945,76.47251732609656,12.912537061203777,-1700.9314346111266,911.5247382201364,278.3947626883958,1070414.9907557343,572923.1988767615,1.5685958771123465,0.22648374674942898,0.6147965296163529
98.38782475087484,1765318556.27281,29.558483858176544,115.95497055393838,46.720964048291975,23.839979618730634,-1203.5813493200321,504.66699087346933,606.7880169399635,652507.781709464,550827.4669233665,0.3888196071979877,0.296245941021536,0.4261078516777743
97.51284595798441,751022488.3285267,52.32170956966684,139.7076264496902,53.93357278189776,19.2229495072419,-258.2303659118984,-1731.9247416575636,639.4552397464572,345066.96326448245,548321.5708480682,0.7961254372747396,0.27069277832206445,0.5107724651273329
106.6900693190233,742408656.9656045,-23.823928919754024,154.97011641970698,51.998487320130195,16.169277752589217,-611.8037321149736,653.4031820840519,425.5589256129,577616.276037724,329618.6510907325,1.1410137871954709,0.27446536050537,0.5213097252547412
88.19661380236248,7430606347.362446,-29.771563797127115,183.692777278049,90.03420199736132,17.436611951422982,-486.56104098466335,221.0054290527887,764.1520681450526,1710553.089208235,518461.04476491734,0.8511344590252751,0.2817457373819475,0.6994620775359
112.66266016465116,995353151.8587368,-28.01607437206831,88.58103002993388,115.89085487695274,10.520111063900535,-1259.145070309999,-536.4293501655629,543.8760915266507,1209629.2461136945,533372.3854800605,1.3177256845741259,0.3474186929568253,1.4956769360245707
97.80425092762387,6563193015.305034,-2.97604486791046,110.68343844105542,77.1780819001074,26.532413189165084,-181.4172405280924,-1122.4196683168614,436.6425233505303,1037782.0294237585,246948.3384201316,1.3260037730283138,0.2814359123095504,0.7794314597892907
97.57557131329776,3899538596.296142,-87.75986037368781,103.23896537427001,48.61765523635343,23.585234549538313,984.6102120924597,-943.5613939393901,623.8627649605585,186192.12798722618,495884.444244012,1.4542740276448707,0.2250759875309486,0.6000739265306666
100.78388977455525,6915533220.37886,44.03374141139247,175.31600138348722,95.28580617192293,10.108312521561302,740.6895771611844,-1.6498650058924795,581.279273193689,1329333.0666894286,223788.0562912869,1.4099708965817774,0.29410074564098776,1.3396469575933312
91.3597047716701,7355775483.537196,50.85995534290171,195.8759978509359,62.86002227751033,28.204468618394834,-262.3119566567457,381.5142843335584,695.8911320054297,1024059.7699257253,228906.6568167459,1.4007936574446516,0.2382727481681503,1.1429530331727875
510.62366186533217,1743036659.9514108,60.23944494401462,82.58516458187475,100.76120788136546,26.8566245908072,-376.37569711623564,918.4597103015462,268.39420476282316,1531201.064302085,243248.55997186582,0.7951862225004519,0.18589934851734347,1.3955490782692483
100.77290036061916,556345504.5313188,-36.69131592961941,136.93102169543576,53.05175318324856,12.769523416228507,-1280.407444196735,-824.0003895968132,754.9659631981476,1161959.739900626,260863.99842329705,0.9673443898537778,0.27322011158721954,0.6562255897101996
100.70641483887842,6617616182.6636095,-16.8524259306308,142.9170210308461,72.03668235285744,27.8178338416902,-1102.5167535158716,539.2554344685232,457.93171397818526,658020.1409103902,500194.17686803674,0.8316660468203885,0.16905743927569833,0.8171755280488696
97.42322482477653,7116343058.523591,37.28901388506583,87.12361291756132,71.83435894625666,15.043475885169075,-948.5712332236046,-1515.1261344662962,349.3547037128202,692454.8099009711,477869.3932839046,0.2696093108634485,0.3338710042283689,0.9733841022970063
93.40891071927828,6201247646.75953,-30.48487833998363,171.9262836170551,112.07704111427203,12.039515876408956,-448.1859728656593,602.3638071759447,757.4779970612469,937403.0136009253,453715.2627786823,0.7116281001212561,0.27237372605557864,1.0256944966291786
105.65828675262618,7509363617.997897,21.904657564097306,100.10400621254549,80.39879391227352,28.857487123303034,712.7526380182962,-810.4276625605877,695.6894475595255,1250667.954385745,356681.41202824295,0.2413290498770578,0.15748432947946855,1.483231711275629
96.90655754702975,5193463160.634215,-51.13382816256955,112.15846979078741,62.354340490385844,24.315957276993483,-603.4952812176089,886.8986037037503,744.851465373853,1024140.9594896925,209643.9382577579,1.347295060057314,0.26021967267318713,0.5645905224991115
130.93632444407555,2600485573.9127655,-44.62546816413218,163.2480356900753,89.27395746071329,28.036884569649263,-230.38442208618108,-969.9909881394998,359.94957677705946,832074.4869003815,407700.67929226253,0.6299502694611995,0.2962449761864206,0.62268968285362
98.5835719591262,3640700810.1529384,29.95724319260333,81.87214974229093,116.21066350234894,22.162790246229306,-1199.2398021950407,-1485.4164380132836,420.5790143339141,975891.4249065558,578293.7044288295,1.4785705343649702,0.15450214834798748,1.2959829069373265
97.3866708823696,5247403698.002173,84.12774658026646,95.67608992528626,63.73625103709706,13.463277399327014,278.03534254528086,-1567.28552390423,792.0714994672448,247798.3787756151,286671.27250680124,0.48172554694448066,0.29199335930080444,0.8770008520826827
96.73509004210851,3072261359.3163366,-52.43745782604827,92.50755904928434,57.09483247188312,13.76677957801418,369.21135589981577,514.0341793578,688.4657670695844,286932.3902448318,303615.3850172076,0.4579919957051285,0.2496988199621542,0.6358829563991094
108.6522553151104,2161424257.8058977,-69.93255327569844,83.33282987225348,96.73376679538947,23.695086608399045,1107.7691050945523,-456.47921690549947,716.4467769831263,1054872.431949809,442432.94540320605,0.5970173801400899,0.1901936624711977,1.389056108607098
115.49989240933094,6351041639.7732315,9.06913291720248,119.33717937584247,96.7989165115154,25.79899957549057,-1158.0334010213887,151.15988279511862,483.7184446893307,1351347.2279515867,422431.8868653042,0.5204670203138742,0.15926494355560955,1.12398119518179
98.17423156911875,3046352532.7097917,-0.4924083834069961,114.3430735600947,85.10013240695258,16.04370232391829,-330.263560724228,-1613.0330681946598,538.4647856318685,1376399.7396951562,572158.3501179744,1.1894423162523124,0.2756965091741842,0.9622035671960465
136.31199960880383,660241289.9695238,-39.19647399573613,103.4341788652475,65.5020667371463,23.340684382042703,-1444.4200529016366,-910.0649757582539,481.46296020505764,1658784.4089655504,399912.0731853605,1.1259300103000687,0.31866415742009196,1.2707711717276964
99.27441757888944,2162763683.0650053,-51.581260862517816,92.43455052907484,113.15297765412167,24.49062542128563,1719.4385054529985,-928.0625774035603,580.2087665992005,989622.2727125087,274536.29209217825,0.7466610166796549,0.1972655937690697,0.6191376554184027
97.2835660750075,7229682996.0195465,8.633193100049766,84.5220953210357,115.96783356176951,11.267632654406396,-642.5040425849907,1343.3622893801603,400.17017992288055,465596.67195634823,577760.9088556792,0.5265276644585878,0.16676103281495253,0.717871608994029
97.60805294229674,5383694103.655546,16.491298211861334,144.92246017507253,46.37082462984714,14.568580940535501,352.71468007379144,-1353.3548649422773,623.4592848897066,785039.5874213242,493532.4258051422,0.2629077017117184,0.33915471184061907,0.6047406999070695
151.3684118239517,2840170278.2868094,-69.55780811892194,173.45851821062013,117.16343115580199,23.73582399633203,1104.7599794470816,563.2599920630746,451.6259494622282,1509295.7992198928,433877.29141148133,0.7043033902787429,0.30024832741033336,0.9948602193344819
95.79867530271555,6337065828.345894,50.46278433175465,97.45045938576627,82.71703489387312,20.692523082495796,-472.8114166235637,1031.7631514332102,773.4988627588832,1354725.4443865407,369159.2032378501,1.0313304054264822,0.1972035042764757,0.9395845516794329
65.50576843176927,5309412899.220256,-57.11884066397742,141.72005353306824,110.98753218338142,16.776853470628232,-267.7927653621041,105.00381338791544,688.2562225872682,1615827.237781688,403931.32220507634,0.5863083508301294,0.32259371705420764,1.2764392968354568
99.10277668831266,4123857489.699799,52.978656755068045,151.61930948761403,68.47558059715341,14.85165705198183,-790.6317962493629,801.7411508739397,519.5985376023709,1632018.5456990423,307357.8549486552,0.9654837067626981,0.2891336469204013,0.7006318760974637
134.03920872364614,2005035269.5987082,7.149095142855188,134.86694466720422,75.83643658292257,11.428239078585072,520.0130161394677,-682.2735087928572,506.2415891446232,1422272.9469943738,529682.3235446992,0.9581929176362208,0.17200866457909522,1.009534688762662
97.49132998723267,5602356310.700469,34.32730845804788,92.88950941651427,72.9727044203176,29.76072653425146,-878.9047991205366,1062.2078582884742,396.72371514927636,246432.31380411627,562731.0938022069,1.1512067877192957,0.31578885053427996,0.8543435467879363
105.31629771012808,1556745023.4478483,88.04141635246467,157.26819247912465,69.57970695115435,12.864129138657034,-261.24241533043846,1621.128021627504,460.09719348114083,1277614.1973192922,281062.0298708734,0.9299289708539993,0.1667004500788887,1.1202105613988886
99.4378051875487,4986701336.502714,-41.64531689274363,80.83466621043367,67.90750907958335,27.187245053964702,504.46946012535955,880.470803021447,377.9211527390194,361812.74600322987,471409.91059417377,1.234082101750976,0.23767570128779542,0.7237015788430508
116.96428729744439,5473656228.417243,15.917642858688183,199.22961022298273,103.37898611997444,24.086508559322073,835.480428631161,-1382.9572885387386,486.9674517196365,1610343.8892914634,304857.8149921329,0.21617971672893396,0.15630672097206777,0.9970642607717907
101.8646765680863,3112261214.419203,-77.1255807527653,161.45104950758713,88.77258184935812,13.614664473596314,1526.6952698802857,1585.1435433867778,368.2855150727743,1474026.825601961,438186.18856504525,1.1923170827763494,0.2663114434806634,1.442557853433578
97.67808596822123,1046177374.8645934,44.739280337686125,182.74353662667772,46.76349415060521,18.08365837511372,-1431.7385886999716,-1584.0416108433776,555.6573432331254,129538.18429277858,338159.2951654934,0.35910053195195824,0.2625616308503938,1.4671443620204205
110.22007518824662,4866123503.950163,14.134613780221613,124.61498975721895,72.55438330940588,14.368065982113528,834.3597706468922,368.52046650944476,420.2896367045637,992908.3761727816,402192.6347165902,1.500282153315388,0.15895121202604917,1.2896776282014792
97.68800912857714,7359180672.459831,66.22771069751192,92.25199971817868,70.04547639849983,24.146767764042295,-1378.3057518413548,1165.8039459661886,433.1482610756141,905919.5639239047,324559.06043536507,0.6649977824074514,0.18130592978969498,0.6212938548870668
97.50979645476704,5422389837.336756,-31.23878718593007,81.70963445730499,94.31163635045579,10.042240585790779,-1489.6020179596874,1590.4369045123244,619.8297145390154,1305991.8120285226,338527.7164434355,1.1750562822424206,0.3400198490513585,1.1672843437127796
106.21843143300393,4348033640.071101,27.84695592887894,128.0959970187013,96.46100848174416,16.10152538582954,1230.8947859451887,225.9435928961136,299.00572265257006,1434971.9504142525,389917.8764090815,0.34724637360253063,0.19251895436384062,0.6301061654661839
98.55339382371142,1860552200.3520868,-43.41197108740777,84.44898290350586,93.8724151755062,23.48958042022761,133.39737766521466,1055.8714467950113,486.19859899295204,237965.36986970747,264601.61173764424,0.7296427101896216,0.3403098790189966,0.9417400296780422
