a,b,c,pmax,alpha,E,nu,h,theta_deg,x0_prime,y0_prime,Epsilon_XX_nanostrain_peak_abs_max,Epsilon_XX_nanostrain_rms_avg,Epsilon_YY_nanostrain_peak_abs_max,Epsilon_YY_nanostrain_rms_avg,Epsilon_ZZ_nanostrain_peak_abs_max,Epsilon_ZZ_nanostrain_rms_avg,Epsilon_XY_nanostrain_peak_abs_max,Epsilon_XY_nanostrain_rms_avg,Epsilon_XZ_nanostrain_peak_abs_max,Epsilon_XZ_nanostrain_rms_avg,Epsilon_YZ_nanostrain_peak_abs_max,Epsilon_YZ_nanostrain_rms_avg
52.9296875,39.8828125,123.2421875,4636718.75,0.921875,67902343750.0,0.3294921875,1607.421875,-23.671875,316.40625,238.28125,5.3839735910970195,2.506804824088525,5.128736999079636,2.4416065546274903,8.66435241372717,3.115363432178065,0.4298749783163826,0.12983196960091742,0.8411276061670792,0.2671898160107894,2.3159821597678127,0.6583559770471867
234.5703125,39.8828125,123.2421875,4636718.75,0.921875,67902343750.0,0.3294921875,1607.421875,-23.671875,316.40625,238.28125,22.616036968600064,10.756596449448882,22.195388780704928,10.663588459203735,36.711077144942706,13.35871381488696,1.8852955865963752,0.5976673151283494,3.136062822924576,1.0234987267427347,9.719739246504858,2.765817701474787
52.9296875,83.4765625,123.2421875,4636718.75,0.921875,67902343750.0,0.3294921875,1607.421875,-23.671875,316.40625,238.28125,11.236242527710917,5.237322831293589,10.67797159559036,5.093337235695209,18.049987625944215,6.497644384632415,0.8934713096456894,0.2685262580322864,1.7657353776145137,0.5602340912183107,4.804542717397936,1.3659654535108416
52.9296875,39.8828125,269.7265625,4636718.75,0.921875,67902343750.0,0.3294921875,1607.421875,-23.671875,316.40625,238.28125,12.911117060826236,5.805568766475069,12.199264508600152,5.632453660930527,20.96361893592458,7.354344600326445,1.0252341002241012,0.31320865929691616,2.1480240165803695,0.6733616062232515,5.917341083611905,1.677977981411266
52.9296875,39.8828125,123.2421875,1519531.25,0.921875,67902343750.0,0.3294921875,1607.421875,-23.671875,316.40625,238.28125,1.7644193150267404,0.8215223896970819,1.6807739617876818,0.8001558127633478,2.8394550033191828,1.020957350562146,0.14087730965886508,0.04254813494082298,0.27565175972956507,0.08756262715096637,0.7589865713139673,0.21575440191352624
52.9296875,39.8828125,123.2421875,4636718.75,0.809375,67902343750.0,0.3294921875,1607.421875,-23.671875,316.40625,238.28125,4.726946305403825,2.2008896591150098,4.5028572297004255,2.1436477886390506,7.607007712390974,2.735183487912267,0.37741565892862067,0.1139880682258902,0.7384815254144864,0.23458360117557445,2.0333538284063173,0.5780142306956656
52.9296875,39.8828125,123.2421875,4636718.75,0.921875,57074218750.0,0.3294921875,1607.421875,-23.671875,316.40625,238.28125,6.405421458766648,2.982396020609871,6.101761361645425,2.9048283306474345,10.308153994101664,3.7064104128089315,0.5114308909775978,0.15446370047038174,1.0007063977826527,0.31788108765420253,2.755370466309212,0.7832593216762197
52.9296875,39.8828125,123.2421875,4636718.75,0.921875,67902343750.0,0.2533203125,1607.421875,-23.671875,316.40625,238.28125,6.848241403677271,3.3369599635954663,6.532468888589108,3.254950048507444,10.105719066428742,3.37550226557449,0.5855054566366242,0.17597231758729884,1.0301412734510078,0.3272312729964322,2.836417202170775,0.806298187821879
52.9296875,39.8828125,123.2421875,4636718.75,0.921875,67902343750.0,0.3294921875,869.140625,-23.671875,316.40625,238.28125,134.37041956762116,38.70941465611425,60.03708015760462,19.387140177699035,187.91477066633715,53.29432911165003,30.98979279284714,8.800705055733113,60.55921166696304,17.012615873554054,171.27144894359853,47.821378202826686
52.9296875,39.8828125,123.2421875,4636718.75,0.921875,67902343750.0,0.3294921875,1607.421875,3.515625,316.40625,238.28125,5.382848743303668,2.506471043235623,5.129152672218383,2.4417330355666422,8.663651341951807,3.1151767142848024,0.4295156982497254,0.12956843730592263,0.8425672085186489,0.2675423002186981,2.3171135760401183,0.6586704736762671
52.9296875,39.8828125,123.2421875,4636718.75,0.921875,67902343750.0,0.3294921875,1607.421875,-23.671875,355.46875,238.28125,5.438449676699307,2.491686149362004,5.14505415189871,2.4370471578954485,8.731845204427817,3.1177969656716558,0.48562070008916947,0.14545861966897153,0.36741175130645676,0.14876205628026612,2.329694978483947,0.6615582095106697
52.9296875,39.8828125,123.2421875,4636718.75,0.921875,67902343750.0,0.3294921875,1607.421875,-23.671875,316.40625,-441.40625,3.754504174758493,2.015246923292465,3.6337229997975773,1.535571095987916,3.544589725819028,1.7221777862267422,0.6280323480520226,0.22199713322571699,0.2761784863048693,0.1254378820513588,4.2512530770716275,1.2012919158543935
234.5703125,83.4765625,269.7265625,1519531.25,0.809375,57074218750.0,0.2533203125,869.140625,3.515625,355.46875,-441.40625,171.81000193625417,75.00584186627637,168.27662120609713,61.18173526974861,104.88514782582321,43.599777474382684,55.042862037100036,23.142080517178766,36.95165520119376,10.999161393637246,87.79579338403894,28.663909677362955
177.9296875,84.8828125,248.2421875,14136718.75,0.5218750000000001,18402343750.0,0.2544921875,3857.421875,6.328125,-183.59375,-261.71875,37.284630324703144,21.39124191592056,37.77139794712561,21.520516690917535,25.669053641483327,15.17824663416672,2.111455640477837,0.8621399238999133,8.524107248764848,2.4030291962470347,10.016219994858584,2.8121680705642955
109.5703125,84.8828125,248.2421875,14136718.75,0.5218750000000001,18402343750.0,0.2544921875,3857.421875,6.328125,-183.59375,-261.71875,23.003493518035672,13.196222277875604,23.275139014380006,13.260784379493469,15.82728101544781,9.358555724148719,1.3064746543303645,0.5337794464249092,5.270429381462295,1.4857921834428807,6.174770524426573,1.7336393519789488
177.9296875,38.4765625,248.2421875,14136718.75,0.5218750000000001,18402343750.0,0.2544921875,3857.421875,6.328125,-183.59375,-261.71875,16.90401300956475,9.69810443807101,17.131077912091733,9.760009426239884,11.639964812846218,6.882533885100945,0.957436972702176,0.3909157045618099,3.865611768206405,1.0897548072976742,4.5461747072516365,1.2763921398927558
177.9296875,84.8828125,144.7265625,14136718.75,0.5218750000000001,18402343750.0,0.2544921875,3857.421875,6.328125,-183.59375,-261.71875,21.624239472262623,12.411132153529024,21.904301435584323,12.485664115182152,14.886481696314238,8.804926159330673,1.216106702516318,0.4961396536969112,4.913740032396027,1.3852098624384392,5.773640486665022,1.6209966883827933
177.9296875,84.8828125,248.2421875,11019531.25,0.5218750000000001,18402343750.0,0.2544921875,3857.421875,6.328125,-183.59375,-261.71875,29.06326116219607,16.674411009895525,29.442695111589206,16.775180321933785,20.008952838525687,11.831399213866904,1.645873545672279,0.6720355693068958,6.644516868959834,1.8731542864362767,7.807614425392669,2.192076851909886
177.9296875,84.8828125,248.2421875,14136718.75,0.40937500000000004,18402343750.0,0.2544921875,3857.421875,6.328125,-183.59375,-261.71875,29.247224985246184,16.77995623344667,29.629060665110504,16.88136339227663,20.135604952301293,11.906289275903237,1.65629155031495,0.6762894013825669,6.686575147234702,1.8850109263973744,7.857034846266314,2.2059521990654054
177.9296875,84.8828125,248.2421875,14136718.75,0.5218750000000001,7574218750.0,0.2544921875,3857.421875,6.328125,-183.59375,-261.71875,90.58684551814157,51.97222313868064,91.76949753940625,52.28630950537004,62.36560686179884,36.877111858462825,5.129998722171784,2.094657649042028,20.710195589959362,5.8384066753583195,24.335437027219587,6.832451666028054
177.9296875,84.8828125,248.2421875,14136718.75,0.5218750000000001,18402343750.0,0.3283203125,3857.421875,6.328125,-183.59375,-261.71875,27.609818753563555,15.870219734175162,27.97033702358204,15.963328209400833,27.19806044229087,15.888748112023945,1.6054882352850175,0.649691771539055,7.0053096955851535,1.9748653126909927,8.231562672239246,2.3111051603900945
177.9296875,84.8828125,248.2421875,14136718.75,0.5218750000000001,18402343750.0,0.2544921875,3119.140625,6.328125,-183.59375,-261.71875,69.54852116625112,38.902600066766816,70.94181937463414,39.2375236345834,48.09411195290014,27.897695521710016,6.162505258334243,2.446053615818512,22.29097499331511,6.288890915149792,26.24488739181253,7.37279115459969
177.9296875,84.8828125,248.2421875,14136718.75,0.5218750000000001,18402343750.0,0.2544921875,3857.421875,-26.484375,-183.59375,-261.71875,37.29574978153972,21.39959976343099,37.76010409516879,21.5171257027843,25.668993572645643,15.18087487127661,2.1339365287680123,0.8731460292444028,8.514471940185048,2.400345217040983,9.996667387554089,2.806666632431751
177.9296875,84.8828125,248.2421875,14136718.75,0.5218750000000001,18402343750.0,0.2544921875,3857.421875,6.328125,-144.53125,-261.71875,37.47792983925385,21.571941368715734,37.836341430044726,21.579233722542682,25.75762591054766,15.273332107924235,2.005662359955369,0.8066687651379328,8.002736258340349,2.2554374014253935,10.116125158859655,2.840113553925853
177.9296875,84.8828125,248.2421875,14136718.75,0.5218750000000001,18402343750.0,0.2544921875,3857.421875,6.328125,-183.59375,58.59375,37.480593753348025,21.6221103781557,37.58107536811689,22.268285296437558,25.645284137630455,15.630487167939036,1.1195292584555043,0.40889116641172885,9.191099621785334,2.5890001788438064,5.4720017139639685,1.5375514625666535
109.5703125,38.4765625,144.7265625,11019531.25,0.40937500000000004,7574218750.0,0.3283203125,3119.140625,-26.484375,-144.53125,58.59375,12.563167655855827,7.157496230133851,12.54484868240467,7.408077806386868,12.2760922068693,7.3781376333588495,0.6068831308934783,0.20644905757190318,4.648234746370184,1.3092785618741074,2.9660616401560143,0.8337836348646974
240.4296875,17.3828125,60.7421875,9386718.75,0.321875,43152343750.0,0.2919921875,4982.421875,21.328125,-433.59375,-11.71875,0.1752263074640849,0.10140126430200705,0.1785930081725129,0.10635781709051395,0.14575194085597956,0.08731106483456508,0.005231783628889879,0.0020183555903908385,0.03996683197829668,0.011270644054921442,0.019954879546790295,0.0055958181892732835
172.0703125,17.3828125,60.7421875,9386718.75,0.321875,43152343750.0,0.2919921875,4982.421875,21.328125,-433.59375,-11.71875,0.12558929324284634,0.07266762040806352,0.1278983627922235,0.07616837376232302,0.10442422198717678,0.06255000423447613,0.0037865124206288106,0.0014586866317388837,0.028689546326896832,0.008090521527716018,0.014276979990576099,0.004003639450841573
240.4296875,60.9765625,60.7421875,9386718.75,0.321875,43152343750.0,0.2919921875,4982.421875,21.328125,-433.59375,-11.71875,0.6146217143242622,0.3556749473155495,0.6263655698759693,0.37302329492627084,0.5112124414910518,0.30623581015747936,0.0183649456247637,0.0070837356770931375,0.14016569700492681,0.039526733378543344,0.06995472581793111,0.019616965874827162
240.4296875,17.3828125,207.2265625,9386718.75,0.321875,43152343750.0,0.2919921875,4982.421875,21.328125,-433.59375,-11.71875,0.5995563025106924,0.34688215143657447,0.6111186946205699,0.3639160743024988,0.49872572695421374,0.29873166166534443,0.0179875422824043,0.006938099298942148,0.13728381543920576,0.038714320393088045,0.06854684183445586,0.01922225032792157
240.4296875,17.3828125,60.7421875,15769531.25,0.321875,43152343750.0,0.2919921875,4982.421875,21.328125,-433.59375,-11.71875,0.2943772797471954,0.1703524361161891,0.300033280895728,0.1786793622948002,0.24486083447173926,0.14668113555436502,0.008789309409000603,0.00339080379459335,0.06714361244127494,0.018934494402712387,0.033523865472489554,0.009400881410776631
240.4296875,17.3828125,60.7421875,9386718.75,0.609375,43152343750.0,0.2919921875,4982.421875,21.328125,-433.59375,-11.71875,0.3317391257815199,0.19197326736787743,0.3381129766372816,0.2013570323558274,0.27593814045549525,0.165297647016895,0.009904833083820659,0.003821158642002074,0.07566536151230924,0.02133762709426875,0.037778655452661215,0.010594024727264954
240.4296875,17.3828125,60.7421875,9386718.75,0.321875,32324218750.0,0.2919921875,4982.421875,21.328125,-433.59375,-11.71875,0.23392447354147988,0.13536915610202682,0.23841896813072505,0.14198607920228493,0.19457663935178324,0.11655895265588402,0.006984352114603811,0.0026944742244166286,0.05335511696244634,0.015046139561899359,0.026639462761739258,0.007470332753704165
240.4296875,17.3828125,60.7421875,9386718.75,0.321875,43152343750.0,0.2158203125,4982.421875,21.328125,-433.59375,-11.71875,0.22526722165972543,0.13021528084122283,0.22960153660508614,0.13655998843977404,0.12511124041426297,0.07581656726622006,0.006572251718383415,0.002563805960846975,0.046392211834433095,0.013082600762310742,0.023162981733653675,0.006495445597607354
240.4296875,17.3828125,60.7421875,9386718.75,0.321875,43152343750.0,0.2919921875,4244.140625,21.328125,-433.59375,-11.71875,0.27832753195211707,0.15826078961627132,0.28530582958567285,0.16893321708940917,0.23223823091887286,0.13818066520175565,0.011563592200186873,0.004417089610584509,0.08382798089912036,0.023650157918734177,0.041959201851436326,0.011770041259645085
240.4296875,17.3828125,60.7421875,9386718.75,0.321875,43152343750.0,0.2919921875,4982.421875,18.515625,-433.59375,-11.71875,0.17521556876795327,0.10139565514706855,0.17860584527050688,0.10636584717499377,0.14575307626344816,0.08731229220344365,0.0052419264121973,0.002021586258736789,0.03995750223679251,0.011268026452376529,0.01995085834045538,0.005594700449901626
240.4296875,17.3828125,60.7421875,9386718.75,0.321875,43152343750.0,0.2919921875,4982.421875,21.328125,105.46875,-11.71875,0.1824139845812203,0.10883188782214062,0.18290872400327243,0.10888704916797275,0.1507302232342842,0.09177153171237,0.0017539534223073568,0.0007005847574821857,0.014328408462117238,0.004041848255000586,0.02160703924568154,0.006057330673234248
240.4296875,17.3828125,60.7421875,9386718.75,0.321875,43152343750.0,0.2919921875,4982.421875,21.328125,-433.59375,308.59375,0.17585461466747088,0.10115675407844477,0.17982498326334623,0.10564964595990615,0.1468098927894799,0.08702437665630451,0.005531331938977349,0.002201316479677876,0.040817447367473156,0.011504242387062711,0.004075384349202416,0.0014052318005407624
172.0703125,60.9765625,207.2265625,15769531.25,0.609375,32324218750.0,0.2158203125,4244.140625,18.515625,105.46875,308.59375,13.69548720773922,8.158473578961557,13.732065198409378,8.107233000279928,8.242034230777328,4.7325932614996855,0.09936545487438538,0.041947292190053435,1.3658481742229933,0.3852142966688674,0.4068929951904308,0.13928191973025644
115.4296875,62.3828125,185.7421875,18886718.75,0.721875,92652343750.0,0.21699218750000002,2732.421875,-8.671875,66.40625,488.28125,15.224093566130893,8.746809978009424,14.918241963855468,8.334487927869395,12.14695361843585,5.487199620411808,0.6897844740872151,0.23788019385723222,4.147802761971446,1.1670767838219402,1.3858867990250452,0.4778114798192993
297.0703125,62.3828125,185.7421875,18886718.75,0.721875,92652343750.0,0.21699218750000002,2732.421875,-8.671875,66.40625,488.28125,38.62639702204352,22.20171251482493,38.205186581383664,21.345992674019325,30.794316112857008,13.961223528888002,1.6909156552212903,0.5812695420032635,10.297099353724839,2.8975335320562645,3.5643824206013432,1.224389913070052
115.4296875,15.9765625,185.7421875,18886718.75,0.721875,92652343750.0,0.21699218750000002,2732.421875,-8.671875,66.40625,488.28125,3.89991079457818,2.240580148990756,3.823184642739981,2.135799294145964,3.1134777630395973,1.406064955907539,0.17664039431056267,0.060908259906377216,1.0630352301816401,0.29910830926618787,0.3558057205877388,0.12263048887535456
115.4296875,62.3828125,82.2265625,18886718.75,0.721875,92652343750.0,0.21699218750000002,2732.421875,-8.671875,66.40625,488.28125,6.69221513766903,3.8463393053765236,6.559197771008035,3.6662333256875455,5.314704880387119,2.4090928161628753,0.3002877227504088,0.10351707670652305,1.8026482239307031,0.5072328204072954,0.6022605417714646,0.2078631916757105
115.4296875,62.3828125,185.7421875,6269531.25,0.721875,92652343750.0,0.21699218750000002,2732.421875,-8.671875,66.40625,488.28125,5.053706344082748,2.9035429192771716,4.952177528849644,2.766670759923553,4.0322358960888405,1.8215005978823064,0.2289770591333983,0.07896540044278338,1.3768817855148237,0.38741638842486326,0.4600513572771866,0.15861167013649957
115.4296875,62.3828125,185.7421875,18886718.75,0.209375,92652343750.0,0.21699218750000002,2732.421875,-8.671875,66.40625,488.28125,4.415646185847488,2.5369535434053305,4.326935980858512,2.4173622994253225,3.5231423914943814,1.5915254310285332,0.20006735828503633,0.06899555406248727,1.2030423595328437,0.33850279011285717,0.40196716681678796,0.13858601362724265
115.4296875,62.3828125,185.7421875,18886718.75,0.721875,81824218750.0,0.21699218750000002,2732.421875,-8.671875,66.40625,488.28125,17.23875854752751,9.90431020520387,16.892432383667728,9.437423934746462,13.754408405770754,6.213342616916393,0.7810664028679362,0.26935982804696096,4.696698033665954,1.321520706328954,1.569286722971072,0.5410421773921784
115.4296875,62.3828125,185.7421875,18886718.75,0.721875,92652343750.0,0.2908203125,2732.421875,-8.671875,66.40625,488.28125,11.937482693584336,6.888928459134311,11.697587451855005,6.571622485971991,12.017072642668627,6.01988130971988,0.5410182243833982,0.18715303252756438,3.5902690047086665,1.0102022308021774,1.1996005365041946,0.4135856607785873
115.4296875,62.3828125,185.7421875,18886718.75,0.721875,92652343750.0,0.21699218750000002,1994.140625,-8.671875,66.40625,488.28125,38.26736157380098,21.37322057646164,37.02095522329449,20.002770649307728,42.049246896090274,15.486760701713447,3.066685273421869,1.0939471840735295,20.577615377378407,5.778713492217414,6.911654762132687,2.248838408603068
115.4296875,62.3828125,185.7421875,18886718.75,0.721875,92652343750.0,0.21699218750000002,2732.421875,-11.484375,66.40625,488.28125,15.224447600392267,8.74694962229379,14.917986111614207,8.33429834414405,12.146753084460304,5.487159957765832,0.6891018180770859,0.23761730013338433,4.148207859602246,1.1671912779152334,1.3864335851489884,0.4779319751144141
115.4296875,62.3828125,185.7421875,18886718.75,0.721875,92652343750.0,0.21699218750000002,2732.421875,-8.671875,-394.53125,488.28125,14.013048223272678,7.1715932881359645,14.522733819851764,7.7936085295558755,8.694243220588001,4.53953325123251,1.678208875504377,0.7472269591464656,8.132672863847915,2.290594609151237,1.082272218980366,0.39051915066921034
115.4296875,62.3828125,185.7421875,18886718.75,0.721875,92652343750.0,0.21699218750000002,2732.421875,-8.671875,66.40625,-191.40625,15.454691591259284,8.88280805557996,15.464462891379675,8.653270053953294,9.710900287513569,5.314906815961278,0.9605945869013042,0.37575635806222124,3.5072117187522864,0.9894852211241171,6.694348176604663,1.878861328615142
297.0703125,15.9765625,82.2265625,6269531.25,0.209375,81824218750.0,0.2908203125,1994.140625,-11.484375,-394.53125,-191.40625,0.7649825162054812,0.37975565371169034,0.8965059265117343,0.4616689506803881,0.6828895135531345,0.35234678871440733,0.22612981809603153,0.08040728907806022,0.6153824793514866,0.17476266027859577,0.48402806523120545,0.13628794746309575
146.6796875,28.6328125,279.4921875,16511718.75,0.621875,55527343750.0,0.3107421875,4419.921875,28.828125,-58.59375,-136.71875,2.939239897932746,1.7333679253917686,2.954537874685482,1.7372443865590999,2.654524356567058,1.5994052528415603,0.08129012645870005,0.03161651178789722,0.4683860808069014,0.13188316614419998,0.5721852923177603,0.16043730282169705
265.8203125,28.6328125,279.4921875,16511718.75,0.621875,55527343750.0,0.3107421875,4419.921875,28.828125,-58.59375,-136.71875,5.309958981583342,3.1316261065408404,5.344604701901671,3.1426290289627286,4.798773232144294,2.8911964320852004,0.1423148109920627,0.055160073367037904,0.8450042771705852,0.23792001212635444,1.0345432608426002,0.2900788724746087
146.6796875,72.2265625,279.4921875,16511718.75,0.621875,55527343750.0,0.3107421875,4419.921875,28.828125,-58.59375,-136.71875,7.413033464084238,4.37177497613103,7.45075634736332,4.381053078729219,6.694566940631979,4.03365980570644,0.20543213615664732,0.07993649623617453,1.180776266580445,0.3324710831688595,1.4421629332836567,0.4043736543723715
146.6796875,28.6328125,113.4765625,16511718.75,0.621875,55527343750.0,0.3107421875,4419.921875,28.828125,-58.59375,-136.71875,1.1855837661060435,0.6993575350344138,1.1917599020390635,0.7009141406641218,1.070734684224064,0.6451994387412172,0.0324300513906539,0.012624388762823293,0.18734082511001382,0.052748881339391956,0.2288545259742724,0.06416889692286988
146.6796875,28.6328125,279.4921875,8644531.25,0.621875,55527343750.0,0.3107421875,4419.921875,28.828125,-58.59375,-136.71875,1.5388071668145655,0.907485975607283,1.5468162566072803,0.9095154548037114,1.3897474334239177,0.8373512714782051,0.042558563958623834,0.01655248180426226,0.2452184520524422,0.06904600110648558,0.2995614033355107,0.08399520963908576
146.6796875,28.6328125,279.4921875,16511718.75,0.309375,55527343750.0,0.3107421875,4419.921875,28.828125,-58.59375,-136.71875,1.4622349240971957,0.8623287669034431,1.4698454753460444,0.864257257634929,1.320592519096175,0.7956840202578617,0.04044081668045879,0.015728817422119727,0.23301619095418724,0.06561021833304423,0.28465499467064465,0.07981554260978899
146.6796875,28.6328125,279.4921875,16511718.75,0.621875,94199218750.0,0.3107421875,4419.921875,28.828125,-58.59375,-136.71875,1.732585326523491,1.0217634277190129,1.7416029810762648,1.0240484741836036,1.5647548715986201,0.9427968347146083,0.04791785808046525,0.01863689467406009,0.2760982018938464,0.07774079231763645,0.33728442588832525,0.09457251750406069
146.6796875,28.6328125,279.4921875,16511718.75,0.621875,55527343750.0,0.3095703125,4419.921875,28.828125,-58.59375,-136.71875,2.954791413493876,1.7424892365191889,2.9701723127746162,1.7463887091229078,2.654014777965501,1.5993404004867176,0.08167795317508826,0.0317752988169928,0.47006574355417885,0.1323561076987052,0.5742371857437786,0.16101264135515436
146.6796875,28.6328125,279.4921875,16511718.75,0.621875,55527343750.0,0.3107421875,4806.640625,28.828125,-58.59375,-136.71875,2.2893312128781647,1.3561054964877342,2.300787021475373,1.3587340136439516,2.067048505001531,1.2475393073985992,0.05300507754957434,0.02078630709783735,0.3138139521707389,0.08834641892199353,0.3833022099177233,0.10746340881098128
146.6796875,28.6328125,279.4921875,16511718.75,0.621875,55527343750.0,0.3107421875,4419.921875,11.015625,-58.59375,-136.71875,2.9386251899457325,1.7330507289269506,2.9551629205035765,1.7376139805481132,2.654519913449763,1.5994354920947207,0.0818092876286864,0.03185579798470954,0.46783403589964545,0.13172862122784101,0.5722210494572528,0.1604473854324741
146.6796875,28.6328125,279.4921875,16511718.75,0.621875,55527343750.0,0.3107421875,4419.921875,28.828125,480.46875,-136.71875,2.9249532221868213,1.7346658322719395,2.9547388170771383,1.737424175463189,2.651175860237637,1.60331270503569,0.0811529827709573,0.024104245752106398,0.12300246607085409,0.03975389817709981,0.5901775807096349,0.16543241953152335
146.6796875,28.6328125,279.4921875,16511718.75,0.621875,55527343750.0,0.3107421875,4419.921875,28.828125,-58.59375,-316.40625,2.9394808479653345,1.7192645724357072,2.943828424700391,1.694560202059785,2.65499136162525,1.5703950197980272,0.11810068838900724,0.045181421426192976,0.4499569075595739,0.1267280680675413,0.7377264139997732,0.2071494618976657
265.8203125,72.2265625,113.4765625,8644531.25,0.309375,94199218750.0,0.3095703125,4806.640625,11.015625,480.46875,-316.40625,0.6450635723136579,0.38267972137413925,0.6473616187454773,0.37865196244594135,0.5797252590451133,0.34793873336582876,0.021872363141346707,0.006569683049510216,0.022131308761258316,0.007180828921944997,0.1437275807983959,0.04033882699674174
271.6796875,73.6328125,154.4921875,7011718.75,0.22187500000000002,6027343750.0,0.2357421875,2169.921875,-1.171875,441.40625,363.28125,113.85441739704194,64.46325544709134,113.73009487490945,64.45836224564616,132.29530764762643,50.93718096355878,12.64107180378056,4.06525480528137,12.445304514098027,4.0993389546401175,6.740037632701918,2.6834349965071325
140.8203125,73.6328125,154.4921875,7011718.75,0.22187500000000002,6027343750.0,0.2357421875,2169.921875,-1.171875,441.40625,363.28125,59.9983200798485,33.967869948643816,59.272782961408446,33.59486457899441,70.15618539884778,26.841112276457185,6.703103136419111,2.1556221317364925,6.780432129289899,2.2250100545634517,3.527525447415113,1.4070724539175
271.6796875,27.2265625,154.4921875,7011718.75,0.22187500000000002,6027343750.0,0.2357421875,2169.921875,-1.171875,441.40625,363.28125,42.118456345309525,23.847190198072145,42.11137385996956,23.868122341437125,49.017522829017146,18.861836929803058,4.683232412630861,1.5062721709991294,4.608510479106915,1.517741929818265,2.4988574336041256,0.9954601235043674
271.6796875,73.6328125,238.4765625,7011718.75,0.22187500000000002,6027343750.0,0.2357421875,2169.921875,-1.171875,441.40625,363.28125,178.0438595015335,100.8021294401659,177.84453625462885,100.82171645787484,209.82837503093194,80.18161915206917,20.04121259172851,6.450323557558882,19.95195272846488,6.5522804084177535,10.659654166160006,4.265338675444754
271.6796875,73.6328125,154.4921875,18144531.25,0.22187500000000002,6027343750.0,0.2357421875,2169.921875,-1.171875,441.40625,363.28125,294.6260550469415,166.81438526559293,294.3043402194732,166.80172291422082,342.34635321628116,131.81237079427888,32.71185433346,10.519837643750398,32.205258756537795,10.608038687634176,17.441490141448707,6.944042094025422
271.6796875,73.6328125,154.4921875,7011718.75,0.7093750000000001,6027343750.0,0.2357421875,2169.921875,-1.171875,441.40625,363.28125,364.0134190018103,206.10083079563017,363.61593713527407,206.08518633467153,422.9723216339607,162.85549406658936,40.41582111912942,12.997363954913677,39.78991724929934,13.106337221173334,21.54913440314559,8.57943301700168
271.6796875,73.6328125,154.4921875,7011718.75,0.22187500000000002,44699218750.0,0.2357421875,2169.921875,-1.171875,441.40625,363.28125,15.352387140053805,8.692371157464121,15.335623209996099,8.69171134711457,17.838998488183833,6.868484682930281,1.7045507116344847,0.5481681521060171,1.678153007537644,0.5527641358917854,0.908841917963739,0.3618404439054886
271.6796875,73.6328125,154.4921875,7011718.75,0.22187500000000002,6027343750.0,0.2345703125,2169.921875,-1.171875,441.40625,363.28125,114.25035924399876,64.6783792047564,114.12560550047522,64.67279620705285,132.35750931656918,50.87730676188801,12.684970834763124,4.079374821377365,12.46951976380102,4.107315177021125,6.753151951768881,2.6886562466925756
271.6796875,73.6328125,154.4921875,7011718.75,0.22187500000000002,6027343750.0,0.2357421875,2556.640625,-1.171875,441.40625,363.28125,70.62704894809787,40.313268260245266,70.57404799452455,40.23253277038445,67.57832728635846,29.283227060419502,6.040239564224811,1.9259757295730675,5.376977374117755,1.823064188588137,3.302186249332713,1.2566152602566236
271.6796875,73.6328125,154.4921875,7011718.75,0.22187500000000002,6027343750.0,0.2357421875,2169.921875,-18.984375,441.40625,363.28125,114.01344427441505,64.60356647569878,113.55944136584091,64.40576778250784,132.27812344125056,50.95609372751402,12.865552279545874,4.183162453370152,12.553994600381923,4.123031003426003,6.706030828437901,2.687568285177853
271.6796875,73.6328125,154.4921875,7011718.75,0.22187500000000002,6027343750.0,0.2357421875,2169.921875,-1.171875,-19.53125,363.28125,114.5637066396169,62.99348654768661,115.15507149337361,63.61236679666711,110.94348244722416,47.02071005226949,6.307229575523703,2.4052826103800466,60.5125343584348,17.001797524625847,7.444343560891708,2.7413798960339495
271.6796875,73.6328125,154.4921875,7011718.75,0.22187500000000002,6027343750.0,0.2357421875,2169.921875,-1.171875,441.40625,183.59375,114.78907120763537,65.36029211423376,116.59356197331385,67.17249934977842,125.4649565766646,50.764898682385976,9.612001774275647,2.9579623722619584,12.01652243495462,4.066378678997695,35.9401888870873,10.172402275988482
140.8203125,27.2265625,238.4765625,18144531.25,0.7093750000000001,44699218750.0,0.2345703125,2556.640625,-18.984375,-19.53125,183.59375,24.090635190922033,13.678688728130501,24.10756435658969,13.937153181850956,19.721856647432766,9.567441361120542,0.949005294073803,0.32514250098019987,9.260089759540062,2.605359368792663,4.844088504243838,1.3826042663358606
209.1796875,51.1328125,216.9921875,11761718.75,0.421875,30777343750.0,0.34824218749999997,1044.921875,-16.171875,191.40625,113.28125,508.53157672830184,198.7821637257703,277.1596815381132,151.12417689353595,622.0168233989285,229.75049671337476,277.0661425879926,78.08614765243358,442.8924497259249,124.8741863139308,874.833631323477,244.83845220503213
78.3203125,51.1328125,216.9921875,11761718.75,0.421875,30777343750.0,0.34824218749999997,1044.921875,-16.171875,191.40625,113.28125,181.16119346021958,74.04039671723174,105.7247157029452,56.54002555685754,215.0911955534306,83.3394098926056,130.50972420097614,36.682452376063,211.37176616702868,59.448537225367396,329.9650488409291,92.36330258726294
209.1796875,94.7265625,216.9921875,11761718.75,0.421875,30777343750.0,0.34824218749999997,1044.921875,-16.171875,191.40625,113.28125,930.2016742617288,365.42421573293564,510.1096919468338,281.16383852700125,1167.5301916803417,428.03429393377115,502.31205260397627,141.58767761133868,836.5273947641134,235.73768032559607,1580.52367336786,442.3597136792275
209.1796875,51.1328125,50.9765625,11761718.75,0.421875,30777343750.0,0.34824218749999997,1044.921875,-16.171875,191.40625,113.28125,106.44752845732584,42.86704555078245,61.17817621444156,35.59289421743045,148.95633942279036,53.330189599750305,46.824304426123746,13.252998610345214,89.50609266857536,25.240455552200963,166.7414933005231,46.68394276919768
209.1796875,51.1328125,216.9921875,13394531.25,0.421875,30777343750.0,0.34824218749999997,1044.921875,-16.171875,191.40625,113.28125,579.128122418249,226.37796061629572,315.6361833258686,172.1038866050929,708.3678802507228,261.6454510893929,315.5296588954589,88.92640328800887,504.3766888443032,142.2097591731879,996.281807309267,278.82798160446873
209.1796875,51.1328125,216.9921875,11761718.75,0.509375,30777343750.0,0.34824218749999997,1044.921875,-16.171875,191.40625,113.28125,614.0047926423204,240.01105694296717,334.6446525237961,182.4684506196027,751.0277201038919,277.4024515872599,334.53171290253937,94.28179309145683,534.7516244838948,150.77401754941278,1056.2806067090874,295.61976081052035
209.1796875,51.1328125,216.9921875,11761718.75,0.421875,19949218750.0,0.34824218749999997,1044.921875,-16.171875,191.40625,113.28125,784.5545903744452,306.6780238878685,427.597636741491,233.15202462192477,959.6378601057684,354.45548533477177,427.453326307185,120.4700915123407,683.2875683161473,192.65394829987486,1349.6796908552333,377.73294789963745
209.1796875,51.1328125,216.9921875,11761718.75,0.421875,30777343750.0,0.3470703125,1044.921875,-16.171875,191.40625,113.28125,511.250399515751,199.98949464231416,279.05382909713535,152.13675578589317,624.8450758992949,230.51639893246858,278.4723827034442,78.4850626966516,445.1241963328431,125.50343059608154,879.2419408115533,246.07219955224886
209.1796875,51.1328125,216.9921875,11761718.75,0.421875,30777343750.0,0.34824218749999997,1431.640625,-16.171875,191.40625,113.28125,149.24180605774612,72.74394327512017,127.3490079349456,69.84839894494662,234.1041932342465,91.63569537000022,28.471455979016984,8.34503849787114,89.4695866260876,25.322886108224424,149.69575779108425,42.001555180839695
209.1796875,51.1328125,216.9921875,11761718.75,0.421875,30777343750.0,0.34824218749999997,1044.921875,26.015625,191.40625,113.28125,411.5529618653639,180.63084102415036,276.67787302789367,146.9324137177308,485.26960309212893,202.3074103593144,276.4833435988241,77.91303425537824,499.6509813105974,140.60135391893022,805.4673964790229,225.52144975009242
209.1796875,51.1328125,216.9921875,11761718.75,0.421875,30777343750.0,0.34824218749999997,1044.921875,-16.171875,230.46875,113.28125,586.404650761092,214.10368661501062,277.4637589300963,149.9661699425517,685.6387632620067,243.17598932653394,229.20970070164952,65.23705273341838,353.33573994865907,100.28733289261119,943.4695719306143,263.9111425098757
209.1796875,51.1328125,216.9921875,11761718.75,0.421875,30777343750.0,0.34824218749999997,1044.921875,-16.171875,191.40625,433.59375,617.3896462158085,208.67035806011256,995.6113433756153,294.6030455282643,1526.818446210164,440.7873254503698,78.6837037780977,27.45888577680325,897.4248887661854,250.91348217275734,383.57680481665193,108.9811557309313
78.3203125,94.7265625,50.9765625,13394531.25,0.509375,19949218750.0,0.3470703125,1431.640625,26.015625,230.46875,433.59375,59.62494265807857,24.93361250596392,63.360566669231275,23.852086414621837,107.31384000136259,35.107093271318405,3.9322018728541814,1.5769098600515308,30.43395600467777,8.5936522038513,10.1222101718415,3.4474348859062127
84.1796875,96.1328125,91.9921875,2261718.75,0.8218750000000001,80277343750.0,0.2732421875,3294.921875,13.828125,-308.59375,-386.71875,0.611862445915528,0.33762125234264256,0.6302568525777057,0.3408161719573502,0.46799334546242,0.26273760762899145,0.06658621877860503,0.02870179152728884,0.2094852716089255,0.059188384212181,0.23858213053876537,0.06712114791915721
203.3203125,96.1328125,91.9921875,2261718.75,0.8218750000000001,80277343750.0,0.2732421875,3294.921875,13.828125,-308.59375,-386.71875,1.4718346471834725,0.81240687304732,1.5197562901551502,0.8218507202010458,1.1271322788907283,0.6328335826485191,0.15913678342261492,0.06849695483304187,0.5020607486679111,0.14185060334142244,0.5751726662409498,0.16181493539250724
84.1796875,49.7265625,91.9921875,2261718.75,0.8218750000000001,80277343750.0,0.2732421875,3294.921875,13.828125,-308.59375,-386.71875,0.3165958047220264,0.17468196592663096,0.32628751338630124,0.1764122422597006,0.242219621622956,0.13596498049835376,0.03447402877508119,0.014852544305148018,0.10843424501875884,0.030637356371693698,0.12363952942952186,0.03478411802136434
84.1796875,96.1328125,175.9765625,2261718.75,0.8218750000000001,80277343750.0,0.2732421875,3294.921875,13.828125,-308.59375,-386.71875,1.1748055651899831,0.6479497192673758,1.21034012852192,0.6541136687500552,0.8986619347672075,0.5042468075220975,0.12864172588930461,0.055411509405960395,0.40369255161890855,0.11406307569656615,0.4597629114271513,0.12934908247369703
84.1796875,96.1328125,91.9921875,3894531.25,0.8218750000000001,80277343750.0,0.2732421875,3294.921875,13.828125,-308.59375,-386.71875,1.0535869750911595,0.5813616383171238,1.0852609361312135,0.5868630802098069,0.8058538262971204,0.45241691676356566,0.1146570986567689,0.049422601300012046,0.3607198891089788,0.10191851305620803,0.41082277054775307,0.1155782115291878
84.1796875,96.1328125,91.9921875,2261718.75,0.909375,80277343750.0,0.2732421875,3294.921875,13.828125,-308.59375,-386.71875,0.6770036949103371,0.3735657202726577,0.6973564414452943,0.3771007834204902,0.517817732051575,0.29070967231953043,0.07367524587290518,0.03175749556821693,0.23178788607679587,0.06548980914731814,0.26398250945544,0.07426712564439068
84.1796875,96.1328125,91.9921875,2261718.75,0.8218750000000001,69449218750.0,0.2732421875,3294.921875,13.828125,-308.59375,-386.71875,0.7072605391759952,0.39026122711590344,0.7285228965253631,0.3939542803248498,0.5409601913829909,0.3037021527860624,0.07696796119686777,0.033176810713612295,0.24214701708954542,0.06841669857385296,0.2757804918556818,0.07758629342969796
84.1796875,96.1328125,91.9921875,2261718.75,0.8218750000000001,80277343750.0,0.2720703125,3294.921875,13.828125,-308.59375,-386.71875,0.614457234760376,0.33904374091084805,0.6329295857747957,0.342253750669377,0.46721676953003116,0.26235598132796667,0.06682396271868302,0.028815405532260745,0.21003540324432718,0.05934381949578517,0.2392086737637035,0.0672974155230379
84.1796875,96.1328125,91.9921875,2261718.75,0.8218750000000001,80277343750.0,0.2732421875,3681.640625,13.828125,-308.59375,-386.71875,0.44524142015635915,0.2498203583833979,0.45593825105505953,0.25173876152223285,0.33940155376548714,0.19384687753759167,0.039987810060478815,0.016955564916706106,0.1296291526020267,0.03660079738207821,0.14764483205435927,0.04151753162377031
84.1796875,96.1328125,91.9921875,2261718.75,0.8218750000000001,80277343750.0,0.2732421875,3294.921875,-3.984375,-308.59375,-386.71875,0.6118651810762713,0.3376178549858261,0.6302476851122508,0.34080724370863275,0.46799090181232844,0.26273119237707926,0.06657071312363533,0.028690096324700043,0.20951075458934906,0.05919555357826053,0.23859136949151802,0.06712378878307884
84.1796875,96.1328125,91.9921875,2261718.75,0.8218750000000001,80277343750.0,0.2732421875,3294.921875,13.828125,-269.53125,-386.71875,0.6186229363946983,0.34271059749708166,0.6325254792833769,0.3423958617849569,0.4714067237807523,0.2655883601380462,0.06405252747729649,0.027267642502873037,0.2006506194357298,0.05666981923358109,0.2424679090271326,0.06820969860002454
84.1796875,96.1328125,91.9921875,2261718.75,0.8218750000000001,80277343750.0,0.2732421875,3294.921875,13.828125,-308.59375,-66.40625,0.617540309896601,0.3453904486529305,0.6312976046959818,0.36727069295736964,0.4677219984397276,0.27878798932451737,0.04325839827387979,0.01586304437832982,0.2374285684417152,0.06698937626807605,0.15845415468519178,0.044454642216483965
203.3203125,49.7265625,175.9765625,3894531.25,0.909375,69449218750.0,0.2720703125,3681.640625,-3.984375,-269.53125,-66.40625,2.3870875435291126,1.3622170084656853,2.432355809646152,1.423460561828013,1.795341719290882,1.0791687692832483,0.12427583399010327,0.04619324282539677,0.7220351445417308,0.2035942543687415,0.5148233790570701,0.14439217607153418
99.8046875,11.7578125,232.6171875,5824218.75,0.571875,98839843750.0,0.3013671875,4138.671875,25.078125,3.90625,-449.21875,0.157460291073981,0.09144797122042114,0.1562852853718178,0.08762068426457012,0.1354985358772813,0.07897247355886883,0.007902281440213552,0.0029114507110336004,0.02194971108985944,0.006184776334581341,0.05005623494335527,0.014074547140778555
218.9453125,11.7578125,232.6171875,5824218.75,0.571875,98839843750.0,0.3013671875,4138.671875,25.078125,3.90625,-449.21875,0.34443033993438144,0.20004573218656804,0.3423431314994887,0.19194369091875996,0.29659838501134206,0.17286058376724006,0.017027487709290762,0.006262415417791167,0.04804059662383273,0.013535925855530158,0.10951858775271049,0.030793751790562904
99.8046875,21.6015625,232.6171875,5824218.75,0.571875,98839843750.0,0.3013671875,4138.671875,25.078125,3.90625,-449.21875,0.289283845048885,0.16800721788883566,0.2871217595230788,0.16097419522689582,0.24893454697711317,0.145086686352826,0.014519105495574293,0.005349365508706053,0.04032378721535169,0.011362047358843604,0.09195852314248708,0.025856408690019702
99.8046875,11.7578125,66.6015625,5824218.75,0.571875,98839843750.0,0.3013671875,4138.671875,25.078125,3.90625,-449.21875,0.04482893081637556,0.026043683230540265,0.044497238908356516,0.024962643559841464,0.03857726078475002,0.02249261584233449,0.0022330054249214194,0.0008222332029166151,0.006209477847889508,0.0017496194289192963,0.014160705817066488,0.003981569092142499
99.8046875,11.7578125,232.6171875,16957031.25,0.571875,98839843750.0,0.3013671875,4138.671875,25.078125,3.90625,-449.21875,0.4584407267284717,0.2662479162091537,0.4550197342716706,0.2551048895992615,0.39449976139723536,0.2299258938424209,0.0230072459637606,0.008476597945403664,0.06390589928979194,0.01800678341275493,0.1457371669276359,0.04097760505574762
99.8046875,11.7578125,232.6171875,5824218.75,0.359375,98839843750.0,0.3013671875,4138.671875,25.078125,3.90625,-449.21875,0.09895045613938695,0.057467304318843886,0.09821206457791826,0.055062178636205265,0.08514935314692539,0.04962751070639297,0.004965914566254422,0.00182960017360035,0.013793534291441718,0.003886608079108494,0.0314561039261522,0.008844660771527506
99.8046875,11.7578125,232.6171875,5824218.75,0.571875,26136718750.0,0.3013671875,4138.671875,25.078125,3.90625,-449.21875,0.5954592355469948,0.3458239449694091,0.5910157787719481,0.33135049677872025,0.5124076301453966,0.29864601680766073,0.029883638810599866,0.01101007881352312,0.08300605884123649,0.023388640800166147,0.18929501012878766,0.05322496880931396
99.8046875,11.7578125,232.6171875,5824218.75,0.571875,98839843750.0,0.2814453125,4138.671875,25.078125,3.90625,-449.21875,0.17059630191732553,0.09902904542297204,0.16932332111309908,0.09489653628504083,0.13331978722922286,0.07791851847516845,0.008561235128693266,0.0031435265479164104,0.023122102319427615,0.006515121344673701,0.05272986880543858,0.01482630535574731
99.8046875,11.7578125,232.6171875,5824218.75,0.571875,98839843750.0,0.3013671875,4525.390625,25.078125,3.90625,-449.21875,0.12072724508740594,0.07059961962355753,0.11997345203230578,0.06811695464666745,0.10393237759715611,0.06102782688426763,0.005140822476795966,0.0018814571625702665,0.014539097769169226,0.004095623138528985,0.03315684379130666,0.009320489576792415
99.8046875,11.7578125,232.6171875,5824218.75,0.571875,98839843750.0,0.3013671875,4138.671875,22.265625,3.90625,-449.21875,0.15745708641328401,0.0914463032685463,0.1562884245191363,0.0876223230952894,0.1354985074563241,0.07897245960493986,0.00790452023384001,0.002912377987052344,0.021946399699463,0.00618384816451766,0.050057686454003485,0.014074956242756861
99.8046875,11.7578125,232.6171875,5824218.75,0.571875,98839843750.0,0.3013671875,4138.671875,25.078125,417.96875,-449.21875,0.15576252166513052,0.09145664181090729,0.15459847608555055,0.08757715209659174,0.13323740010517693,0.07909414913653291,0.007445507680280285,0.0022864565951233196,0.002883889770226274,0.0012860220454602494,0.0514335870670464,0.014456270539630929
99.8046875,11.7578125,232.6171875,5824218.75,0.571875,98839843750.0,0.3013671875,4138.671875,25.078125,3.90625,246.09375,0.1582260553985366,0.09343738999417583,0.15828981334699663,0.09362146791385052,0.13669714973609623,0.08320680968882181,0.0017815012390252625,0.0006550392740641833,0.025296581892275852,0.00711994420646124,0.00974780424013912,0.0028813819091348847
218.9453125,21.6015625,66.6015625,16957031.25,0.359375,26136718750.0,0.2814453125,4525.390625,22.265625,417.96875,246.09375,1.0395818311715623,0.6177185092515255,1.0417928559570313,0.6192156936941098,0.8161553397242912,0.4999184634023444,0.023862209494687963,0.007113232940988114,0.017774450075436342,0.007465264587594463,0.0534014325915846,0.015716369556213954
224.8046875,56.7578125,107.6171875,15324218.75,0.971875,49339843750.0,0.2263671875,1888.671875,-4.921875,-496.09375,50.78125,68.9026078009548,30.816353685869437,81.93834217057969,44.74982610396225,44.4303199951387,22.7947359372434,15.904095384948796,5.758291431835424,68.20567981855086,19.345175292589715,27.095437143197408,7.66130457368976
93.9453125,56.7578125,107.6171875,15324218.75,0.971875,49339843750.0,0.2263671875,1888.671875,-4.921875,-496.09375,50.78125,29.03300134651077,12.914216772990317,34.35908128650533,18.736935842628384,18.671761911628735,9.50303230373987,6.7384663073210875,2.446160478859661,28.897955312250772,8.199043299008665,11.24501081040245,3.1804219806960465
224.8046875,66.6015625,107.6171875,15324218.75,0.971875,49339843750.0,0.2263671875,1888.671875,-4.921875,-496.09375,50.78125,80.84164453006845,36.15731732498056,96.1072753351668,52.489574480642034,52.12026122522003,26.73976659590542,18.6444403797425,6.751267212824071,80.0113979712184,22.693596890942885,31.765652905114077,8.98177735761882
224.8046875,56.7578125,191.6015625,15324218.75,0.971875,49339843750.0,0.2263671875,1888.671875,-4.921875,-496.09375,50.78125,123.63726290547196,55.08090162701188,147.50443962625513,80.43990708204058,79.86995933704671,40.7942115120203,29.122428288452333,10.533660644363732,123.21643903159924,34.95519656411627,48.971346295069196,13.85028041745426
224.8046875,56.7578125,107.6171875,7457031.25,0.971875,49339843750.0,0.2263671875,1888.671875,-4.921875,-496.09375,50.78125,33.529206803982326,14.995773435208962,39.872621769981286,21.776043342458305,21.620566115401417,11.09231478567363,7.7392093015210905,2.802084716638752,33.190069531892306,9.413698606564814,13.185110758695854,3.728123994691244
224.8046875,56.7578125,107.6171875,15324218.75,0.7593750000000001,49339843750.0,0.2263671875,1888.671875,-4.921875,-496.09375,50.78125,53.83708583804507,24.078372815647185,64.02256317508319,34.96529820984832,34.71565195761642,17.81067791881076,12.4266725998153,4.49924378757559,53.29254082285486,15.115362045335376,21.171032880376117,5.986164023815472
224.8046875,56.7578125,107.6171875,15324218.75,0.971875,75636718750.0,0.2263671875,1888.671875,-4.921875,-496.09375,50.78125,44.94700403521459,20.102327294645296,53.45056034481186,29.191502015139548,28.983079680762124,14.869612643873436,10.374664504843684,3.7562866846828094,44.49237937241729,12.619372469178366,17.675074448986546,4.997672781607981
224.8046875,56.7578125,107.6171875,15324218.75,0.971875,49339843750.0,0.2064453125,1888.671875,-4.921875,-496.09375,50.78125,72.71421575333844,32.52933323736366,86.46897263012177,47.18050242478978,41.72809803085258,21.519734596268083,16.495973373246382,6.014804212093083,70.17566319636526,19.903921629679118,27.878034148735885,7.882585890769124
224.8046875,56.7578125,107.6171875,15324218.75,0.971875,49339843750.0,0.2263671875,2275.390625,-4.921875,-496.09375,50.78125,43.687745198407846,21.14526611237843,49.25065400088453,27.606536084699574,27.33300452797345,15.044360185082414,6.559066605596439,2.442239475464788,34.428479041826265,9.743404894513477,13.583343701045083,3.8300651369145156
224.8046875,56.7578125,107.6171875,15324218.75,0.971875,49339843750.0,0.2263671875,1888.671875,-7.734375,-496.09375,50.78125,68.92066159388249,30.815872865992155,81.94384192492355,44.748035515385354,44.43747007178177,22.798082607633738,15.894936201592177,5.754534586296092,68.24270306087124,19.355465217643623,27.01076522756678,7.637920026126658
224.8046875,56.7578125,107.6171875,15324218.75,0.971875,49339843750.0,0.2263671875,1888.671875,-4.921875,-82.03125,50.78125,90.51413191015212,48.68100050789491,90.51957986477868,51.91061511345798,73.15076711973524,34.32364873244771,14.097400164778907,4.310420067377611,60.9082139785589,17.142368995538998,46.813871875237744,13.166357833160022
224.8046875,56.7578125,107.6171875,15324218.75,0.971875,49339843750.0,0.2263671875,1888.671875,-4.921875,-496.09375,-253.90625,64.50082635974547,30.370800055483617,83.16823895297524,40.43423014884381,43.28375579032126,20.81948980212567,23.62031009309648,9.15197995321417,52.29504089987605,14.947033570869834,39.65578645391901,11.201558042090275
93.9453125,66.6015625,191.6015625,7457031.25,0.7593750000000001,75636718750.0,0.2064453125,2275.390625,-7.734375,-82.03125,-253.90625,12.299922906978365,6.639536893948783,12.443500412008314,6.481791248349995,6.485276118330352,3.713850658678657,1.7799093232494811,0.6542249449476338,4.885780647010085,1.378824832591533,6.93442020310829,1.949562164843777
287.3046875,34.2578125,295.1171875,1074218.75,0.7718750000000001,24589843750.0,0.3388671875,763.671875,-19.921875,-246.09375,300.78125,256.5069502052358,84.73655965339286,200.85172340248008,77.08328188510868,178.07781370295956,62.16726560714829,62.685478005673346,25.132204731902505,155.29699852537334,46.020700116964186,24.67425472090816,10.442873220263113
156.4453125,34.2578125,295.1171875,1074218.75,0.7718750000000001,24589843750.0,0.3388671875,763.671875,-19.921875,-246.09375,300.78125,112.30606236289157,40.563954922041276,115.60833528185078,40.44721662567489,101.54705779579191,33.89701319474482,37.389936129585635,15.445000812960924,68.85733778271023,21.990818251025587,11.981252950628699,5.583799800651161
287.3046875,44.1015625,295.1171875,1074218.75,0.7718750000000001,24589843750.0,0.3388671875,763.671875,-19.921875,-246.09375,300.78125,329.3005594442052,108.86693541778003,258.1393301234609,99.01693953896564,228.99443736676457,79.968525316573,80.60578184939227,32.377194237438104,199.63292525204838,59.15623462272946,31.490189942403415,13.416726561824904
287.3046875,34.2578125,129.1015625,1074218.75,0.7718750000000001,24589843750.0,0.3388671875,763.671875,-19.921875,-246.09375,300.78125,109.01309266998976,35.469667142655545,73.9421672167887,31.339862027704882,67.2880586530171,24.329318784226906,22.454601468561727,9.432560824882367,91.71061834515945,26.12581513462748,9.082816239410455,4.0157890905041755
287.3046875,34.2578125,295.1171875,2707031.25,0.7718750000000001,24589843750.0,0.3388671875,763.671875,-19.921875,-246.09375,300.78125,646.3975145171943,213.53613032655,506.1463429742499,194.24987035047383,448.7560905314581,156.66150933001367,157.96740457429684,63.333155924394305,391.34843628394094,115.97216429474973,62.179121896688564,26.316040515063047
287.3046875,34.2578125,295.1171875,1074218.75,0.559375,24589843750.0,0.3388671875,763.671875,-19.921875,-246.09375,300.78125,185.88965217302507,61.40827602411869,145.5565121013924,55.86197351188035,129.05234272400708,45.05239086509936,45.42793750208715,18.21321719437469,112.54316897182926,33.351033688002374,17.881342490050848,7.567912171769622
287.3046875,34.2578125,295.1171875,1074218.75,0.7718750000000001,50886718750.0,0.3388671875,763.671875,-19.921875,-246.09375,300.78125,123.95112086757959,40.947005681899746,97.0570045918947,37.248734126564756,86.05203325862672,30.040910186305247,30.291324483435453,12.14456350559041,75.04372501091773,22.238451465133146,11.923269629854673,5.046279797463445
287.3046875,34.2578125,295.1171875,1074218.75,0.7718750000000001,24589843750.0,0.31894531249999997,763.671875,-19.921875,-246.09375,300.78125,275.1229654553406,91.71967210487654,222.15430618458007,84.61716775548801,180.55494832226205,64.36431603153267,69.36098348625862,27.707655033930987,166.8725351656922,49.45099371874301,26.513425743571347,11.2212647071508
287.3046875,34.2578125,295.1171875,1074218.75,0.7718750000000001,24589843750.0,0.3388671875,1150.390625,-19.921875,-246.09375,300.78125,52.27097960223522,21.344888619811872,66.33456453727587,29.609708166450996,58.948764855400285,22.02490690081226,14.074172019899098,6.204246799972957,103.55151538654945,29.116217524041534,10.030342212592293,3.9020651109306965
287.3046875,34.2578125,295.1171875,1074218.75,0.7718750000000001,24589843750.0,0.3388671875,763.671875,7.265625,-246.09375,300.78125,235.69863661828668,81.25931798176471,211.0119630472346,76.96789912573243,186.38494396043998,64.62772115909857,86.5070942713829,33.90360483841184,150.06040028554952,44.553815268943886,32.3892198397818,12.770418448883726
287.3046875,34.2578125,295.1171875,1074218.75,0.7718750000000001,24589843750.0,0.3388671875,763.671875,-19.921875,167.96875,300.78125,4385.913225660388,1226.361228468481,13467.690641268475,3759.4893755472253,3068.8005749554004,859.8595118217072,4281.874591941498,1195.067834210189,738.2263952591638,206.8245963997935,752.0463048658625,210.50697242481584
287.3046875,34.2578125,295.1171875,1074218.75,0.7718750000000001,24589843750.0,0.3388671875,763.671875,-19.921875,-246.09375,-3.90625,134.97039528290446,51.57677795758721,147.46451921721143,67.4649157112948,137.96507964941637,59.719687143579755,121.85247576362516,39.94002408843389,78.78023484098267,27.7038316306936,55.04934417080075,22.85953418701259
156.4453125,44.1015625,129.1015625,2707031.25,0.559375,50886718750.0,0.31894531249999997,1150.390625,7.265625,167.96875,-3.90625,19.684823721927838,10.435841031017892,18.69462589995033,8.986452278659105,18.780055597468024,9.88865843934803,10.183533641782478,2.9382970681424467,16.92307655331395,4.790365360732529,34.36755487042648,9.634845689410929
162.3046875,79.2578125,170.1171875,10574218.75,0.371875,74089843750.0,0.2638671875,3013.671875,10.078125,253.90625,-199.21875,5.9317431772970135,3.4459721697895214,5.911357790133781,3.349227518354448,4.413451705733467,2.5857196037657406,0.21018906372922186,0.08224690499587234,0.4764994783554568,0.14114784706462827,2.3955381140279988,0.6721124884208529
281.4453125,79.2578125,170.1171875,10574218.75,0.371875,74089843750.0,0.2638671875,3013.671875,10.078125,253.90625,-199.21875,10.200099402648194,5.926640077919777,10.219849137511787,5.791071602013909,7.587018959464821,4.456089640016559,0.3676182629907326,0.14023323172588117,0.8191898463855954,0.24233572345501359,4.1246520722246185,1.1572477551154388
162.3046875,89.1015625,170.1171875,10574218.75,0.371875,74089843750.0,0.2638671875,3013.671875,10.078125,253.90625,-199.21875,6.667828478732115,3.8736199117358816,6.643807739445945,3.7643092971201733,4.960863052416588,2.9063918285527857,0.23603149660241599,0.09243099870318304,0.5353891905011591,0.1585981186418988,2.6914683986024603,0.7551410151017924
162.3046875,79.2578125,254.1015625,10574218.75,0.371875,74089843750.0,0.2638671875,3013.671875,10.078125,253.90625,-199.21875,8.928132717637876,5.185292585197953,8.897094378522853,5.037755408698965,6.65181621632189,3.8918262637612533,0.31962881604554877,0.1251859130385286,0.7241615708007816,0.21452667537585968,3.6406637174082874,1.0214604723794047
162.3046875,79.2578125,170.1171875,12207031.25,0.371875,74089843750.0,0.2638671875,3013.671875,10.078125,253.90625,-199.21875,6.847690221297807,3.978080173842725,6.8241570351562855,3.8663967472691723,5.0949525601836285,2.984992154328755,0.24264529891164305,0.09494701814263061,0.5500778979906915,0.16294311860988672,2.765443888562059,0.7758963894773423
162.3046875,79.2578125,170.1171875,10574218.75,0.9593750000000001,74089843750.0,0.2638671875,3013.671875,10.078125,253.90625,-199.21875,15.302900465799858,8.890029043070449,15.25030959303421,8.640444101973241,11.385963644203146,6.6707220029922905,0.5422524585283284,0.21218319188010765,1.2292885702111367,0.36413772309950326,6.180085722744501,1.7339372600437137
162.3046875,79.2578125,170.1171875,10574218.75,0.371875,1386718750.0,0.2638671875,3013.671875,10.078125,253.90625,-199.21875,316.9221770247675,184.11198350534607,315.83302311399285,178.94309391726426,235.80264366942725,138.15026401302762,11.230016821837037,4.394301541004819,25.45849466469845,7.541271028943113,127.98921523596914,35.90973962782625
162.3046875,79.2578125,170.1171875,10574218.75,0.371875,74089843750.0,0.2439453125,3013.671875,10.078125,253.90625,-199.21875,6.330663808510649,3.6743808690320603,6.30890819194599,3.5722148530921625,4.391398583111199,2.50506158211281,0.224306673091854,0.08758927384284405,0.4951555321125406,0.1466741108742394,2.489328957171611,0.6984272427581768
162.3046875,79.2578125,170.1171875,10574218.75,0.371875,74089843750.0,0.2638671875,3400.390625,10.078125,253.90625,-199.21875,4.1445262623479895,2.4227477540576157,4.133335151142336,2.3703701964029866,2.9844922118673995,1.805007051489945,0.11734660796591036,0.04542073994503515,0.26926596131100544,0.07963972059688632,1.3535202086125273,0.379712567128224
162.3046875,79.2578125,170.1171875,10574218.75,0.371875,74089843750.0,0.2638671875,3013.671875,-22.734375,253.90625,-199.21875,5.933220428327029,3.446939715984028,5.909793958622827,3.348531785051388,4.415554432099887,2.5860035574357587,0.20474230227220316,0.08263582130276319,0.4700547712144579,0.13946829529470633,2.3933973313204806,0.6715142746084232
162.3046875,79.2578125,170.1171875,10574218.75,0.371875,74089843750.0,0.2638671875,3013.671875,10.078125,-332.03125,-199.21875,5.470514975741385,3.0072640189212927,5.757241396994533,3.2077571083037126,4.035385442923265,2.3182892083127373,0.6024411610427253,0.2327753751619569,2.36612645577878,0.6684345762531018,1.9846351779863756,0.5573600370205896
162.3046875,79.2578125,170.1171875,10574218.75,0.371875,74089843750.0,0.2638671875,3013.671875,10.078125,253.90625,496.09375,5.659242396881628,3.408401941964708,5.657244899536507,3.2467117964891545,5.226074119602101,2.612471204413784,0.23283147757924658,0.08320216643013686,0.5440664553378797,0.15886163738248324,0.5108375248812035,0.17248586578594632
281.4453125,89.1015625,254.1015625,12207031.25,0.9593750000000001,1386718750.0,0.2439453125,3400.390625,-22.734375,-332.03125,496.09375,1941.4437233108001,1061.3969199047938,1968.747797361396,1099.8692841168543,1300.7071607945293,739.241005500087,138.36455724117843,61.3145903636423,743.6298641434867,209.4233748962594,120.46535816285464,42.00669051802557
131.0546875,45.5078125,76.3671875,12949218.75,0.27187500000000003,86464843750.0,0.32011718749999996,1326.171875,-27.421875,-371.09375,425.78125,5.933835306100931,2.28952632870234,7.001386681537593,3.209282107354782,6.130270466217904,2.3519140369852756,1.9981991191068627,0.851394004704421,9.961307391849635,2.8072119636935144,0.7683706541203426,0.3334429740945414
250.1953125,45.5078125,76.3671875,12949218.75,0.27187500000000003,86464843750.0,0.32011718749999996,1326.171875,-27.421875,-371.09375,425.78125,11.104827295774868,4.261954228714095,13.146228041964577,6.062020450633186,11.491438973107886,4.47827220936133,3.6689069217376358,1.5737697480582211,18.86781242159447,5.314201063072859,1.6728418829029505,0.7167389396531089
131.0546875,32.8515625,76.3671875,12949218.75,0.27187500000000003,86464843750.0,0.32011718749999996,1326.171875,-27.421875,-371.09375,425.78125,4.284105134867859,1.6528883246169042,5.056478553192482,2.3175124897798582,4.4266959130232175,1.6978787667005966,1.443399250590186,0.6150847184806557,7.194148486187167,2.027394669918978,0.5548881795693154,0.24153250195116083
131.0546875,45.5078125,222.8515625,12949218.75,0.27187500000000003,86464843750.0,0.32011718749999996,1326.171875,-27.421875,-371.09375,425.78125,17.74441594773055,6.87883445947445,21.176063460008724,9.59955755300569,18.44743893583341,6.902825431602415,6.221644032564196,2.6517125881252204,29.79968463188912,8.403151464749667,2.324165345900503,1.0171634564602408
131.0546875,45.5078125,76.3671875,14582031.25,0.27187500000000003,86464843750.0,0.32011718749999996,1326.171875,-27.421875,-371.09375,425.78125,6.682053453295561,2.5782207496367526,7.884216133387585,3.613951766743711,6.903257813089423,2.648475143308004,2.2501590683637773,0.9587492668360795,11.217363648197498,3.1611831856615047,0.8652572102055017,0.3754879705263719
131.0546875,45.5078125,76.3671875,12949218.75,0.859375,86464843750.0,0.32011718749999996,1326.171875,-27.421875,-371.09375,425.78125,18.75637596756041,7.237008510266014,22.13081997037744,10.14428252324787,19.377291703562335,7.434211036447708,6.316146640855025,2.6911879459047783,31.4868911811339,8.873371149605935,2.4287578147482076,1.0539864123678027
131.0546875,45.5078125,76.3671875,12949218.75,0.27187500000000003,13761718750.0,0.32011718749999996,1326.171875,-27.421875,-371.09375,425.78125,37.2822720694136,14.385088074319128,43.989694634071704,20.163911281946664,38.516473678607234,14.777069886082622,12.55467996066716,5.349306356551903,62.58686889542767,17.637705596467768,4.827670856926987,2.095021354408934
131.0546875,45.5078125,76.3671875,12949218.75,0.27187500000000003,86464843750.0,0.2626953125,1326.171875,-27.421875,-371.09375,425.78125,7.48482554381282,2.870009520778987,8.829899607007272,3.994881636368303,5.869171087601663,2.2536234424418735,2.52015929836913,1.071858414773549,11.590605913518894,3.266367185246097,0.8940474474975475,0.3879818135643231
131.0546875,45.5078125,76.3671875,12949218.75,0.27187500000000003,86464843750.0,0.32011718749999996,587.890625,-27.421875,-371.09375,425.78125,34.44003996595485,11.512814443528551,41.33504987969878,13.408696267396586,26.298564966309925,9.443866406545109,20.02940250999394,9.390706217457735,16.42210285555538,5.500289586388329,9.085155218333789,2.655854665992063
131.0546875,45.5078125,76.3671875,12949218.75,0.27187500000000003,86464843750.0,0.32011718749999996,1326.171875,29.765625,-371.09375,425.78125,5.953862125143042,2.3037001130902732,7.021747219442636,3.223832069369781,6.150030108367053,2.3657047428523033,2.006751726784894,0.851898634422654,9.97662262880732,2.8114715491090605,0.7728213269282893,0.3104957385557069
131.0546875,45.5078125,76.3671875,12949218.75,0.27187500000000003,86464843750.0,0.32011718749999996,1326.171875,-27.421875,292.96875,425.78125,14.557101171307751,5.482977426352107,15.055493865780505,5.2841776595165255,26.122020917003397,7.974443364362483,1.1633226916310997,0.4168241381519684,4.494466368193546,1.290051115743854,2.343599477132478,0.7750250909291979
131.0546875,45.5078125,76.3671875,12949218.75,0.27187500000000003,86464843750.0,0.32011718749999996,1326.171875,-27.421875,-371.09375,121.09375,6.019253279598211,2.4106327655226183,7.322589268038639,3.656931690103687,6.3258678986070835,2.722362527945278,2.5165668845876166,0.8605390869328303,8.730970924387428,2.4813767071496007,3.105749927371252,0.8954955092410385
250.1953125,32.8515625,222.8515625,14582031.25,0.859375,13761718750.0,0.2626953125,587.890625,29.765625,292.96875,121.09375,8133.912389434094,3685.5689532517235,22171.969738741973,7190.3199459153275,17085.255720056386,5346.636511407301,15328.22474060846,4380.124953782008,2710.4608893408395,1314.0121875169132,5746.471336199994,1857.483562424135
256.0546875,90.5078125,201.3671875,3449218.75,0.671875,36964843750.0,0.2451171875,3576.171875,2.578125,128.90625,-74.21875,9.533199125345325,5.6059352286577795,9.59024741917343,5.58993719005635,6.4930046124743015,3.8386944295505296,0.2071704446085138,0.08606324637664826,1.1643547779080838,0.32919705267869126,2.245338125005358,0.6295131980916485
125.1953125,90.5078125,201.3671875,3449218.75,0.671875,36964843750.0,0.2451171875,3576.171875,2.578125,128.90625,-74.21875,4.688094061806709,2.756472808554212,4.698122739063516,2.7382914366287014,3.1914447594442357,1.8845822797066831,0.10295451484361076,0.04271411735666384,0.5769330481027124,0.16311811087863493,1.1026664758105365,0.3091488866078836
256.0546875,77.8515625,201.3671875,3449218.75,0.671875,36964843750.0,0.2451171875,3576.171875,2.578125,128.90625,-74.21875,8.200791201672454,4.822405281730958,8.251225503541932,4.8093964128761755,5.586108033900124,3.3024555221475085,0.17821854873912057,0.07404579674036518,1.0017424023440404,0.28322175769471747,1.9324945487351841,0.5418030684802592
256.0546875,90.5078125,97.8515625,3449218.75,0.671875,36964843750.0,0.2451171875,3576.171875,2.578125,128.90625,-74.21875,4.610783768485861,2.711667851521142,4.638180362888989,2.704015483022288,3.1365516964348727,1.856265720827987,0.09953572059501803,0.041307126601677534,0.5596219464205151,0.15822031231605466,1.0790556574413497,0.30252783093605823
256.0546875,90.5078125,201.3671875,5082031.25,0.671875,36964843750.0,0.2451171875,3576.171875,2.578125,128.90625,-74.21875,14.046083875508797,8.25970751130665,14.130138043425402,8.236136222268756,9.56670328519713,5.6558793350455705,0.3052420707085804,0.12680439811553723,1.7155442424217633,0.48503438905433444,3.3082501705911334,0.9275160483773892
256.0546875,90.5078125,201.3671875,3449218.75,0.45937500000000003,36964843750.0,0.2451171875,3576.171875,2.578125,128.90625,-74.21875,6.518047774073316,3.832895249361366,6.557052886597646,3.8219570555269007,4.4394031536452205,2.6245957262508273,0.1416467691044257,0.058843242871475784,0.7960937318720387,0.22507891508729128,1.5351846715152913,0.4304113493928946
256.0546875,90.5078125,201.3671875,3449218.75,0.671875,63261718750.0,0.2451171875,3576.171875,2.578125,128.90625,-74.21875,5.5704021811140985,3.275638472910687,5.603736420354317,3.2662905606362,3.7939674373475962,2.2430111384277036,0.1210530359574169,0.05028814451758089,0.6803512975204816,0.19235515341145143,1.311987321823137,0.3678347263687108
256.0546875,90.5078125,201.3671875,3449218.75,0.671875,36964843750.0,0.33769531249999996,3576.171875,2.578125,128.90625,-74.21875,6.522442530788569,3.8486995255330885,6.561478683554812,3.8363246375174658,6.675343211941015,4.028934456003398,0.14873585748965149,0.060392191652706935,0.9079136119354132,0.25669365626942725,1.7508177797427567,0.49086722731301424
256.0546875,90.5078125,201.3671875,3449218.75,0.671875,36964843750.0,0.2451171875,2837.890625,2.578125,128.90625,-74.21875,18.91469531649252,11.012026581404518,19.094393516999173,10.949759896050804,14.139789297200632,7.734132100729687,0.7192287323156226,0.2812437493201334,3.5058716170934168,0.9915617893241248,6.80564766692271,1.9084295498727812
256.0546875,90.5078125,201.3671875,3449218.75,0.671875,36964843750.0,0.2451171875,3576.171875,-0.234375,128.90625,-74.21875,9.533116650757165,5.605931906488809,9.590335084992411,5.590029674898216,6.493384487919353,3.838755789050916,0.2089942013221172,0.08657198855370317,1.1631749687841832,0.32887024373518764,2.244853951167443,0.6293778687570516
256.0546875,90.5078125,201.3671875,3449218.75,0.671875,36964843750.0,0.2451171875,3576.171875,2.578125,-207.03125,-74.21875,9.23646612757092,5.300251734768429,9.407115525563345,5.4868305152308965,6.043456708558561,3.6700651472370818,0.46430930534321413,0.17218315970361894,2.5754735330711758,0.7259382196500954,2.0794510110187154,0.583211268833515
256.0546875,90.5078125,201.3671875,3449218.75,0.671875,36964843750.0,0.2451171875,3576.171875,2.578125,128.90625,-378.90625,9.425825264611786,5.488959884491831,9.429805549322795,5.246449087377841,6.136633372834748,3.639951143914689,0.41922241916185077,0.15542971135083014,1.0485238632579548,0.296714105477395,3.3539707046962834,0.9426344589350627
125.1953125,77.8515625,97.8515625,5082031.25,0.45937500000000003,63261718750.0,0.33769531249999996,2837.890625,-0.234375,-207.03125,-378.90625,1.4838768565550493,0.8098306433965291,1.5116586484613157,0.7950850598992566,1.5301761894890777,0.835805675046567,0.19629647294058833,0.07875523806230472,0.5919965725936678,0.16724106446555717,0.7872043607392272,0.22156636855239573
193.5546875,23.0078125,138.8671875,17699218.75,0.871875,12214843750.0,0.2826171875,4701.171875,17.578125,378.90625,-324.21875,9.835088297460851,5.8224275879191785,9.794950924729905,5.714259691541253,7.73737566974996,4.6547239664876106,0.2808897970773185,0.0837404434874976,0.1132635806159196,0.04480241516814274,2.2025835644622918,0.6182743505953022
62.6953125,23.0078125,138.8671875,17699218.75,0.871875,12214843750.0,0.2826171875,4701.171875,17.578125,378.90625,-324.21875,3.192349685555166,1.8897975265842095,3.17545813935806,1.8524607171507248,2.5099377903520894,1.509976258508913,0.09013349412103493,0.026866473363129507,0.03692848391498641,0.014628661558070511,0.7149512873652284,0.20069055408782552
193.5546875,10.3515625,138.8671875,17699218.75,0.871875,12214843750.0,0.2826171875,4701.171875,17.578125,378.90625,-324.21875,4.4250040039854275,2.619626099973262,4.407011553255378,2.570995208227502,3.48122703716155,2.0942682617062154,0.12640271382467055,0.037684129390454284,0.050959313599328704,0.020157107282455497,0.9910345565838875,0.27818751442218875
193.5546875,23.0078125,285.3515625,17699218.75,0.871875,12214843750.0,0.2826171875,4701.171875,17.578125,378.90625,-324.21875,20.32037813974317,12.027925711072847,20.236754916705166,11.802605279968128,15.986065901610806,9.61640072370695,0.58483902871362,0.17436437496246984,0.23577139116098816,0.09328950667741799,4.5833722807369375,1.2865806094575156
193.5546875,23.0078125,138.8671875,9832031.25,0.871875,12214843750.0,0.2826171875,4701.171875,17.578125,378.90625,-324.21875,5.463455582588605,3.234396433191917,5.441159010714009,3.1743084625048197,4.298162560309126,2.5857294689139962,0.15603611106678664,0.04651836156654854,0.06291865645779514,0.024888033321168675,1.2235495104285123,0.34345542715700195
193.5546875,23.0078125,138.8671875,17699218.75,0.659375,12214843750.0,0.2826171875,4701.171875,17.578125,378.90625,-324.21875,7.4380058450331195,4.403341294089415,7.407651057770647,4.3215368993376515,5.851563678556422,3.520239272146545,0.21242920137388588,0.06333058629341215,0.08565812010738022,0.03388283010924058,1.6657531616542784,0.46758382786956554
193.5546875,23.0078125,138.8671875,17699218.75,0.871875,88011718750.0,0.2826171875,4701.171875,17.578125,378.90625,-324.21875,1.364978079364435,0.8080747000764844,1.3594075514460262,0.7930624497558698,1.0738437583466391,0.6460131304960615,0.03898372888290684,0.01162204814634969,0.01571946281061564,0.006217973113966641,0.3056889976509515,0.08580817071197507
193.5546875,23.0078125,138.8671875,17699218.75,0.871875,12214843750.0,0.2251953125,4701.171875,17.578125,378.90625,-324.21875,11.876120482191222,7.022445074491657,11.827655461483985,6.893468372896287,6.894693857779505,4.191524882138545,0.3391491942707056,0.10110742037073878,0.1266357186005601,0.050091883101397686,2.462625240582065,0.6912691286481005
193.5546875,23.0078125,138.8671875,17699218.75,0.871875,12214843750.0,0.2826171875,3962.890625,17.578125,378.90625,-324.21875,16.292710112538153,9.5700918092978,16.219774839224687,9.320353709239447,12.809605374905752,7.679491776232503,0.6411422131900794,0.19147667055726902,0.2564937150459715,0.10252404211346212,4.929775031913837,1.3841476582781402
193.5546875,23.0078125,138.8671875,17699218.75,0.871875,12214843750.0,0.2826171875,4701.171875,14.765625,378.90625,-324.21875,9.834645098529863,5.822166520481245,9.795343439768404,5.714470673790804,7.737355653053741,4.654699868834482,0.28031401322892463,0.08356293178084664,0.11327716581048174,0.04481715727716593,2.202792000255649,0.6183332704285585
193.5546875,23.0078125,138.8671875,17699218.75,0.871875,12214843750.0,0.2826171875,4701.171875,17.578125,42.96875,-324.21875,9.857386280987322,5.8211644541107,9.859202968741412,5.714730895679534,7.77551994500271,4.64929038145702,0.2908212358188309,0.1065454222219138,0.9963967369931258,0.2807125673179973,2.1660456252823366,0.6081359141861177
193.5546875,23.0078125,138.8671875,17699218.75,0.871875,12214843750.0,0.2826171875,4701.171875,17.578125,378.90625,-128.90625,9.877037075775096,5.869352825355162,9.921729878911897,5.852716604126099,7.803934661606242,4.739053925155459,0.1895020550274753,0.0556413371229229,0.11682802521217066,0.04566665158702936,1.660983377353563,0.46557037699527515
62.6953125,10.3515625,285.3515625,9832031.25,0.659375,88011718750.0,0.2251953125,3962.890625,14.765625,42.96875,-128.90625,0.34922283893162637,0.20577171684711834,0.3509091534432704,0.20468785465274214,0.20795716557442165,0.12543593014710192,0.009325590299034,0.0036528583764228045,0.04664333673512925,0.013142376114725301,0.07348932215666831,0.020606742345663034
68.5546875,68.0078125,263.8671875,8199218.75,0.47187500000000004,61714843750.0,0.20761718750000002,2451.171875,-12.421875,-121.09375,175.78125,8.602976228240715,4.696202907321239,8.635428917955387,4.918614077123335,6.17198988404348,2.909128465067195,0.4642957811821075,0.17904214527782242,4.190058435439567,1.1790965365266128,1.8008215190929697,0.5136325168235828
187.6953125,68.0078125,263.8671875,8199218.75,0.47187500000000004,61714843750.0,0.20761718750000002,2451.171875,-12.421875,-121.09375,175.78125,23.38412847122026,12.77910618529232,23.578752515583318,13.43435477094142,16.837800603073454,7.932118579144599,1.267932557928846,0.48208765569981743,11.271260723220824,3.171918534930146,4.87818087566946,1.3916691122396756
68.5546875,55.3515625,263.8671875,8199218.75,0.47187500000000004,61714843750.0,0.20761718750000002,2451.171875,-12.421875,-121.09375,175.78125,7.002954471012608,3.8227228233539514,7.031023212986927,4.004698637852377,5.025814748502746,2.368501446181478,0.37851522514781655,0.14581859844043302,3.411356368368577,0.9599679117504463,1.4666716574589675,0.41833041523622255
68.5546875,68.0078125,160.3515625,8199218.75,0.47187500000000004,61714843750.0,0.20761718750000002,2451.171875,-12.421875,-121.09375,175.78125,5.155104341547309,2.8194234919486405,5.174140801380461,2.949736630531162,3.6825931010201107,1.742186339666018,0.26908552194410146,0.10446091989969593,2.464059511819695,0.6934225727944312,1.0590136463496103,0.3020562187314081
68.5546875,68.0078125,263.8671875,19332031.25,0.47187500000000004,61714843750.0,0.20761718750000002,2451.171875,-12.421875,-121.09375,175.78125,20.284006361869125,11.072657545656414,20.36052297044364,11.597056249491846,14.552252470762827,6.859112326640089,1.094711682263101,0.42214367650306955,9.879275463073087,2.780061343149217,4.245957931391666,1.2110373157503151
68.5546875,68.0078125,263.8671875,8199218.75,0.259375,61714843750.0,0.20761718750000002,2451.171875,-12.421875,-121.09375,175.78125,4.728788257907147,2.581356564951409,4.746626491326468,2.7036090622598463,3.3925507309642957,1.5990573682157425,0.2552089393252642,0.09841389442423348,2.3031447029237344,0.6481126657729063,0.9898555369848772,0.2823278072606447
68.5546875,68.0078125,263.8671875,8199218.75,0.47187500000000004,38511718750.0,0.20761718750000002,2451.171875,-12.421875,-121.09375,175.78125,13.786227957193939,7.525642532992013,13.838233236106818,7.88205536103779,9.890584052946844,4.661864349284574,0.7440317523984293,0.28691417519467655,6.714548455371711,1.8894965189759565,2.885807808109324,0.8230936335628141
68.5546875,68.0078125,263.8671875,8199218.75,0.47187500000000004,61714843750.0,0.3001953125,2451.171875,-12.421875,-121.09375,175.78125,6.3316142616506115,3.471792587857187,6.355510527996194,3.643121666228716,6.031645312648742,3.282515450168451,0.37059419499560636,0.13773174973285857,3.4906911355527797,0.9822922260946105,1.5002444023793344,0.427901543864663
68.5546875,68.0078125,263.8671875,8199218.75,0.47187500000000004,61714843750.0,0.20761718750000002,1712.890625,-12.421875,-121.09375,175.78125,24.994779156352195,12.332236843072938,25.192747208610886,13.72475728837785,19.87016677920698,8.434844590307543,4.063163219416219,1.3339277704766992,23.20556729303269,6.521481736839575,9.973569047878168,2.843559557954644
68.5546875,68.0078125,263.8671875,8199218.75,0.47187500000000004,61714843750.0,0.20761718750000002,2451.171875,-15.234375,-121.09375,175.78125,8.602978710523757,4.696203914057522,8.63542656351206,4.918612731543203,6.17199133585208,2.9091285839947085,0.4642987732747266,0.17904185085068824,4.190059626334897,1.1790968823432193,1.8008144554984564,0.5136305843659628
68.5546875,68.0078125,263.8671875,8199218.75,0.47187500000000004,61714843750.0,0.20761718750000002,2451.171875,-12.421875,-457.03125,175.78125,7.474954113040272,3.6889966835091217,8.24977611983306,4.539827726309358,4.143221172184487,2.333099065107121,0.7612797004209879,0.31744498627389084,5.315912061371526,1.501301704999656,1.3573150625537416,0.3896062905079023
68.5546875,68.0078125,263.8671875,8199218.75,0.47187500000000004,61714843750.0,0.20761718750000002,2451.171875,-12.421875,-121.09375,371.09375,8.577737330818161,4.614710421346121,8.559162503152839,4.7031967341613425,6.439004896543049,2.8758070945131986,0.5660907829658597,0.2222913724102809,4.317709629039002,1.2138298523884847,0.4505307945531081,0.15674016637874488
187.6953125,55.3515625,160.3515625,19332031.25,0.259375,38511718750.0,0.3001953125,1712.890625,-15.234375,-457.03125,371.09375,37.41043759562614,15.4013933399522,45.3903883706174,22.21014084976681,35.69739858288983,16.227656437502286,9.669020477316325,3.973786589913017,50.06144115647381,14.12504801284529,3.736156607047716,1.2641851472701666
76.3671875,25.8203125,99.8046875,12355468.75,0.746875,33871093750.0,0.2498046875,4560.546875,-6.796875,472.65625,144.53125,0.831622158843933,0.4915196742414667,0.8315199217847669,0.49519240479837473,0.5619601658269794,0.34121585845788643,0.017707798127812573,0.005513028013716602,0.028951483463805206,0.009391457825334203,0.06884300260136061,0.019446737296144892
258.0078125,25.8203125,99.8046875,12355468.75,0.746875,33871093750.0,0.2498046875,4560.546875,-6.796875,472.65625,144.53125,2.7976999243796565,1.6538195605955848,2.805167084273879,1.6706427732453344,1.891703462873312,1.1494358526829724,0.06025909002828729,0.018707506185693917,0.09698513922539716,0.03144367003004645,0.23182844689787635,0.06548559299424635
76.3671875,52.5390625,99.8046875,12355468.75,0.746875,33871093750.0,0.2498046875,4560.546875,-6.796875,472.65625,144.53125,1.6920951655115415,1.0000923522904328,1.6917244301647563,1.0074701125413903,1.143334620374733,0.6942333337595576,0.036005445374325165,0.011210920693027227,0.05889917440694254,0.0191064421212699,0.14002953967759044,0.03955550417826875
76.3671875,25.8203125,121.2890625,12355468.75,0.746875,33871093750.0,0.2498046875,4560.546875,-6.796875,472.65625,144.53125,1.011094225276736,0.5975851162756765,1.0109698185187863,0.6020532069834567,0.6833133822802627,0.41485886056578003,0.02154306433451413,0.006707111453944965,0.03522223257838674,0.011425579440011952,0.08375409643180895,0.023658810036732456
76.3671875,25.8203125,99.8046875,8050781.25,0.746875,33871093750.0,0.2498046875,4560.546875,-6.796875,472.65625,144.53125,0.5418821591455408,0.3202725414516797,0.5418155418268746,0.3226656801420962,0.3661713252511554,0.22233508829646031,0.01153834079716147,0.0035922702296142636,0.018864687770756415,0.006119441852043565,0.04485786543199627,0.012671427621673925
76.3671875,25.8203125,99.8046875,12355468.75,0.8343750000000001,33871093750.0,0.2498046875,4560.546875,-6.796875,472.65625,144.53125,0.9290506962817161,0.5491035691316805,0.928936481659133,0.5532065777454648,0.6277965032460399,0.3811909381098565,0.019782351883372202,0.0061589057726457435,0.03234328905789118,0.010491712298595116,0.07690829160905141,0.02172501614255518
76.3671875,25.8203125,99.8046875,12355468.75,0.746875,35417968750.0,0.2498046875,4560.546875,-6.796875,472.65625,144.53125,0.7953011734130078,0.47005261887589694,0.795203401543588,0.4735649434219375,0.537416631508298,0.3263133019398184,0.016934412436998215,0.005272247260056981,0.027687031335023152,0.008981287173648713,0.06583629376380255,0.018597403672093563
76.3671875,25.8203125,99.8046875,12355468.75,0.746875,33871093750.0,0.31425781249999996,4560.546875,-6.796875,472.65625,144.53125,0.6492678280658581,0.38436800907574203,0.6491879997404059,0.3872166611906303,0.5955767976247945,0.36218986462230013,0.013826206054410657,0.004306220140170152,0.024726013655418915,0.008020774297241611,0.05879536447689694,0.01660848545253177
76.3671875,25.8203125,99.8046875,12355468.75,0.746875,33871093750.0,0.2498046875,4384.765625,-6.796875,472.65625,144.53125,0.9347448206052825,0.5513297205850447,0.9346205830274781,0.5557720940275015,0.6396671804470293,0.384058973245121,0.021456211330631966,0.006683121420919718,0.03508074930642064,0.011379768678455101,0.08342077090738209,0.02356454611761711
76.3671875,25.8203125,99.8046875,12355468.75,0.746875,33871093750.0,0.2498046875,4560.546875,1.640625,472.65625,144.53125,0.8316194571034904,0.4915177942933267,0.8315225704790438,0.4951936137828273,0.5619607278036951,0.34121568367015315,0.01768119068068474,0.00550663214732643,0.02894523338097074,0.009390000892724472,0.06884106537905654,0.019446236705234633
76.3671875,25.8203125,99.8046875,12355468.75,0.746875,33871093750.0,0.2498046875,4560.546875,-6.796875,-113.28125,144.53125,0.8294690361843791,0.4873423331002451,0.8297434724330408,0.4937093830672545,0.5532519066653268,0.33806581219280396,0.011208971612309469,0.004482957095476374,0.13201710328022348,0.037160926272512794,0.06621127796275483,0.018731498506796028
76.3671875,25.8203125,99.8046875,12355468.75,0.746875,33871093750.0,0.2498046875,4560.546875,-6.796875,472.65625,402.34375,0.8293656989178401,0.48838837455919115,0.8247591361246249,0.4857536659540885,0.5679485824135134,0.3375331056062574,0.028998405801870804,0.009327798930721812,0.02924437891889261,0.009411664757063516,0.015442785364966736,0.005425813853386692
258.0078125,52.5390625,121.2890625,8050781.25,0.8343750000000001,35417968750.0,0.31425781249999996,4384.765625,1.640625,-113.28125,402.34375,4.209654491113886,2.4563160563489137,4.213607535708489,2.4642498721093338,3.863827517354087,2.311012573096621,0.09543060542116054,0.03894546239447205,0.792809216063427,0.22308330633032905,0.09478943156390066,0.032816719700868864
201.3671875,70.8203125,224.8046875,2855468.75,0.34687500000000004,83371093750.0,0.32480468749999997,2310.546875,23.203125,-27.34375,-355.46875,3.281731034522054,1.7799790805904743,3.2808373425796273,1.6454385250138475,3.1671110747681297,1.6948292385213939,0.48143878670424683,0.17904938164377607,1.2343718904462517,0.34845777453216253,2.3110184949883057,0.6506494426610391
133.0078125,70.8203125,224.8046875,2855468.75,0.34687500000000004,83371093750.0,0.32480468749999997,2310.546875,23.203125,-27.34375,-355.46875,2.1799743250624974,1.182149044565598,2.173072449737867,1.0896949824396172,2.1008360257907746,1.1243672675242655,0.3229720165120731,0.12021524064090167,0.8209146481920164,0.23175109289840493,1.5336673433616939,0.4317918582550641
201.3671875,97.5390625,224.8046875,2855468.75,0.34687500000000004,83371093750.0,0.32480468749999997,2310.546875,23.203125,-27.34375,-355.46875,4.517463830660645,2.4506917808499846,4.513702920850754,2.2646285477338415,4.358445274693759,2.333296776112941,0.6620997894588813,0.24639384768767195,1.6976960975072308,0.47925159673822454,3.1771454680466102,0.8944912453363205
201.3671875,70.8203125,246.2890625,2855468.75,0.34687500000000004,83371093750.0,0.32480468749999997,2310.546875,23.203125,-27.34375,-355.46875,3.608317345426221,1.956144790822283,3.607327693009492,1.8075621595503377,3.482347971143964,1.8619904972854133,0.5326021100007576,0.19788119931910927,1.3604680573034793,0.3840621981954063,2.5471557346583813,0.7171480850352973
201.3671875,70.8203125,224.8046875,17550781.25,0.34687500000000004,83371093750.0,0.32480468749999997,2310.546875,23.203125,-27.34375,-355.46875,20.170749026138974,10.940418617090288,20.165256060479162,10.113481932814251,19.466251790606304,10.41705577110345,2.959103240303942,1.100504612483565,7.586912317065676,2.1417520943543176,14.204385906952751,3.9991353568755796
201.3671875,70.8203125,224.8046875,2855468.75,0.434375,83371093750.0,0.32480468749999997,2310.546875,23.203125,-27.34375,-355.46875,4.1095550792663555,2.2289828126313145,4.108435951518631,2.060504098891214,3.9660219765114406,2.122353731121385,0.6028828049719848,0.2242149914277916,1.5457449799281886,0.4363570329727079,2.893978115345716,0.8147772299989587
201.3671875,70.8203125,224.8046875,2855468.75,0.34687500000000004,84917968750.0,0.32480468749999997,2310.546875,23.203125,-27.34375,-355.46875,3.2219506633149733,1.7475547871126775,3.221073250962647,1.6154650370012673,3.1094186332755047,1.6639560438733205,0.47266884514599294,0.17578779853825444,1.2118864371771632,0.3421102296260152,2.268920729497006,0.6387971412997174
201.3671875,70.8203125,224.8046875,2855468.75,0.34687500000000004,83371093750.0,0.2392578125,2310.546875,23.203125,-27.34375,-355.46875,4.567259991554403,2.4674335869144692,4.566017106834501,2.2873470945469374,2.8890650084012184,1.5784751564915012,0.6209647794493681,0.23904373132720907,1.5252343335009213,0.4305669673826062,2.8555776271262014,0.8039658685528596
201.3671875,70.8203125,224.8046875,2855468.75,0.34687500000000004,83371093750.0,0.32480468749999997,2134.765625,23.203125,-27.34375,-355.46875,4.142708319163312,2.2110956850577925,4.141335121679959,2.017997220712253,4.000106124846568,2.086716585886692,0.7251477921376641,0.26356468180335474,1.6986871449834056,0.47979065136414306,3.182140137503405,0.8964228981284946
201.3671875,70.8203125,224.8046875,2855468.75,0.34687500000000004,83371093750.0,0.32480468749999997,2310.546875,-28.359375,-27.34375,-355.46875,3.283746730895378,1.7837447515558735,3.279862659672076,1.6473498423285837,3.1676199153484412,1.699088974643327,0.486232899915076,0.1824207219976891,1.2157106505294608,0.34324457266707964,2.309500417255211,0.6501839690883464
201.3671875,70.8203125,224.8046875,2855468.75,0.34687500000000004,83371093750.0,0.32480468749999997,2310.546875,23.203125,386.71875,-355.46875,3.2033043916508768,1.8203532295383709,3.1934442615023633,1.647105450801965,3.045774879615434,1.7332467508786484,0.35191063636472464,0.107413148190496,0.1424740324392595,0.05853246723608692,2.572646817865806,0.7232572142828901
201.3671875,70.8203125,224.8046875,2855468.75,0.34687500000000004,83371093750.0,0.32480468749999997,2310.546875,23.203125,-27.34375,-97.65625,3.280656513560969,1.8531423082410592,3.321449571568768,1.8629783954631272,3.164545389066027,1.8809420655997873,0.38557246005197626,0.1265614387002529,1.5367619267060868,0.43296172906625335,1.8898025996824932,0.530297209882716
133.0078125,97.5390625,246.2890625,17550781.25,0.434375,84917968750.0,0.2392578125,2134.765625,-28.359375,386.71875,-97.65625,43.724984876161756,25.209476572943206,44.63076051887601,24.598994462669488,39.245276818572535,18.172839902454434,3.387277350493973,1.0383414105229192,2.1352293870327617,0.9130088445186074,29.38337928457095,8.235568287920286
263.8671875,48.3203125,162.3046875,17105468.75,0.546875,58621093750.0,0.2123046875,1185.546875,8.203125,-277.34375,-105.46875,215.272939250339,93.88566381170376,264.31914419638883,124.21485452745775,130.29597671101257,58.577755738993574,133.6422793943223,42.4337528682181,194.23180797296533,56.184954703042926,163.4033056978127,46.67046682289441
70.5078125,48.3203125,162.3046875,17105468.75,0.546875,58621093750.0,0.2123046875,1185.546875,8.203125,-277.34375,-105.46875,60.11802620715399,25.683097402671958,71.45444020977659,33.627174438914906,35.40422502572983,15.922079079312793,36.636308802030754,11.710869831976133,53.824048673205056,15.633756990497668,41.0845122527258,11.782454889169086
263.8671875,30.0390625,162.3046875,17105468.75,0.546875,58621093750.0,0.2123046875,1185.546875,8.203125,-277.34375,-105.46875,133.84981608069347,58.38112473814867,164.53536315868604,77.29019026882679,81.07795055017488,36.44420433049868,83.17541626819543,26.412801736679686,120.61897905991043,34.89579461377402,101.69079352012368,29.04652161571949
263.8671875,48.3203125,58.7890625,17105468.75,0.546875,58621093750.0,0.2123046875,1185.546875,8.203125,-277.34375,-105.46875,76.63549013640575,33.574242352235146,93.42491004748561,44.16567948789961,46.2038937363034,20.836483474922684,46.857659320275424,14.84253760424965,70.3623895977688,20.296221107601788,59.09620659224992,16.844676029980793
263.8671875,48.3203125,162.3046875,12800781.25,0.546875,58621093750.0,0.2123046875,1185.546875,8.203125,-277.34375,-105.46875,161.0982922866775,70.25880801802997,197.80174367014527,92.95548716293196,97.5062607175127,43.836333764942204,100.01044749376437,31.75506009343474,145.35228013870918,42.045694579098345,122.28194399902537,34.92558113236469
263.8671875,48.3203125,162.3046875,17105468.75,0.634375,58621093750.0,0.2123046875,1185.546875,8.203125,-277.34375,-105.46875,249.71660953039327,108.90737002157638,306.6102072678111,144.089231251851,151.1433329847746,67.95019665723255,155.0250440974139,49.223153327133005,225.30889724863982,65.1745474555298,189.54783460946277,54.13774151455752
263.8671875,48.3203125,162.3046875,17105468.75,0.546875,60167968750.0,0.2123046875,1185.546875,8.203125,-277.34375,-105.46875,209.73842753553447,91.47193123561894,257.5236899925474,121.02138037353491,126.94616129988742,57.07176396644008,130.20643295920246,41.342811744033575,189.2382485392645,54.74048011611798,159.2023247813462,45.4706028443275
263.8671875,48.3203125,162.3046875,17105468.75,0.546875,58621093750.0,0.2767578125,1185.546875,8.203125,-277.34375,-105.46875,176.01217644977623,76.74044903468463,216.16275764111575,101.54621752082984,150.3109601521946,67.47800057609436,117.39507860313134,36.709994283244214,172.87615147569016,50.00745676655585,145.43722226678457,41.53908042208444
263.8671875,48.3203125,162.3046875,17105468.75,0.546875,58621093750.0,0.2123046875,1009.765625,8.203125,-277.34375,-105.46875,306.40313241047613,129.04518483476204,402.810715448368,179.73603009784702,192.6274481166352,87.01526286058731,221.88708146875854,71.83969392832626,241.14043631261418,72.3276248515787,206.77706860509616,60.597072837440855
263.8671875,48.3203125,162.3046875,17105468.75,0.546875,58621093750.0,0.2123046875,1185.546875,16.640625,-277.34375,-105.46875,214.66209399333843,93.80938372082133,264.1708080073113,123.69646353341474,130.44701895115338,58.507432243394994,131.8987730637682,41.98535953175718,191.83451406976667,55.55291706583311,160.37002219789085,45.829833830209544
263.8671875,48.3203125,162.3046875,17105468.75,0.546875,58621093750.0,0.2123046875,1185.546875,8.203125,-363.28125,-105.46875,186.35570103054212,77.2695398019209,249.98554083185587,117.06400191990744,115.8766690574825,52.06267408589345,118.88271416791088,39.57453371956237,174.2078230425686,50.980373365401626,128.58092011961605,36.93434842887869
263.8671875,48.3203125,162.3046875,17105468.75,0.546875,58621093750.0,0.2123046875,1185.546875,8.203125,-277.34375,-347.65625,209.6753748563352,87.68869266691705,264.32578137364965,99.44400361916868,130.0553351084358,51.02637534208339,106.05750870378162,42.45232333386214,106.34487380678645,32.17735069502369,129.57135822792924,37.772999285847824
70.5078125,30.0390625,58.7890625,12800781.25,0.634375,60167968750.0,0.2767578125,1009.765625,16.640625,-363.28125,-347.65625,9.23507417017864,3.776713040835238,15.335508956272475,5.453573467144151,9.484143806096478,3.5109168689709964,6.31656176316425,2.8886124260267723,5.119284550805257,1.7859923252527743,5.147271032602965,1.5862817136465084
138.8671875,93.3203125,287.3046875,7605468.75,0.9468750000000001,9121093750.0,0.2873046875,3435.546875,-21.796875,222.65625,394.53125,92.07772273535338,55.15595435377448,92.23506025669698,53.883094044725176,83.3654373946422,46.48791550214728,2.258647155468723,0.7531909401129001,8.848666097430119,2.5418353532685174,3.1430981422965836,1.0849199677509602
195.5078125,93.3203125,287.3046875,7605468.75,0.9468750000000001,9121093750.0,0.2873046875,3435.546875,-21.796875,222.65625,394.53125,129.35736024593277,77.48779658109731,129.7304096585432,75.78735705772857,117.10133054404355,65.33772974311618,3.2230876101362878,1.0686298027251515,12.389403711665217,3.558834646542672,4.413426313218016,1.5241192747170018
138.8671875,75.0390625,287.3046875,7605468.75,0.9468750000000001,9121093750.0,0.2873046875,3435.546875,-21.796875,222.65625,394.53125,74.0513402248163,44.35815111366285,74.19242933127555,43.341974723325954,67.0595705041209,37.391212263504165,1.8223938477457995,0.6070985368627712,7.118350801916713,2.044774945798498,2.5292629998749923,0.8731329053962107
138.8671875,93.3203125,183.7890625,7605468.75,0.9468750000000001,9121093750.0,0.2873046875,3435.546875,-21.796875,222.65625,394.53125,58.44324225557969,35.006111567852095,58.53796973527996,34.206207312439,52.717859759253244,29.48549579768939,1.4180867112720028,0.47273150401959263,5.545863939927928,1.593162919895532,1.9743947796167491,0.6811882049212743
138.8671875,93.3203125,287.3046875,3300781.25,0.9468750000000001,9121093750.0,0.2873046875,3435.546875,-21.796875,222.65625,394.53125,39.961826251347496,23.937740846912913,40.0301108972311,23.385318165276207,36.1806854640332,20.175803081311994,0.9802551856040431,0.326885641702825,3.8403301758235484,1.103159154346121,1.3641078224142849,0.4708563804568882
138.8671875,93.3203125,287.3046875,7605468.75,0.234375,9121093750.0,0.2873046875,3435.546875,-21.796875,222.65625,394.53125,22.791515528552807,13.652463948954077,22.830460459578454,13.337399516021081,20.635009256099554,11.506909777759226,0.5590710780863176,0.18643340101804454,2.190263885502504,0.6291671666506231,0.7779945896773713,0.26854454647300985
138.8671875,93.3203125,287.3046875,7605468.75,0.9468750000000001,10667968750.0,0.2873046875,3435.546875,-21.796875,222.65625,394.53125,78.72628435995976,47.15823999123523,78.86080765265011,46.06994675739045,71.27729634437551,39.74708264280993,1.9311391827240836,0.6439768748310586,7.565593312888804,2.1732645733731197,2.687343157181443,0.9276045861217475
138.8671875,93.3203125,287.3046875,7605468.75,0.9468750000000001,9121093750.0,0.20175781250000002,3435.546875,-21.796875,222.65625,394.53125,120.52352776125414,71.94122118461466,120.72124495187333,70.26363786032245,79.85586047913614,39.87776415801818,2.955646319795089,0.985613468103243,10.341744256643329,2.9707315064845856,3.6734482692936394,1.26798375279012
138.8671875,93.3203125,287.3046875,7605468.75,0.9468750000000001,9121093750.0,0.2873046875,3259.765625,-21.796875,222.65625,394.53125,107.46428608108654,64.38970820284857,107.7318218697193,62.76364208192967,100.5028860111041,54.60265429695465,2.908832678289812,0.9721883258019638,11.520418749229108,3.3084082770809253,4.034251338228361,1.3970054494854305
138.8671875,93.3203125,287.3046875,7605468.75,0.9468750000000001,9121093750.0,0.2873046875,3435.546875,-13.359375,222.65625,394.53125,92.07048898190251,55.151646747923365,92.24148253133336,53.88672422540043,83.36566343626662,46.48767077923466,2.250973209480599,0.7516005246773472,8.846836002602824,2.5413290842499703,3.143753122171442,1.0850485357348998
138.8671875,93.3203125,287.3046875,7605468.75,0.9468750000000001,9121093750.0,0.2873046875,3435.546875,-21.796875,136.71875,394.53125,92.57906252741081,55.0113026580159,92.61466561836104,53.82575177262617,82.37075022207186,46.33352740843686,1.5687181787518136,0.5957145493085645,13.840279999907176,3.909906737734348,3.1639301638034456,1.0884144792875279
138.8671875,93.3203125,287.3046875,7605468.75,0.9468750000000001,9121093750.0,0.2873046875,3435.546875,-21.796875,222.65625,152.34375,93.98446552433043,55.748940509335135,92.94369174917703,55.57319434395492,81.70406523067643,47.24829019937791,1.465943858009668,0.4927833354681851,8.680746257626854,2.4991930509162152,13.807917420731926,3.9079571521737573
195.5078125,75.0390625,183.7890625,3300781.25,0.234375,10667968750.0,0.20175781250000002,3259.765625,-13.359375,136.71875,152.34375,9.44150016728633,5.57356799816698,9.39171008442184,5.574551456549383,6.117367130125609,3.121446591252609,0.1350468090779425,0.047847772642358025,1.3305181872982321,0.37618300328079496,1.3447947543372065,0.3807855032224135
170.1171875,37.0703125,193.5546875,9980468.75,0.846875,46246093750.0,0.2310546875,623.046875,0.703125,-152.34375,-230.46875,809.0409128703747,286.31974379830865,1229.775194996078,402.3951806275257,650.566030638736,212.3768982448759,295.6542329686988,148.77092820735288,350.4580807157908,112.67804847617087,165.02214316947502,60.77139319698181
226.7578125,37.0703125,193.5546875,9980468.75,0.846875,46246093750.0,0.2310546875,623.046875,0.703125,-152.34375,-230.46875,1066.9144060992433,377.62530265865837,1618.763424903072,531.6451371463421,861.3801792961049,283.5176382129767,378.1573140191446,192.84812962405096,400.51727061715974,132.8675059964534,212.66634780305105,81.24553842797378
170.1171875,18.7890625,193.5546875,9980468.75,0.846875,46246093750.0,0.2310546875,623.046875,0.703125,-152.34375,-230.46875,410.4295932904503,145.17407827564222,625.9241222509769,204.66401137497678,330.8331479395978,107.88867243015916,150.54660315325228,75.51051795841859,178.30021187524173,57.27339889727441,83.48135888716668,30.805833780295295
170.1171875,37.0703125,277.5390625,9980468.75,0.846875,46246093750.0,0.2310546875,623.046875,0.703125,-152.34375,-230.46875,1232.2923761074683,428.32000682346944,2082.0113772838804,663.7926372415088,1066.7978586079798,332.8988793099779,531.7697859903766,236.4245473765269,692.8276949538101,211.6512664907459,233.74440877236458,87.62382881087466
170.1171875,37.0703125,193.5546875,5675781.25,0.846875,46246093750.0,0.2310546875,623.046875,0.703125,-152.34375,-230.46875,460.09254262256553,162.82684451622015,699.3594357453235,228.83765066606455,369.9696448211677,120.7763730527611,168.13526438493912,84.60436739150047,199.30160128377466,64.07874928997116,93.84625206467608,34.560013430612365
170.1171875,37.0703125,193.5546875,9980468.75,0.334375,46246093750.0,0.2310546875,623.046875,0.703125,-152.34375,-230.46875,319.43681799679,113.04875493143551,485.5569958102595,158.87927795994554,256.8655545326374,83.85360927011703,116.73432814631279,58.739812982238945,138.37274773649304,44.489118771034256,65.15634435104735,23.99460912205555
170.1171875,37.0703125,193.5546875,9980468.75,0.846875,23042968750.0,0.2310546875,623.046875,0.703125,-152.34375,-230.46875,1623.7049275254055,574.6295044631592,2468.097734117404,807.5871407779753,1305.6537102444474,426.22988613681736,593.3633605893247,298.5758635441347,703.3519609415575,226.1392466366142,331.1912447844405,121.96516766554802
170.1171875,37.0703125,193.5546875,9980468.75,0.846875,46246093750.0,0.2205078125,623.046875,0.703125,-152.34375,-230.46875,833.429570708346,294.96180664869473,1266.4318246048526,414.3730811638566,633.550715133973,207.56579735172627,304.50986198534173,152.81987868752498,356.1957032127315,114.52278866457743,167.72384934559946,61.76632905939728
170.1171875,37.0703125,193.5546875,9980468.75,0.846875,46246093750.0,0.2310546875,1572.265625,0.703125,-152.34375,-230.46875,79.8463246205117,38.57260502829833,85.04947162590068,39.43729579337774,50.17510202837874,23.92573324732233,28.747886713838337,9.534885526542617,51.9208923997814,14.744558929892898,62.969844153421484,17.771488119417185
170.1171875,37.0703125,193.5546875,9980468.75,0.846875,46246093750.0,0.2310546875,623.046875,9.140625,-152.34375,-230.46875,808.5536931616926,285.03832535404047,1226.7283402859468,399.87174876286036,649.0775366937571,211.0784140227508,295.35033300567295,148.17849857825664,351.34358187630687,112.58078944703533,163.1187668388391,60.3468720067628
170.1171875,37.0703125,193.5546875,9980468.75,0.846875,46246093750.0,0.2310546875,623.046875,0.703125,-238.28125,-230.46875,464.2408718442778,186.25977112472108,1061.6653550681347,345.9304988375885,472.71799224174424,154.57360232026517,283.8196090307728,144.38012253350345,347.6070242547018,107.467316296055,137.71079392352473,47.239139658923484
170.1171875,37.0703125,193.5546875,9980468.75,0.846875,46246093750.0,0.2310546875,623.046875,0.703125,-152.34375,277.34375,1300.7682672250523,496.464997286572,1323.2650935845695,442.2580010771343,806.7781057936915,317.66498655935715,501.5055271945983,193.88695485988137,457.5593360670015,154.85855498849682,124.92673608290191,58.230215253484516
226.7578125,18.7890625,277.5390625,5675781.25,0.334375,23042968750.0,0.2205078125,1572.265625,9.140625,-238.28125,277.34375,35.977529623482866,15.686835268168513,38.99917770036524,19.7379687076904,24.23198692906768,11.47135747667276,5.710937665608695,2.567046169228805,43.07060871713206,12.10967243172647,8.663988135865624,2.6509440952567775
295.1171875,82.0703125,68.5546875,19480468.75,0.446875,95746093750.0,0.3060546875,2873.046875,-29.296875,347.65625,269.53125,7.293241206696407,4.335818730899497,7.370692036456392,4.322354878829637,7.764687364653676,4.096124490079403,0.3623535988317838,0.11004092603508805,0.2176538845479775,0.0907613758596903,0.7989753450937406,0.24013443580289165
101.7578125,82.0703125,68.5546875,19480468.75,0.446875,95746093750.0,0.3060546875,2873.046875,-29.296875,347.65625,269.53125,2.5430810665627166,1.5115261698045404,2.5584004722578,1.499782955221373,2.71543241967142,1.426315012545239,0.12009242004051851,0.035577681713941815,0.07716112711364047,0.032679534868037256,0.28091938957090495,0.08442312640499168
295.1171875,63.7890625,68.5546875,19480468.75,0.446875,95746093750.0,0.3060546875,2873.046875,-29.296875,347.65625,269.53125,5.669944527722572,3.3708069446463726,5.73109950039288,3.360869078817813,6.0380699115136425,3.184836422872391,0.2824097279028732,0.08585613646381332,0.16926382564187434,0.07054516258020846,0.6216124342836614,0.18682219094298852
295.1171875,82.0703125,152.5390625,19480468.75,0.446875,95746093750.0,0.3060546875,2873.046875,-29.296875,347.65625,269.53125,16.296691182811927,9.68854839624407,16.47086707763511,9.658355621883405,17.393639287274603,9.15786563486459,0.8141863342475864,0.24728769383767893,0.4892981674675537,0.20401017676891536,1.798043104207933,0.5402921278948561
295.1171875,82.0703125,68.5546875,15175781.25,0.446875,95746093750.0,0.3060546875,2873.046875,-29.296875,347.65625,269.53125,5.681620631244344,3.37771320825036,5.741956800006633,3.3672245246146257,6.048889194240933,3.190985290547119,0.28228268126358114,0.08572468370690135,0.1695579188828739,0.07070542314315154,0.622422140703666,0.1870708408049397
295.1171875,82.0703125,68.5546875,19480468.75,0.734375,95746093750.0,0.3060546875,2873.046875,-29.296875,347.65625,269.53125,11.985396388626965,7.125296515813858,12.112675724246518,7.103170605069682,12.760150564291004,6.73139339278783,0.5954761938843999,0.1808364868408789,0.35768295712429865,0.14915330997921128,1.3130014412379651,0.3946265203753814
295.1171875,82.0703125,68.5546875,19480468.75,0.446875,72542968750.0,0.3060546875,2873.046875,-29.296875,347.65625,269.53125,9.626010188860894,5.722645679450625,9.728233940314611,5.704875366700406,10.248250067041422,5.406284388365531,0.4782536783676622,0.14523790523106153,0.28727124894488587,0.11979172277728009,1.0545304336649979,0.31694228398926705
295.1171875,82.0703125,68.5546875,19480468.75,0.446875,95746093750.0,0.2955078125,2873.046875,-29.296875,347.65625,269.53125,7.627547190795372,4.531264295074358,7.70854476711854,4.517168905700563,7.854025773229478,4.094171763899087,0.378949221907261,0.11507121654307594,0.22422890444852758,0.09350315027698634,0.8231112745073134,0.2473885617629696
295.1171875,82.0703125,68.5546875,19480468.75,0.446875,95746093750.0,0.3060546875,3822.265625,-29.296875,347.65625,269.53125,3.1611720187242316,1.8874631624758789,3.1803346180764933,1.8835713358502246,2.88025852434576,1.7263887473002608,0.09341337134547299,0.02820963913925345,0.054680568104785644,0.02303169098721745,0.19513298134304402,0.059092539885770824
295.1171875,82.0703125,68.5546875,19480468.75,0.446875,95746093750.0,0.3060546875,2873.046875,-20.859375,347.65625,269.53125,7.285771667161865,4.330969710791424,7.378617102325836,4.326566835399977,7.764350889910971,4.0958265945225705,0.357395146488953,0.10779206200102615,0.2171411144855617,0.09083882526595109,0.8015690422716444,0.2409148142251561
295.1171875,82.0703125,68.5546875,19480468.75,0.446875,95746093750.0,0.3060546875,2873.046875,-29.296875,261.71875,269.53125,7.3141976573900775,4.36507810249489,7.329108172662676,4.331072212953686,7.718492844201432,4.107918913060971,0.26520495336403377,0.07994980282959752,0.719711634549276,0.21272392805068066,0.7887835872313914,0.2380637458205388
295.1171875,82.0703125,68.5546875,19480468.75,0.446875,95746093750.0,0.3060546875,2873.046875,-29.296875,347.65625,-222.65625,7.359706041806877,4.274435843374038,7.377187333984354,4.152537607828715,6.507061388574364,3.8935668045990095,0.36920200284689,0.11564240907730829,0.2006301084634884,0.084845494524497,3.5319256500221448,0.9911079017244819
101.7578125,63.7890625,152.5390625,15175781.25,0.734375,72542968750.0,0.2955078125,3822.265625,-20.859375,261.71875,-222.65625,3.4032527881197217,2.001165901293397,3.3884471859890075,1.960015741991878,2.8509393772050293,1.7157369078565148,0.08238994255813988,0.03117806662016436,0.17357022231264713,0.051788401933384826,0.9746023394570226,0.2734307393666071
232.6171875,14.5703125,256.0546875,5230468.75,0.246875,70996093750.0,0.2685546875,3998.046875,-14.296875,97.65625,19.53125,0.3424334859662671,0.2028918907097769,0.34383577918233077,0.2033527322351082,0.25217085597162636,0.15514383055950534,0.005587069072046833,0.0020710557540216164,0.04059208777783744,0.011451677174920879,0.05513062705579321,0.015466298727674433
164.2578125,14.5703125,256.0546875,5230468.75,0.246875,70996093750.0,0.2685546875,3998.046875,-14.296875,97.65625,19.53125,0.24238761659304156,0.14360621450462527,0.24302219094760855,0.14372434500342307,0.1783650620587393,0.10974041991700607,0.0038876989758682558,0.0014407808271603153,0.028869986380969825,0.008144507210896691,0.03904290023002234,0.010953031789727863
232.6171875,41.2890625,256.0546875,5230468.75,0.246875,70996093750.0,0.2685546875,3998.046875,-14.296875,97.65625,19.53125,0.9703310953520494,0.5749215415790748,0.9742252696459136,0.5761816322649485,0.7145305961550364,0.4396012113285027,0.01581162471811495,0.0058611099008600296,0.1150235205835688,0.03244992917587776,0.15618372459342342,0.04381563355063983
232.6171875,14.5703125,215.0390625,5230468.75,0.246875,70996093750.0,0.2685546875,3998.046875,-14.296875,97.65625,19.53125,0.28690372989822494,0.16999832024120276,0.2880744675794143,0.17038348424725472,0.21127615076517603,0.12997458797103184,0.004660893885581534,0.0017284256608336454,0.03389952168169142,0.009563570178387324,0.04603896695627784,0.012915702932316817
232.6171875,14.5703125,256.0546875,19925781.25,0.246875,70996093750.0,0.2685546875,3998.046875,-14.296875,97.65625,19.53125,1.304520695977542,0.7729287038913906,1.3098628152420233,0.7746843070435302,0.9606598478799597,0.5910296338192955,0.021284271349149314,0.007889809859047256,0.15463796845014843,0.043625844114467065,0.2100233970213601,0.05891978327846698
232.6171875,14.5703125,256.0546875,5230468.75,0.534375,70996093750.0,0.2685546875,3998.046875,-14.296875,97.65625,19.53125,0.7412167860788819,0.43917105457432715,0.7442521296225132,0.44016857230637335,0.545838181913267,0.3358176585528533,0.012093529257215293,0.004482918151110083,0.08786388620266077,0.024787807555841392,0.11933338261443846,0.03347768458775099
232.6171875,14.5703125,256.0546875,5230468.75,0.246875,97292968750.0,0.2685546875,3998.046875,-14.296875,97.65625,19.53125,0.24987869303556848,0.14805316230980023,0.2509019667819834,0.14838944507058624,0.18401273968299306,0.11321070865294935,0.004076965527139008,0.0015112794928872557,0.029620636582574997,0.00835645531995772,0.04022962005617062,0.011285983031897973
232.6171875,14.5703125,256.0546875,5230468.75,0.246875,70996093750.0,0.2580078125,3998.046875,-14.296875,97.65625,19.53125,0.3550589404147283,0.21030938899675405,0.3565129210629564,0.21078925308926652,0.25034999429737453,0.1527654896920317,0.005764188152885539,0.0021413303710918676,0.04149072438925375,0.011705196935417729,0.05635112106324171,0.015808695067469944
232.6171875,14.5703125,256.0546875,5230468.75,0.246875,70996093750.0,0.2685546875,4947.265625,-14.296875,97.65625,19.53125,0.18154077228445273,0.10828886589813654,0.18202628331631343,0.10845820974431505,0.13355591967942182,0.0817095299735426,0.0018645853065184731,0.0007059970594682133,0.014482137006204997,0.004084055719175611,0.019609537801159798,0.005499875785316963
232.6171875,14.5703125,256.0546875,5230468.75,0.246875,70996093750.0,0.2685546875,3998.046875,24.140625,97.65625,19.53125,0.34256114161348206,0.2029524995569314,0.3437198224903942,0.20327210675153945,0.2521751679551218,0.1551302775260308,0.005039196140511028,0.001895348467913156,0.04089539088060384,0.011535945292570128,0.05527356874362655,0.01550610493349993
232.6171875,14.5703125,256.0546875,5230468.75,0.246875,70996093750.0,0.2685546875,3998.046875,-14.296875,-488.28125,19.53125,0.31872334673270825,0.1782973266487098,0.33036564070078595,0.19483837123740258,0.23866764298315238,0.14116248505785917,0.015214258746378587,0.005888851293401642,0.11041109156647962,0.031165167451385523,0.04741023087017802,0.013310113749152924
232.6171875,14.5703125,256.0546875,5230468.75,0.246875,70996093750.0,0.2685546875,3998.046875,-14.296875,97.65625,-472.65625,0.3389777585169338,0.19740703084382755,0.3363570807366026,0.18716229017673863,0.248341415621854,0.14540773832133952,0.015551072627097887,0.005596203071331393,0.03531327096742612,0.00997227002129291,0.11262478385454815,0.03167473036791613
164.2578125,41.2890625,215.0390625,19925781.25,0.534375,97292968750.0,0.2580078125,4947.265625,24.140625,-488.28125,-472.65625,1.7894775922957868,1.0256369272520143,1.8435935029447206,1.047137013987588,1.2646137366498063,0.7352121773659832,0.13131549032309597,0.05687424424513613,0.3935743944821065,0.11111969119708202,0.3945957540482925,0.11095233336327355
107.6171875,59.5703125,131.0546875,14730468.75,0.6468750000000001,21496093750.0,0.34355468749999996,1748.046875,15.703125,-402.34375,-480.46875,47.9236329197015,21.917776905704855,55.656135635516335,23.23426507508516,54.38296263842142,23.39057092828398,20.982263108937417,8.804718209207124,32.7189430713953,9.449371283428901,36.86649242217874,10.519258604005259
289.2578125,59.5703125,131.0546875,14730468.75,0.6468750000000001,21496093750.0,0.34355468749999996,1748.046875,15.703125,-402.34375,-480.46875,126.41129655543287,57.996282639324974,147.913196350911,61.72436351579288,144.02525438612622,62.0332547948546,54.382393491218025,22.77958281351832,84.87114130735469,24.491245278538017,98.92449520390166,28.21965286859274
107.6171875,86.2890625,131.0546875,14730468.75,0.6468750000000001,21496093750.0,0.34355468749999996,1748.046875,15.703125,-402.34375,-480.46875,69.39638820689278,31.74688654028782,80.51869024619396,33.637321708250816,78.71045692933589,33.87410960915088,30.364538605712056,12.73777408235424,47.444952216658514,13.70053499989729,53.35990954355175,15.224119020507219
107.6171875,59.5703125,90.0390625,14730468.75,0.6468750000000001,21496093750.0,0.34355468749999996,1748.046875,15.703125,-402.34375,-480.46875,32.82336885843588,15.026933858486956,38.07353310019862,15.919324008075412,37.22301825591106,16.034570725722034,14.318216610097632,6.00289007956579,22.433287561093277,6.476272242122516,25.276552851442904,7.210662927803359
107.6171875,59.5703125,131.0546875,10425781.25,0.6468750000000001,21496093750.0,0.34355468749999996,1748.046875,15.703125,-402.34375,-480.46875,33.91890115690355,15.51274106638193,39.39173323022888,16.44451166412153,38.49061980428183,16.555140230068936,14.850612632658173,6.231713842581229,23.15748052441105,6.687979834386565,26.092990791512886,7.445213793182189
107.6171875,59.5703125,131.0546875,14730468.75,0.934375,21496093750.0,0.34355468749999996,1748.046875,15.703125,-402.34375,-480.46875,69.22302532845774,31.659011086018122,80.39219591796804,33.560605108456336,78.55316825549762,33.78638022974353,30.30771337957627,12.717926302188069,47.26069554757101,13.649091853841743,53.25160016536932,15.194484650229818
107.6171875,59.5703125,131.0546875,14730468.75,0.6468750000000001,47792968750.0,0.34355468749999996,1748.046875,15.703125,-402.34375,-480.46875,21.554863257631165,9.858073258037908,25.032751483632726,10.450197033771445,24.460109799692116,10.520499535622948,9.437302320268296,3.9601442014929957,14.716170308286749,4.250093189432713,16.581635292133196,4.73130201044879
107.6171875,59.5703125,131.0546875,14730468.75,0.6468750000000001,21496093750.0,0.3330078125,1748.046875,15.703125,-402.34375,-480.46875,50.75057253214881,23.21140161768829,58.938079093411616,24.60737908545354,54.95439106697944,23.628862104550315,21.986725299675882,9.280587327575835,34.10264117524604,9.848989238658422,38.42559216292783,10.96412255185701
107.6171875,59.5703125,131.0546875,14730468.75,0.6468750000000001,21496093750.0,0.34355468749999996,2697.265625,15.703125,-402.34375,-480.46875,16.06966460218875,8.375848818104187,17.094300705297474,8.538834738450728,17.386632491533653,8.954884942324314,3.344280395771687,1.4407019834317578,8.356262726399542,2.3703972652416523,9.396912890979584,2.651883512183085
107.6171875,59.5703125,131.0546875,14730468.75,0.6468750000000001,21496093750.0,0.34355468749999996,1748.046875,-5.859375,-402.34375,-480.46875,47.942690693822996,21.93630577682844,55.68849981801848,23.254590895414424,54.41038607770265,23.411920918070845,21.00031541190078,8.813633982528478,32.736007835843644,9.453613553756808,36.92324162733843,10.534641930245797
107.6171875,59.5703125,131.0546875,14730468.75,0.6468750000000001,21496093750.0,0.34355468749999996,1748.046875,15.703125,11.71875,-480.46875,64.49273179335124,32.430984891995365,60.954381738908474,25.538912580555873,65.94996329627547,30.219524070054256,15.245418371928245,5.673404649293618,24.057667469392392,6.822265760953431,58.26800463141684,16.517947466764685
107.6171875,59.5703125,131.0546875,14730468.75,0.6468750000000001,21496093750.0,0.34355468749999996,1748.046875,15.703125,-402.34375,27.34375,52.47249468193047,23.46636106705477,58.347488050233814,32.36237095245357,58.20969985106698,29.393639994357336,16.201543121086267,5.276763091067966,61.45310167550447,17.425021738188313,28.827882729203274,8.144673216352528
289.2578125,86.2890625,90.0390625,10425781.25,0.934375,47792968750.0,0.3330078125,2697.265625,-5.859375,11.71875,27.34375,23.44246662965669,13.722379747566663,23.885137029473974,13.972056753205493,24.40333195563826,14.495466288749654,1.2976293323013668,0.41886583667840666,8.037987297638233,2.2637860775060714,8.2693179179529,2.321623714033806
91.9921875,53.9453125,240.4296875,18292968.75,0.39687500000000003,2933593750.0,0.2216796875,904.296875,4.453125,160.15625,-417.96875,5746.0354611952525,2467.075382433675,5202.707805934161,1810.7564841695216,3234.3763526258795,1233.4178124000655,1489.3956602498702,605.3934748394241,639.1079557006425,245.31380452696453,2463.065332471805,803.9117160613343
242.3828125,53.9453125,240.4296875,18292968.75,0.39687500000000003,2933593750.0,0.2216796875,904.296875,4.453125,160.15625,-417.96875,13940.865320651848,6040.589647599278,13379.967502171994,4649.8231400647055,8047.6552671044465,3085.8516030422334,3627.1334689869245,1447.2234618151356,1523.3064294116218,554.104779576585,6256.950556183265,2028.4858553688318
91.9921875,58.1640625,240.4296875,18292968.75,0.39687500000000003,2933593750.0,0.2216796875,904.296875,4.453125,160.15625,-417.96875,6193.869075224282,2659.795186887576,5606.2922214754735,1951.9562313564147,3485.8759978312787,1329.7314731868116,1605.4730075649852,652.8234233838361,690.1615451976422,264.73228360716183,2658.2280369002024,867.125122379669
91.9921875,53.9453125,230.6640625,18292968.75,0.39687500000000003,2933593750.0,0.2216796875,904.296875,4.453125,160.15625,-417.96875,5462.902043479125,2350.4029004006034,4954.192368220689,1729.3543366604174,3076.4025013041087,1176.5622254928467,1415.761908110444,576.6081862566858,617.0551569789026,234.36120330062738,2378.1020513777726,771.8933753758944
91.9921875,53.9453125,240.4296875,11613281.25,0.39687500000000003,2933593750.0,0.2216796875,904.296875,4.453125,160.15625,-417.96875,3647.867483692824,1566.2214631593672,3302.9362176045834,1149.557767976935,2053.342066273061,783.0346265781326,945.5420238998219,384.33371785129356,405.7373376677366,155.737335224998,1563.675685124638,510.36291519332633
91.9921875,53.9453125,240.4296875,18292968.75,0.384375,2933593750.0,0.2216796875,904.296875,4.453125,160.15625,-417.96875,5565.057966354458,2389.3722207822207,5038.842993148834,1753.7247838807175,3132.506231283332,1194.5700072851025,1442.4855607144414,586.3259638208594,618.9785712691261,237.58738548674515,2385.4884716065517,778.5916620121585
91.9921875,53.9453125,240.4296875,18292968.75,0.39687500000000003,53980468750.0,0.2216796875,904.296875,4.453125,160.15625,-417.96875,312.2709770140846,134.0743622698958,282.7435821880422,98.40640564522111,175.7736913540803,67.03066626474052,80.9419017908425,32.90039073770949,34.732619924103226,13.33169311815257,133.85643423448337,43.688957143213116
91.9921875,53.9453125,240.4296875,18292968.75,0.39687500000000003,2933593750.0,0.21113281250000002,904.296875,4.453125,160.15625,-417.96875,5910.989658831094,2537.4489597145985,5352.319158820319,1859.064741756451,3135.082257080877,1203.2503057528404,1532.1716950115265,620.7236419528878,648.8083391987423,249.0371785830435,2500.4497494435177,816.1134917939827
91.9921875,53.9453125,240.4296875,18292968.75,0.39687500000000003,2933593750.0,0.2216796875,1291.015625,4.453125,160.15625,-417.96875,2058.9641885863675,1007.9080371713419,1970.2204340172266,757.5367763586953,1170.6928155088085,486.326995650743,455.2451003092325,188.47259750814365,456.8492640942555,134.50724712322693,1756.9502264316557,502.2750907805115
91.9921875,53.9453125,240.4296875,18292968.75,0.39687500000000003,2933593750.0,0.2216796875,904.296875,20.390625,160.15625,-417.96875,5754.888364495654,2468.919524503239,5204.2826028229165,1810.4163028519226,3238.0519793311005,1234.3335743827636,1490.3754577514806,607.3566438184531,645.8288340088505,246.47886609529127,2460.32200008581,802.939345079239
91.9921875,53.9453125,240.4296875,18292968.75,0.39687500000000003,2933593750.0,0.2216796875,904.296875,4.453125,-175.78125,-417.96875,4444.77585469949,1646.3690286407823,4840.458879607197,1571.1881731887083,2712.9171998396328,936.1133907054123,1680.6046746233128,862.7542202214261,920.0386881680297,390.3037665787061,1327.5229588849013,478.30282629313274
91.9921875,53.9453125,240.4296875,18292968.75,0.39687500000000003,2933593750.0,0.2216796875,904.296875,4.453125,160.15625,-160.15625,6522.580803789263,3025.962957732378,6384.046112894834,2936.1826164534577,3765.514244188123,1748.3362363459028,3419.5793836581483,1086.4361967931482,2236.819418073682,685.6992919501802,5905.710463801914,1692.745757706248
242.3828125,58.1640625,230.6640625,11613281.25,0.384375,53980468750.0,0.21113281250000002,1291.015625,20.390625,-175.78125,-160.15625,169.56847233771856,77.04343549913033,189.38382141443105,85.90175191098187,98.0195987895449,43.532768505563645,86.1805104558606,27.19098220141043,126.78390594492717,36.301617194483335,134.55011065309225,38.17580639168914
216.9921875,98.9453125,115.4296875,8792968.75,0.796875,52433593750.0,0.29667968749999996,3154.296875,-25.546875,-339.84375,82.03125,12.246412344744595,6.722691080013708,12.573182479548587,7.325530855384981,10.4902684904141,6.155252878721773,0.6971374229308164,0.26300160118248106,5.56142810478634,1.5687263593970997,2.385741196606439,0.6719812129097743
117.3828125,98.9453125,115.4296875,8792968.75,0.796875,52433593750.0,0.29667968749999996,3154.296875,-25.546875,-339.84375,82.03125,6.650234309184283,3.6485782284528363,6.815302488612342,3.970303164107024,5.691397626759132,3.3379849078643025,0.3754495951966108,0.1429770835353219,3.0373610164229587,0.8567446590306191,1.3041228909358797,0.36728565862930596
216.9921875,13.1640625,115.4296875,8792968.75,0.796875,52433593750.0,0.29667968749999996,3154.296875,-25.546875,-339.84375,82.03125,1.630345565083918,0.8949065116019256,1.6748420663038157,0.9757688150416076,1.3969771844339003,0.8196953870832834,0.09335896616153423,0.03511756849469763,0.7407941442240201,0.2089591599263072,0.3177036573271147,0.08948984128039746
216.9921875,98.9453125,105.6640625,8792968.75,0.796875,52433593750.0,0.29667968749999996,3154.296875,-25.546875,-339.84375,82.03125,11.205981826692755,6.151880239430649,11.504802923903277,6.7031845750986925,9.598946300313493,5.632408256398807,0.637412813220897,0.24049121109829422,5.086462874096266,1.4347507530363135,2.1819925599793297,0.6145910773971791
216.9921875,98.9453125,115.4296875,2113281.25,0.796875,52433593750.0,0.29667968749999996,3154.296875,-25.546875,-339.84375,82.03125,2.9432736910292436,1.6157156260717085,3.02180885003811,1.7606007075803085,2.5212062431426165,1.4793388748949259,0.16754835442273294,0.06320918091502543,1.3366204374453179,0.37702397176092,0.5733833795486821,0.16150237058382408
216.9921875,98.9453125,115.4296875,8792968.75,0.784375,52433593750.0,0.29667968749999996,3154.296875,-25.546875,-339.84375,82.03125,12.054311758944682,6.617237102288004,12.37595608771253,7.210620567457373,10.325715259191918,6.058699892388882,0.6862019339436666,0.2588760858698147,5.474190016868124,1.5441188870928315,2.3483178052871225,0.6614403311386408
216.9921875,98.9453125,115.4296875,8792968.75,0.796875,4480468750.0,0.29667968749999996,3154.296875,-25.546875,-339.84375,82.03125,143.31612284525434,78.67365507151177,147.14021658498748,85.72850974004587,122.7644934148461,72.03309449963587,8.158392003487664,3.0778295489733587,65.08373971276987,18.35833820591741,27.91961994947535,7.863996356484657
216.9921875,98.9453125,115.4296875,8792968.75,0.796875,52433593750.0,0.2861328125,3154.296875,-25.546875,-339.84375,82.03125,12.776630249202794,7.0116561065849945,13.117536356873634,7.639457936852352,10.4009567516497,6.118215551653066,0.7222541582021409,0.273340691700166,5.716610039220124,1.6124989276047152,2.452311136372293,0.6907316745821557
216.9921875,98.9453125,115.4296875,8792968.75,0.796875,52433593750.0,0.29667968749999996,3541.015625,-25.546875,-339.84375,82.03125,8.788696849703314,4.916692818248336,8.974836571209496,5.265381863919785,7.505027578392664,4.437617897073683,0.3841863640234328,0.14786741933790598,3.285312334441104,0.9264913901185761,1.4096271758097332,0.3968451303045293
216.9921875,98.9453125,115.4296875,8792968.75,0.796875,52433593750.0,0.29667968749999996,3154.296875,-9.609375,-339.84375,82.03125,12.239297417994829,6.719851171135537,12.579590935730554,7.3296047796428665,10.48996757973625,6.155643481956394,0.6913741935635014,0.2624690393233734,5.557616191024844,1.5676319049504817,2.399955074415196,0.6759253953278808
216.9921875,98.9453125,115.4296875,8792968.75,0.796875,52433593750.0,0.29667968749999996,3154.296875,-25.546875,324.21875,82.03125,12.9104238362432,7.6329106174464565,12.908133882936905,7.644470390208185,11.971065558992983,6.812053730402108,0.31810834827459217,0.10942175087726302,0.4255871692204292,0.16557672508414312,2.8842211407997493,0.8105358742931318
216.9921875,98.9453125,115.4296875,8792968.75,0.796875,52433593750.0,0.29667968749999996,3154.296875,-25.546875,-339.84375,339.84375,12.273106884152662,6.657136812521462,12.662311408824168,7.142373392140723,10.539367615817245,6.074915000920464,0.7502420667550269,0.3160670391379978,5.748935742001681,1.6198813335137856,0.4471206851041062,0.1773684935034936
117.3828125,13.1640625,105.6640625,2113281.25,0.784375,4480468750.0,0.2861328125,3541.015625,-9.609375,324.21875,339.84375,1.726167920477296,1.030875065295209,1.7314799935150562,1.0182614652454227,1.5284779305852991,0.8653800813076779,0.057917129363331016,0.017568801371655143,0.04811896672396281,0.018140143833144447,0.05034639779406793,0.02156814827484829
279.4921875,31.4453125,177.9296875,13542968.75,0.996875,77183593750.0,0.2591796875,4279.296875,-10.546875,-89.84375,332.03125,4.946145438656814,2.8883218439246763,4.963856151346945,2.9096269055812414,3.472129037615484,2.106944441657267,0.0896845951069209,0.03434224152371857,0.8605113169068096,0.24214948141987305,0.10233675641500865,0.042653300424568635
54.8828125,31.4453125,177.9296875,13542968.75,0.996875,77183593750.0,0.2591796875,4279.296875,-10.546875,-89.84375,332.03125,0.977010703699096,0.5703663038541493,0.9768325013003064,0.5725368240171564,0.6845666931380588,0.4153992783088507,0.018442915069556354,0.007091156323707909,0.1713948403313621,0.048229933205017325,0.02049568322397521,0.008470694590853428
279.4921875,80.6640625,177.9296875,13542968.75,0.996875,77183593750.0,0.2591796875,4279.296875,-10.546875,-89.84375,332.03125,12.685944288189528,7.408079821099795,12.727851782688946,7.4607423715598316,8.904127831313637,5.403150890879734,0.2305149096426647,0.08829225869301102,2.206577137360635,0.6209340849878072,0.26252539190349433,0.10935021917267078
279.4921875,31.4453125,293.1640625,13542968.75,0.996875,77183593750.0,0.2591796875,4279.296875,-10.546875,-89.84375,332.03125,8.196602485526906,4.7850253950707655,8.226207724159492,4.820661628298458,5.754070583856647,3.4917442380742396,0.14987267319373496,0.05738724439073239,1.4374001850186315,0.40448698895887697,0.17093096872742444,0.07125168319985963
279.4921875,31.4453125,177.9296875,6863281.25,0.996875,77183593750.0,0.2591796875,4279.296875,-10.546875,-89.84375,332.03125,2.5065986546639807,1.4637385289228892,2.5155740576626995,1.4745354696008772,1.7595992844218067,1.0677534998534233,0.04545019717417367,0.017403899151189367,0.4360883714465717,0.12271607696992125,0.05186203663719937,0.021615762574550647
279.4921875,31.4453125,177.9296875,13542968.75,0.5843750000000001,77183593750.0,0.2591796875,4279.296875,-10.546875,-89.84375,332.03125,2.8994645674884776,1.6931541843696385,2.9098467094102776,1.7056433584441764,2.035385987567697,1.2351053623508121,0.05257372816612603,0.020131658824248826,0.5044376685315781,0.1419496960047532,0.059990512381212,0.025003658869574726
279.4921875,31.4453125,177.9296875,13542968.75,0.996875,29230468750.0,0.2591796875,4279.296875,-10.546875,-89.84375,332.03125,13.060388577097418,7.626667287733221,13.10715404175655,7.682923697364659,9.168220988139026,5.5634257948290715,0.2368138333178736,0.0906813243708613,2.272196059169003,0.6394001875417975,0.27022209942591957,0.11262682922478308
279.4921875,31.4453125,177.9296875,13542968.75,0.996875,77183593750.0,0.2486328125,4279.296875,-10.546875,-89.84375,332.03125,5.119465342098397,2.988808011355647,5.137796352149897,3.0107621850260995,3.42181130646913,2.0681555709354593,0.09282700898746817,0.035541460487157006,0.8781723264305124,0.24711932227320288,0.10443710116836659,0.04352871057922358
279.4921875,31.4453125,177.9296875,13542968.75,0.996875,77183593750.0,0.2591796875,4666.015625,-10.546875,-89.84375,332.03125,3.827166083157753,2.2482819700468615,3.838706546463222,2.2621421713068153,2.685238902212344,1.6295488813592487,0.05865059829386198,0.02247498508727862,0.5672718676682477,0.15962485857704975,0.06752552650384439,0.02805823497640703
279.4921875,31.4453125,177.9296875,13542968.75,0.996875,77183593750.0,0.2591796875,4279.296875,5.390625,-89.84375,332.03125,4.945671141360512,2.888188104616742,4.96439286475228,2.9100551354857287,3.4721510274057708,2.1070375939863073,0.09484896564386462,0.03657522569403333,0.8605627032089395,0.24215692869211133,0.10477057702779445,0.04308393504414599
279.4921875,31.4453125,177.9296875,13542968.75,0.996875,77183593750.0,0.2591796875,4279.296875,-10.546875,-425.78125,332.03125,4.753249175243742,2.681857867862553,4.898713015852177,2.8385075817082277,3.3815248391894053,1.9958066049258871,0.19855835579476594,0.08022351525053333,1.372020504666421,0.3867536871625339,0.09376641714689744,0.03990371250964236
279.4921875,31.4453125,177.9296875,13542968.75,0.996875,77183593750.0,0.2591796875,4279.296875,-10.546875,-89.84375,89.84375,4.940015976620046,2.9024853012703127,4.950921867579088,2.9501346391198786,3.463436457153114,2.1219882794020326,0.09195336434831337,0.03245260260471369,0.8454288967645149,0.23799769111044447,0.5500872712808257,0.15476664783183494
54.8828125,80.6640625,293.1640625,6863281.25,0.5843750000000001,29230468750.0,0.2486328125,4666.015625,5.390625,-425.78125,89.84375,2.5144222536409324,1.44073801432893,2.5658391476219635,1.5191666393970995,1.6832535285952768,1.0086166932753478,0.0647144140799564,0.02747295543460555,0.6134137455086203,0.17297704357166563,0.2288572511796901,0.06440629805031535
154.4921875,76.4453125,52.9296875,4042968.75,0.596875,27683593750.0,0.3341796875,2029.296875,19.453125,410.15625,-167.96875,6.341273243051724,3.6631349368859887,6.4902902342319955,3.494426690488107,6.899153030134865,3.831607447166887,0.6566032738446498,0.19384585036222463,0.37809180268993714,0.18909487461315255,5.591191247695525,1.5679440587767226
179.8828125,76.4453125,52.9296875,4042968.75,0.596875,27683593750.0,0.3341796875,2029.296875,19.453125,410.15625,-167.96875,7.364849767447278,4.254146113910997,7.548581654936019,4.064863627865468,8.008350504375024,4.452411918454413,0.7639790038434873,0.22544476652118708,0.4375865480909103,0.21703604027368334,6.4900443192959285,1.820016598301598
154.4921875,35.6640625,52.9296875,4042968.75,0.596875,27683593750.0,0.3341796875,2029.296875,19.453125,410.15625,-167.96875,2.9603191369880593,1.7099713034729778,3.0324014832667134,1.6321844312190046,3.2197297484516683,1.7889853225663042,0.3075895985940775,0.0907983754170184,0.17668780710934637,0.08794390732470692,2.616355190399135,0.7337079487565602
154.4921875,76.4453125,168.1640625,4042968.75,0.596875,27683593750.0,0.3341796875,2029.296875,19.453125,410.15625,-167.96875,20.372768010435447,11.766963690102074,20.860073042774797,11.207312845363294,22.16113835529032,12.300663601376872,2.138758697127185,0.6319155418937502,1.2342665147172547,0.6159743564837875,18.229950629469883,5.11221529449263
154.4921875,76.4453125,52.9296875,16363281.25,0.596875,27683593750.0,0.3341796875,2029.296875,19.453125,410.15625,-167.96875,25.665307840718526,14.825963527164642,26.268430716133174,14.143143387878919,27.9232386891159,15.50782956152859,2.6574986610002296,0.784560644606144,1.5302672091479672,0.7653318161879187,22.629468731011166,6.346007403106948
154.4921875,76.4453125,52.9296875,4042968.75,0.984375,27683593750.0,0.3341796875,2029.296875,19.453125,410.15625,-167.96875,10.458120793514627,6.041295838319824,10.70388179991141,5.763059725150543,11.378184316714572,6.31914317202916,1.0828797448223282,0.3196934181366532,0.6235545437032993,0.31185803928347156,9.221074570806756,2.585876327301925
154.4921875,76.4453125,52.9296875,4042968.75,0.596875,78730468750.0,0.3341796875,2029.296875,19.453125,410.15625,-167.96875,2.2297496141655953,1.288049481404664,2.282147699826453,1.2287274599597724,2.4259140423996923,1.3472886121593515,0.2308780650824625,0.06816102910032676,0.1329464949473374,0.06649046769453794,1.9660021023278682,0.5513281838030579
154.4921875,76.4453125,52.9296875,4042968.75,0.596875,27683593750.0,0.3236328125,2029.296875,19.453125,410.15625,-167.96875,6.691095250278977,3.8598055246411045,6.848325478084153,3.6853271795487137,7.067297208778095,3.8728957997636155,0.6927549500656536,0.20442803456679373,0.39273990586621427,0.19642082353278614,5.807806222397069,1.6286896400990112
154.4921875,76.4453125,52.9296875,4042968.75,0.596875,27683593750.0,0.3341796875,2416.015625,19.453125,410.15625,-167.96875,3.839688389834567,2.2289607823444277,3.9035536012989653,2.169855482709176,4.011837054194511,2.3275435850174637,0.2951942790249963,0.08638747751389574,0.17274641218883308,0.08489634069080086,2.486050328761398,0.6972067636529198
154.4921875,76.4453125,52.9296875,4042968.75,0.596875,27683593750.0,0.3341796875,2029.296875,-24.609375,410.15625,-167.96875,6.341451854481519,3.663082296806409,6.487211772769751,3.492813794510378,6.897232559377209,3.830653026507664,0.6459844115389444,0.1911799770172904,0.4197344093689294,0.19654895917781348,5.589375774795759,1.5674494785223694
154.4921875,76.4453125,52.9296875,4042968.75,0.596875,27683593750.0,0.3341796875,2029.296875,19.453125,74.21875,-167.96875,6.522332937449743,3.697108066793035,6.535558125439327,3.525920441059681,6.5751542584480696,3.8126901822976467,0.9027976991706531,0.30368103683242975,2.7437438248252426,0.7743632359559853,5.159281085596443,1.4482752173498503
154.4921875,76.4453125,52.9296875,4042968.75,0.596875,27683593750.0,0.3341796875,2029.296875,19.453125,410.15625,-410.15625,6.1122998634522485,3.423939150508513,6.077104141178133,2.93073577369428,5.979968908272568,3.2709575719784687,0.9077511476404388,0.2848436630911693,0.36826718973725164,0.16055567224641815,5.959155851263931,1.6774929798710647
179.8828125,35.6640625,168.1640625,16363281.25,0.984375,78730468750.0,0.3236328125,2416.015625,-24.609375,74.21875,-410.15625,16.704866172427906,9.274155533939348,16.491246699238914,8.266123769828104,15.930353907964845,8.638032198890416,1.7543162339551626,0.7096408034890523,4.292088396624837,1.213441376947431,11.772827669659767,3.315260319356031
123.2421875,20.1953125,146.6796875,1667968.75,0.496875,15308593750.0,0.2404296875,4841.796875,-3.046875,-464.84375,457.03125,0.2535407245280236,0.14444995728830362,0.2588836546678216,0.15027200790492612,0.16240047191521967,0.09618155662171862,0.011072010316578092,0.004920853448312307,0.06028129374426275,0.01698926867328524,0.005058050744849179,0.002130506093942793
211.1328125,20.1953125,146.6796875,1667968.75,0.496875,15308593750.0,0.2404296875,4841.796875,-3.046875,-464.84375,457.03125,0.4336065561057932,0.24708162348740925,0.4432458346281433,0.257299290876094,0.27789652771899814,0.16459936468726666,0.018889230187735053,0.008393374667395528,0.10285758802039367,0.028988636660612792,0.008671883237508582,0.003648784196767118
123.2421875,91.9140625,146.6796875,1667968.75,0.496875,15308593750.0,0.2404296875,4841.796875,-3.046875,-464.84375,457.03125,1.1537414931913488,0.6573306387768975,1.1776651263654647,0.6836091575942418,0.7388822926647564,0.43760383058723884,0.050369176995371946,0.02238739333013071,0.2742439244849127,0.07729103320177517,0.022980968972376743,0.009682473657897388
123.2421875,20.1953125,74.4140625,1667968.75,0.496875,15308593750.0,0.2404296875,4841.796875,-3.046875,-464.84375,457.03125,0.1284656140051417,0.07319953397789278,0.13116735768369786,0.0761439205280989,0.08228417925643289,0.04873549878765117,0.00559951562942047,0.002488650145116777,0.030491147301123896,0.008593408972183057,0.0025584178506659217,0.0010775888244175164
123.2421875,20.1953125,146.6796875,18738281.25,0.496875,15308593750.0,0.2404296875,4841.796875,-3.046875,-464.84375,457.03125,2.8483251886672813,1.6227785599812468,2.9083486919005628,1.688184594660259,1.8244380884714493,1.0805220775512512,0.12438509013729536,0.05528181262659048,0.6772116301902303,0.1908607068518719,0.05682311340290754,0.023934514596354983
123.2421875,20.1953125,146.6796875,1667968.75,0.8843750000000001,15308593750.0,0.2404296875,4841.796875,-3.046875,-464.84375,457.03125,0.45127059774484707,0.2571027541672322,0.4607803413270032,0.26746527193140934,0.28905241227677464,0.1711910724776501,0.019706785657808812,0.008758500162719389,0.10729312031211545,0.03023876122352027,0.009002694093033448,0.0037920328590302557
123.2421875,20.1953125,146.6796875,1667968.75,0.496875,91105468750.0,0.2404296875,4841.796875,-3.046875,-464.84375,457.03125,0.04260284266283602,0.024272151207514553,0.04350062353227255,0.02525043943658215,0.027288404126216432,0.016161536697702494,0.0018604471307580304,0.0008268586658635651,0.010129159635714343,0.0028547332646145377,0.0008499121411938401,0.0003579922558059344
123.2421875,20.1953125,146.6796875,1667968.75,0.496875,15308593750.0,0.34238281249999997,4841.796875,-3.046875,-464.84375,457.03125,0.16662435162779937,0.0950982762606556,0.17013617200772235,0.09898049933081508,0.17543842096245846,0.10253067438531592,0.00727737904247652,0.0032350801703724856,0.04575411676671902,0.012895028198239964,0.0038391121028958585,0.001617075854543062
123.2421875,20.1953125,146.6796875,1667968.75,0.496875,15308593750.0,0.2404296875,4103.515625,-3.046875,-464.84375,457.03125,0.4081153423922417,0.22701323441381677,0.42013091105681016,0.23984911462418593,0.2626123329899258,0.15380205160832866,0.024439249889468412,0.01086393713067198,0.13023057271156732,0.036708193890952846,0.010937608281951085,0.0046338804866769235
123.2421875,20.1953125,146.6796875,1667968.75,0.496875,15308593750.0,0.2404296875,4841.796875,27.890625,-464.84375,457.03125,0.25357624831464565,0.14447140731491204,0.2588536659605353,0.15025872978784213,0.16240223450788321,0.09618376650503115,0.011132823225186647,0.004953505832287661,0.060295505382524296,0.016993188907524936,0.005014515803131447,0.0021211518093646473
123.2421875,20.1953125,146.6796875,1667968.75,0.496875,15308593750.0,0.2404296875,4841.796875,-3.046875,-50.78125,457.03125,0.2635078030219825,0.1552266656054225,0.26220169647811425,0.15389685892708163,0.16661919526723035,0.1013406643375858,0.004500591193703735,0.0018958248622854325,0.032906952291636204,0.009257502299074353,0.005471970469840269,0.002267053752731923
123.2421875,20.1953125,146.6796875,1667968.75,0.496875,15308593750.0,0.2404296875,4841.796875,-3.046875,-464.84375,-35.15625,0.25305049093167803,0.14557038792213295,0.2588189951375502,0.1536542405490258,0.16175776100462602,0.09737507325148552,0.008836812993660932,0.0034395168074167542,0.05873081444756598,0.016567291485663615,0.029724285428002203,0.008334491575479
211.1328125,91.9140625,74.4140625,18738281.25,0.8843750000000001,91105468750.0,0.34238281249999997,4103.515625,27.890625,-50.78125,-35.15625,3.737824112554166,2.21106176560916,3.7736215546627583,2.229504977183501,3.905549978708315,2.3592311796965357,0.09653270857686959,0.034820970151105475,0.7073221595545409,0.19914564302618407,0.7108280039807775,0.19930619567712465
248.2421875,65.1953125,271.6796875,11167968.75,0.8968750000000001,64808593750.0,0.3154296875,2591.796875,26.953125,35.15625,-42.96875,43.78669785481987,25.521571556817513,44.60660603220417,25.60427016869979,42.39305755685107,24.89092004132689,2.8871453320011833,0.9678592797402061,15.002899803110228,4.226688992231481,19.401846928164474,5.442244488200578
86.1328125,65.1953125,271.6796875,11167968.75,0.8968750000000001,64808593750.0,0.3154296875,2591.796875,26.953125,35.15625,-42.96875,15.350117615279911,8.946613944746785,15.56391844505574,8.934819098807724,14.898399394781146,8.713064628926368,1.0690880705210326,0.3566834598799901,5.2909472285340495,1.4907429800159604,6.786746319949591,1.9037332342964302
248.2421875,46.9140625,271.6796875,11167968.75,0.8968750000000001,64808593750.0,0.3154296875,2591.796875,26.953125,35.15625,-42.96875,31.515251855975524,18.36860065239077,32.111306927454,18.431172847347483,30.512611671054582,17.91616917454946,2.0768216767779344,0.696267224620286,10.804664287619508,3.043928417568403,13.976933744953795,3.9205478928516952
248.2421875,65.1953125,199.4140625,11167968.75,0.8968750000000001,64808593750.0,0.3154296875,2591.796875,26.953125,35.15625,-42.96875,31.831505187331423,18.56037506353838,32.42224297533965,18.6213058848706,30.76661021559037,18.093468677196004,2.051180579647784,0.6897318474021495,10.76856918960246,3.033803545273995,13.923257465465232,3.905462153393985
248.2421875,65.1953125,271.6796875,9238281.25,0.8968750000000001,64808593750.0,0.3154296875,2591.796875,26.953125,35.15625,-42.96875,36.22089556720846,21.11175821331704,36.899133706247945,21.18016752325114,35.06805915423322,20.5900755151235,2.388282165156627,0.8006251124818424,12.410583432793178,3.496369173356926,16.049446654462745,4.501891645538429
248.2421875,65.1953125,271.6796875,11167968.75,0.484375,64808593750.0,0.3154296875,2591.796875,26.953125,35.15625,-42.96875,23.647868179432333,13.783427147410155,24.090675731678214,13.828090160796055,22.895205300738382,13.44283138120442,1.5592596740772935,0.5227114576994145,8.102611391923643,2.2827065985919144,10.478349386290919,2.939191274115295
248.2421875,65.1953125,271.6796875,11167968.75,0.8968750000000001,41605468750.0,0.3154296875,2591.796875,26.953125,35.15625,-42.96875,68.20628148618124,39.754801774402345,69.48344762748091,39.88362091530357,66.03541619807682,38.772439621223775,4.497289287694267,1.5076287024851902,23.369928704666396,6.583888561647966,30.222142745768178,8.477352202021951
248.2421875,65.1953125,271.6796875,11167968.75,0.8968750000000001,64808593750.0,0.2673828125,2591.796875,26.953125,35.15625,-42.96875,53.16127356243915,30.898637587869548,54.16079204242537,31.00961931887149,44.26378056102794,24.43203553284003,3.3594764478348105,1.1413413679714437,17.023007640234724,4.795803474788016,22.014263430882814,6.175030875261728
248.2421875,65.1953125,271.6796875,11167968.75,0.8968750000000001,64808593750.0,0.3154296875,1853.515625,26.953125,35.15625,-42.96875,117.79632404759796,66.83727527148503,121.23180640716508,66.6756901396602,120.39219071072755,66.53216827804916,21.499902101523176,6.560880933519451,73.12942494961435,20.59211032008147,95.55034431882362,26.812127112793146
248.2421875,65.1953125,271.6796875,11167968.75,0.8968750000000001,64808593750.0,0.3154296875,2591.796875,-2.109375,35.15625,-42.96875,43.70826271894891,25.490491477326348,44.683807190557395,25.656746533972857,42.51700187421556,24.91054176698219,3.0122556948870463,1.008190454219984,14.773456252326934,4.162773744547381,19.38037238486802,5.436321439596663
248.2421875,65.1953125,271.6796875,11167968.75,0.8968750000000001,64808593750.0,0.3154296875,2591.796875,26.953125,449.21875,-42.96875,43.51310242309586,25.27719501931401,44.35544830833273,25.503938269558624,45.90907240138436,25.012835324789698,2.424513525146044,0.795832634058115,3.5149170093302518,1.2435911265633077,20.511923099589342,5.748786143822528
248.2421875,65.1953125,271.6796875,11167968.75,0.8968750000000001,64808593750.0,0.3154296875,2591.796875,26.953125,35.15625,464.84375,43.5976665679056,24.913640337987985,42.90646124490778,24.05059303873195,48.533839694330595,24.43904510711379,2.2615570804203617,0.8336928996280168,16.4947636759676,4.637731573145901,3.7268747918055185,1.4225493163164584
86.1328125,46.9140625,199.4140625,9238281.25,0.484375,41605468750.0,0.2673828125,1853.515625,-2.109375,449.21875,464.84375,20.32007006425414,10.201349564980749,20.380343456306935,9.706512797862842,29.054312188929877,10.072719437836602,2.856035127262146,0.9974567257545526,3.634376981981549,1.111914696871446,3.612601707448235,1.1645074097246504
185.7421875,42.6953125,84.1796875,6417968.75,0.696875,89558593750.0,0.2029296875,1466.796875,11.953125,285.15625,-292.96875,16.192689995873273,8.639858350860079,16.139842835568537,7.277360670542511,8.102302647894323,4.250420417798621,2.390782252497018,0.9180521316809548,2.26783991607266,0.750414253928206,17.594069898442246,4.951617452677628
148.6328125,42.6953125,84.1796875,6417968.75,0.696875,89558593750.0,0.2029296875,1466.796875,11.953125,285.15625,-292.96875,13.056563209126686,6.965071098408277,12.947687211649322,5.836202872459919,6.517581188699078,3.42241451231315,1.9295925671885605,0.7421386940669011,1.8111288389715734,0.6028021778390076,14.18453243025073,3.99191478578079
185.7421875,69.4140625,84.1796875,6417968.75,0.696875,89558593750.0,0.2029296875,1466.796875,11.953125,285.15625,-292.96875,26.30869540999669,14.041961137732509,26.190466470024717,11.816257170741771,13.157700258269093,6.913743598962492,3.8766189570161202,1.4884036999581685,3.6749040578848837,1.2168620078993504,28.5731575846953,8.041265078850081
185.7421875,42.6953125,136.9140625,6417968.75,0.696875,89558593750.0,0.2029296875,1466.796875,11.953125,285.15625,-292.96875,26.588130322595667,14.165812094524822,26.505559877248153,11.920364392860327,13.299915550915479,6.939252989345531,3.9589700564128143,1.523238946223087,3.7305705323528,1.2373129974531727,28.930234133441587,8.142863095323507
185.7421875,42.6953125,84.1796875,4488281.25,0.696875,89558593750.0,0.2029296875,1466.796875,11.953125,285.15625,-292.96875,11.324041877820077,6.0421163999624055,11.287084247150485,5.089280225473735,5.666187305192073,2.972448606238962,1.6719469312958448,0.6420218498487018,1.5859696065535516,0.5247875701542961,12.304069575964784,3.4628170743314635
185.7421875,42.6953125,84.1796875,6417968.75,0.684375,89558593750.0,0.2029296875,1466.796875,11.953125,285.15625,-292.96875,15.902238157382275,8.484883313176491,15.850338928204083,7.146825053133676,7.956969864972453,4.1741796928156845,2.3478982659051435,0.9015848288705339,2.2271611731834637,0.736953908566265,17.278481200712342,4.862799202405384
185.7421875,42.6953125,84.1796875,6417968.75,0.696875,16855468750.0,0.2029296875,1466.796875,11.953125,285.15625,-292.96875,86.03703442303281,45.9063806280809,85.75624025285744,38.66698681194164,43.05017214560212,22.58386765211332,12.70300456616434,4.877909901054287,12.049771901691278,3.987195272262336,93.48302214636973,26.309555814030126
185.7421875,42.6953125,84.1796875,6417968.75,0.696875,89558593750.0,0.3048828125,1466.796875,11.953125,285.15625,-292.96875,11.541796415907362,6.236608861170556,11.509240274555385,5.184224981120597,9.90856714354408,5.048923906383192,1.706177130699443,0.6713615231930071,1.8527573448827206,0.6130659888365886,14.373828593320546,4.045323278543093
185.7421875,42.6953125,84.1796875,6417968.75,0.696875,89558593750.0,0.2029296875,728.515625,11.953125,285.15625,-292.96875,106.53340449942866,44.59609269959815,110.25658746279393,44.1871718978832,51.725959164300974,24.866472626554046,28.812717922857914,11.81682649105177,22.156496240895933,6.958473883478421,47.34573666088288,15.177944398888485
185.7421875,42.6953125,84.1796875,6417968.75,0.696875,89558593750.0,0.2029296875,1466.796875,12.890625,285.15625,-292.96875,16.194723156833025,8.640705852861403,16.1385333522597,7.277068668962765,8.102629268930007,4.250808713717905,2.3918966059103517,0.9186773162707073,2.278800262057946,0.7530358126114574,17.593064690605903,4.951324320020539
185.7421875,42.6953125,84.1796875,6417968.75,0.696875,89558593750.0,0.2029296875,1466.796875,11.953125,-300.78125,-292.96875,12.863178126370292,5.801177890789092,15.375379242355164,6.623304600679354,7.289963838869168,3.1373414353681115,5.683260734691215,2.0909301396302817,8.611801726969652,2.4830377569279234,8.962912737212847,2.548334444345733
185.7421875,42.6953125,84.1796875,6417968.75,0.696875,89558593750.0,0.2029296875,1466.796875,11.953125,285.15625,214.84375,20.73160524596944,10.01882221187327,19.844011273274653,9.852839905654958,30.149620875656083,9.405702938466442,1.687244920194377,0.5372067882333359,5.493389211788032,1.6077581235272378,11.466739370547254,3.2362900092138256
148.6328125,69.4140625,136.9140625,4488281.25,0.684375,16855468750.0,0.3048828125,728.515625,12.890625,-300.78125,214.84375,458.2276160192681,177.53178166090206,593.6192845512005,209.1532399500531,425.81347462429994,154.8213130158095,210.95934857337957,94.09952511495419,300.5361533297029,99.7678552899545,83.3519389585574,33.45219492841833
60.7421875,87.6953125,209.1796875,15917968.75,0.296875,40058593750.0,0.2779296875,3716.796875,-18.046875,-214.84375,207.03125,3.37079585806908,1.920589308214824,3.3991632770106843,1.9849954790008069,2.610257924521779,1.5642520181860458,0.08342802285976836,0.037346828766533724,0.9741836770960169,0.2743738241793358,0.29964846592839023,0.08642535225964988
273.6328125,87.6953125,209.1796875,15917968.75,0.296875,40058593750.0,0.2779296875,3716.796875,-18.046875,-214.84375,207.03125,15.079642698016928,8.597019566848601,15.267227849195613,8.91684400729088,11.700537295365438,7.013706429530193,0.35135219592170464,0.16185580544389153,4.314248998168344,1.215125122896462,1.3260328323566324,0.3827846034046795
60.7421875,24.4140625,209.1796875,15917968.75,0.296875,40058593750.0,0.2779296875,3716.796875,-18.046875,-214.84375,207.03125,0.938698790692258,0.5348317926861063,0.9469877057374732,0.5529912473826704,0.7270553088408892,0.4357066685847633,0.023130871721353172,0.010382036560754648,0.2713803185498091,0.07643312079514696,0.08346753130277701,0.024076070304136624
60.7421875,87.6953125,261.9140625,15917968.75,0.296875,40058593750.0,0.2779296875,3716.796875,-18.046875,-214.84375,207.03125,4.235212037659963,2.41240599433746,4.271043557482312,2.4937475889396614,3.279742297776226,1.9653217118786535,0.10534830142694826,0.047177349709034935,1.229680967280015,0.34633341234488446,0.3782368181932082,0.10909398491584114
60.7421875,87.6953125,209.1796875,13988281.25,0.296875,40058593750.0,0.2779296875,3716.796875,-18.046875,-214.84375,207.03125,2.962164409262669,1.6877620399306221,2.9870929312822727,1.7443604442458622,2.29382420311963,1.3746224483740441,0.07331429444437565,0.03281938498477479,0.856086318449285,0.24111231027882243,0.26332298318762337,0.07594826661148617
60.7421875,87.6953125,209.1796875,15917968.75,0.28437500000000004,40058593750.0,0.2779296875,3716.796875,-18.046875,-214.84375,207.03125,3.22886761141354,1.8397223899742001,3.2560406127154984,1.9014167219902467,2.5003523276998094,1.4983887753150547,0.07991526400251504,0.035774330713206,0.9331654170077638,0.262821242108627,0.2870316884156159,0.08278639005924358
60.7421875,87.6953125,209.1796875,15917968.75,0.296875,66355468750.0,0.2779296875,3716.796875,-18.046875,-214.84375,207.03125,2.034939160799342,1.159453897435864,2.052064484944049,1.1983357059606328,1.5758047339713217,0.9443341641548182,0.050365242504675695,0.022546166421428353,0.5881117094613323,0.16563863936887552,0.18089686337173375,0.05217472110571081
60.7421875,87.6953125,209.1796875,15917968.75,0.296875,40058593750.0,0.2298828125,3716.796875,-18.046875,-214.84375,207.03125,3.9456825337945385,2.2453385567699247,3.978884514383517,2.320036446298806,2.4676856116290624,1.4412206835261085,0.09764696608990463,0.04346921784799012,1.0692567742863306,0.3011506732130207,0.3288919324264748,0.09485982525306152
60.7421875,87.6953125,209.1796875,15917968.75,0.296875,40058593750.0,0.2779296875,2978.515625,-18.046875,-214.84375,207.03125,6.470807882174186,3.574028444118027,6.555881121504892,3.764461351425007,5.169852948325735,2.991689911568301,0.24472620333900355,0.11285744256737835,2.7830227399211696,0.7838147962814278,0.8560492597065609,0.24721344093542044
60.7421875,87.6953125,209.1796875,15917968.75,0.296875,40058593750.0,0.2779296875,3716.796875,-17.109375,-214.84375,207.03125,3.37080476487417,1.920593488141052,3.3991541818675954,1.9849899501219963,2.6102578514319936,1.5642515069730127,0.08341669331357543,0.03734417598112048,0.9741872909825643,0.2743748645219605,0.29963730107393244,0.08642233699732527
60.7421875,87.6953125,209.1796875,15917968.75,0.296875,40058593750.0,0.2779296875,3716.796875,-18.046875,199.21875,207.03125,3.4206155374439846,2.0351602133812174,3.3980889078210605,2.0245271596846623,2.7877251063167527,1.6378381464480631,0.04339526901163448,0.013473442376509425,0.31011774315670904,0.08851126432723994,0.32564109298934196,0.09356890831064699
60.7421875,87.6953125,209.1796875,15917968.75,0.296875,40058593750.0,0.2779296875,3716.796875,-18.046875,-214.84375,-285.15625,3.3347124415395037,1.898959268623258,3.385369605622552,1.9113895678042587,2.5909764012835015,1.51200252935618,0.22180378220034785,0.09174394808318787,0.873929456228977,0.2464750799914883,1.0029118926702665,0.2816785859441366
273.6328125,24.4140625,261.9140625,13988281.25,0.28437500000000004,66355468750.0,0.2298828125,2978.515625,-17.109375,199.21875,-285.15625,6.15688878628826,3.554134052145679,6.151646007806162,3.4055909562349433,3.843623638490011,2.226284729154507,0.27863068644021266,0.11189621415862315,0.6575691179879356,0.18877455838267518,2.6820929747135582,0.7532628600650827
64.6484375,15.9765625,299.0234375,15027343.75,0.809375,26136718750.0,0.2099609375,3083.984375,24.140625,363.28125,347.65625,8.040269004134757,4.727071999780777,8.02949769439771,4.655472626439311,6.035037467120687,2.8373439250657797,0.4052120144799985,0.12467025983318104,0.19893995268049472,0.07447411674531763,0.27535243991663777,0.11323671555507635
121.2890625,15.9765625,299.0234375,15027343.75,0.809375,26136718750.0,0.2099609375,3083.984375,24.140625,363.28125,347.65625,15.062903418918152,8.855619529446669,15.053664168072958,8.727850967018005,11.301026177296745,5.315981505872352,0.7537750467072627,0.2315023994161428,0.37200409569281717,0.13934693660277636,0.5159394247738587,0.21213539520384095
64.6484375,68.0078125,299.0234375,15027343.75,0.809375,26136718750.0,0.2099609375,3083.984375,24.140625,363.28125,347.65625,34.214703534844695,20.11618701321428,34.15863147146942,19.80583692448201,25.669240372270263,12.07130033127774,1.7273142479408246,0.531835294085296,0.8461043847677361,0.3166790103519432,1.170348298809816,0.4812463899153452
64.6484375,15.9765625,78.3203125,15027343.75,0.809375,26136718750.0,0.2099609375,3083.984375,24.140625,363.28125,347.65625,2.0706977375692306,1.217765910922029,2.0679942288616595,1.1996909197254557,1.5355984900531154,0.7281583670218856,0.10207347206348197,0.03139114034256707,0.05000647024820916,0.01873708637401129,0.06946874109778607,0.028477016423418686
64.6484375,15.9765625,299.0234375,19628906.25,0.809375,26136718750.0,0.2099609375,3083.984375,24.140625,363.28125,347.65625,10.502300947693568,6.174561164257448,10.488231326838703,6.081037158268141,7.883042181513245,3.7061744797129044,0.5292930524465796,0.1628458683810072,0.2598578794435888,0.09727903214068655,0.35966883560725393,0.1479112284024587
64.6484375,15.9765625,299.0234375,15027343.75,0.8968750000000001,26136718750.0,0.2099609375,3083.984375,24.140625,363.28125,347.65625,8.909487274852031,5.238106810567889,8.897551499197466,5.1587669644327505,6.687473950052655,3.144083808856676,0.44901871874810684,0.13814812576109256,0.2204469745918997,0.08252537260967634,0.30512027125897756,0.12547852264211165
64.6484375,15.9765625,299.0234375,15027343.75,0.809375,74089843750.0,0.2099609375,3083.984375,24.140625,363.28125,347.65625,2.8363705333824885,1.6675720330328037,2.832570731966841,1.6423138790270169,2.1289837977805934,1.0009315233097027,0.14294688611196668,0.04398000255938284,0.07018016678363422,0.026272278965725752,0.09713624587347636,0.03994658426630547
64.6484375,15.9765625,299.0234375,15027343.75,0.809375,26136718750.0,0.2509765625,3083.984375,24.140625,363.28125,347.65625,7.137835318744064,4.2053940677143835,7.128271757269521,4.141960089986908,6.159120373774455,3.0783187546254998,0.35977025073215,0.11068829122147973,0.18626734420655142,0.06973006553670036,0.2578123047331699,0.10602346079267344
64.6484375,15.9765625,299.0234375,15027343.75,0.809375,26136718750.0,0.2099609375,2626.953125,24.140625,363.28125,347.65625,12.954520545445062,7.583144199851699,12.930402326209764,7.434393316819844,11.510937577395303,4.839402687093453,0.8719871760542646,0.2695835553108208,0.4382460363170873,0.16250449042508283,0.5823013539676438,0.24861311489559595
64.6484375,15.9765625,299.0234375,15027343.75,0.809375,26136718750.0,0.2099609375,3083.984375,-27.421875,363.28125,347.65625,8.040335780724755,4.727274890208102,8.029272157803522,4.655499683632202,6.035040529753634,2.8373990232949344,0.40708178099686854,0.12542810545543687,0.19890972513014193,0.07442776235324997,0.27526334253664914,0.11320396328422959
64.6484375,15.9765625,299.0234375,15027343.75,0.809375,26136718750.0,0.2099609375,3083.984375,24.140625,58.59375,347.65625,8.100498891979862,4.7126258192824215,8.087264080291304,4.646719046529057,5.727194389323909,2.7941115124610043,0.15820763836366974,0.06298104598312237,1.7792437104717413,0.5009138694565897,0.2855133544836861,0.11363787433224365
64.6484375,15.9765625,299.0234375,15027343.75,0.809375,26136718750.0,0.2099609375,3083.984375,24.140625,363.28125,230.46875,8.06689666646871,4.7588942253399855,8.110042054304243,4.748091256580223,5.960397012785125,2.8578870471783864,0.33297439379750904,0.0981607932562289,0.19977570555766824,0.07589519578040628,0.9219566272000419,0.26716571380743065
121.2890625,68.0078125,78.3203125,19628906.25,0.8968750000000001,74089843750.0,0.2509765625,2626.953125,-27.421875,58.59375,230.46875,12.123817036682397,7.050845259787185,12.158012679067257,7.051627514649242,10.765123404257467,5.282275970752176,0.27800570207694225,0.10032179800810359,3.698462011222013,1.041302339089664,1.856440536367769,0.5402009263056914
189.6484375,60.9765625,174.0234375,5527343.75,0.40937500000000004,75636718750.0,0.2849609375,833.984375,-5.859375,-136.71875,-152.34375,96.56146923229511,39.37276639300579,114.43079056334577,45.86401331142668,86.3040546675201,35.456186807906946,67.44504211904334,21.324644726189103,44.91866179376803,14.909477922650535,51.494465553418515,16.09778304996781
246.2890625,60.9765625,174.0234375,5527343.75,0.40937500000000004,75636718750.0,0.2849609375,833.984375,-5.859375,-136.71875,-152.34375,121.49569063001539,49.920097863794204,146.61778424142983,59.30395999303386,109.63544634333842,45.51151944029123,87.49143376254176,27.5038925967427,57.92040121074429,18.84947926898724,70.37388095231127,21.69910048081828
189.6484375,23.0078125,174.0234375,5527343.75,0.40937500000000004,75636718750.0,0.2849609375,833.984375,-5.859375,-136.71875,-152.34375,36.49719350161089,14.873137946196147,43.440025307705596,17.396134552270514,32.70316087895305,13.416796842303288,25.41908916117569,8.04928617015809,16.825097119034172,5.6037931067025575,19.43738650943836,6.085788319071064
189.6484375,60.9765625,203.3203125,5527343.75,0.40937500000000004,75636718750.0,0.2849609375,833.984375,-5.859375,-136.71875,-152.34375,114.98846761255025,46.67635866689551,137.1146648471318,54.62635362238845,103.19082220649918,42.05165667789512,78.69807779529691,25.061491703591802,51.326323282011685,17.382921894101546,58.809163698557995,18.611012539408826
189.6484375,60.9765625,174.0234375,10128906.25,0.40937500000000004,75636718750.0,0.2849609375,833.984375,-5.859375,-136.71875,-152.34375,176.9497453846935,72.15094223114063,209.6954345800393,84.04620955231759,158.15294258154037,64.97377554268742,123.59363548740593,39.0775998409953,82.31384454504628,27.321750002426025,94.36406302474505,29.499329645630056
189.6484375,60.9765625,174.0234375,5527343.75,0.496875,75636718750.0,0.2849609375,833.984375,-5.859375,-136.71875,-152.34375,117.20056189263296,47.788319515174955,138.88928014940433,55.667008523029324,104.75072284073048,43.03460841570384,81.86077631242662,25.88258405697761,54.519597139000865,18.096236562606368,62.50091620605757,19.538530572098335
189.6484375,60.9765625,174.0234375,5527343.75,0.40937500000000004,24589843750.0,0.2849609375,833.984375,-5.859375,-136.71875,-152.34375,297.01663681412714,121.1080024889231,351.98147699413244,141.0746449164662,265.46551398366825,109.06086499785577,207.4564496506809,65.59318440559167,138.16680672164102,45.86055933539034,158.39354035120616,49.515706623753246
189.6484375,60.9765625,174.0234375,5527343.75,0.40937500000000004,75636718750.0,0.32597656249999996,833.984375,-5.859375,-136.71875,-152.34375,80.70956155649101,32.90971197513572,95.67661606326749,38.39442557769024,86.99249361519442,35.24693580620308,59.37210151804192,18.568520203826136,39.7940266372217,13.208500385096938,45.61961670431002,14.261235350949631
189.6484375,60.9765625,174.0234375,5527343.75,0.40937500000000004,75636718750.0,0.2849609375,4876.953125,-5.859375,-136.71875,-152.34375,0.6709256427864563,0.3956607488342074,0.6754360652599856,0.3987286821063445,0.536673731809263,0.3235241634125597,0.018223333173104064,0.007237676242096927,0.10035403796443626,0.02825982192347963,0.10704979813276948,0.030015624974999947
189.6484375,60.9765625,174.0234375,5527343.75,0.40937500000000004,75636718750.0,0.2849609375,833.984375,2.578125,-136.71875,-152.34375,96.74795690922524,39.31316289924631,114.71650734591645,45.80913356066181,86.52119178540335,35.406162085422146,66.14857917656282,21.00956867849753,44.05645279278325,14.697261055178108,50.46418083100438,15.824750796655081
189.6484375,60.9765625,174.0234375,5527343.75,0.40937500000000004,75636718750.0,0.2849609375,833.984375,-5.859375,-441.40625,-152.34375,35.06128312025204,13.375171286585573,80.12187171110087,31.64410328766072,40.147350872475634,16.500264620132217,33.536344305804384,14.657377367736439,24.252900758991952,9.96331299191426,16.8330024757779,5.9033798174920245
189.6484375,60.9765625,174.0234375,5527343.75,0.40937500000000004,75636718750.0,0.2849609375,833.984375,-5.859375,-136.71875,-269.53125,97.54985381777932,37.41359709461098,117.94878066592703,41.60363576481272,88.25942569634459,32.21167793816952,48.39151330761937,18.09682928480119,28.1890754672825,10.764805871115508,38.93189576479196,12.531457540530713
246.2890625,23.0078125,203.3203125,10128906.25,0.496875,24589843750.0,0.32597656249999996,4876.953125,2.578125,-441.40625,-269.53125,2.109344894521038,1.2198022621188205,2.1807328284639524,1.2665685618024183,2.0762132895589187,1.2193216480692641,0.11057769582106286,0.04706175412542361,0.5141457149809534,0.14507526392744702,0.4182522874029157,0.11739441090729537
252.1484375,38.4765625,236.5234375,19777343.75,0.209375,50886718750.0,0.2474609375,1958.984375,-20.859375,-386.71875,-402.34375,28.33204166953944,13.626969061945776,32.62830613360154,14.87720833598101,20.165151709877517,9.429330188458083,9.44354880306724,3.904373777135924,17.50373277088248,5.001435981484976,18.731669073728572,5.304033448974133
183.7890625,38.4765625,236.5234375,19777343.75,0.209375,50886718750.0,0.2474609375,1958.984375,-20.859375,-386.71875,-402.34375,20.769627844483598,9.957866755445197,23.85399828180657,10.854651424538332,14.761052406762618,6.876643775695957,6.956361199858245,2.8705996424537448,12.897348796416892,3.686564673571145,13.628776381091425,3.860206982198084
252.1484375,90.5078125,236.5234375,19777343.75,0.209375,50886718750.0,0.2474609375,1958.984375,-20.859375,-386.71875,-402.34375,66.58004383266582,32.02126532377926,76.57594349280029,34.93236056096702,47.353885035412524,22.14876895857686,22.14150677897898,9.149959449324744,41.17023473986496,11.763110838297322,43.929051894031026,12.438754326660844
252.1484375,38.4765625,140.8203125,19777343.75,0.209375,50886718750.0,0.2474609375,1958.984375,-20.859375,-386.71875,-402.34375,16.666186495385624,8.04227772236898,19.127037474385503,8.76250561323784,11.838959259138148,5.566960118666276,5.4567298010080245,2.2566262075183476,10.273773539882136,2.933694684528911,10.988543286565335,3.1104020784514725
252.1484375,38.4765625,236.5234375,5378906.25,0.209375,50886718750.0,0.2474609375,1958.984375,-20.859375,-386.71875,-402.34375,7.705554291715544,3.7061695434128636,8.874022821641185,4.046201042592505,5.484379597965897,2.5645245248877697,2.5683916061275096,1.0618847898708605,4.760545136382612,1.3602562406685386,5.09451082649106,1.4425546235902391
252.1484375,38.4765625,236.5234375,19777343.75,0.696875,50886718750.0,0.2474609375,1958.984375,-20.859375,-386.71875,-402.34375,94.29918346727308,45.35543434050608,108.59869056407679,49.51667849139948,67.1168482283983,31.384188537703764,31.431513180358117,12.995154511959866,58.25869265532527,16.64657050553955,62.34570452897719,17.653723270466145
252.1484375,38.4765625,236.5234375,19777343.75,0.209375,49339843750.0,0.2474609375,1958.984375,-20.859375,-386.71875,-402.34375,29.220291887347816,14.054194123186413,33.651250415836216,15.343630194982552,20.797358192112615,9.72495323925607,9.739617627864531,4.026781505403347,18.052499945078463,5.15823818627225,19.318933815490627,5.470322519181857
252.1484375,38.4765625,236.5234375,19777343.75,0.209375,50886718750.0,0.21347656250000002,1958.984375,-20.859375,-386.71875,-402.34375,31.26562717868481,15.034979056050537,36.005507669557325,16.4170479598841,18.395319001397645,8.611730571143571,10.13864682673131,4.255457719585142,18.4834943958971,5.281388555531229,19.780163744616257,5.6009237465536
252.1484375,38.4765625,236.5234375,19777343.75,0.209375,50886718750.0,0.2474609375,3751.953125,-20.859375,-386.71875,-402.34375,4.890560851506546,2.730688468127426,5.082385187526196,2.8003166210720503,3.2857858979351975,1.8753950465063023,0.48356680539416536,0.20941241362293803,1.468785013199516,0.41497745634261074,1.543143933571254,0.4340128436337329
252.1484375,38.4765625,236.5234375,19777343.75,0.209375,50886718750.0,0.2474609375,1958.984375,-12.421875,-386.71875,-402.34375,28.29838036470602,13.60192828354282,32.65273117361266,14.867956125813945,20.16201401169225,9.41315244460235,9.425234855998848,3.893291562897388,17.43579856271734,4.982556385687157,18.752186775231184,5.31039174918763
252.1484375,38.4765625,236.5234375,19777343.75,0.209375,50886718750.0,0.2474609375,1958.984375,-20.859375,308.59375,-402.34375,34.43443727490626,18.99104808481001,34.16775370416648,16.055536200121352,22.221777113692088,12.095743188619394,4.089689254579957,1.4162847738805822,1.9165836882558414,0.8015218019077498,30.399319110477435,8.562763488488951
252.1484375,38.4765625,236.5234375,19777343.75,0.209375,50886718750.0,0.2474609375,1958.984375,-20.859375,-386.71875,-19.53125,29.839963018060086,14.227401378290857,32.211376612157835,18.190445088368815,20.413904437166877,11.15105074484986,7.098508730715638,2.375299829863528,26.07602463476306,7.384558516350584,14.170719746025336,3.9907155358150317
183.7890625,90.5078125,140.8203125,5378906.25,0.696875,49339843750.0,0.21347656250000002,3751.953125,-12.421875,308.59375,-19.53125,5.506763577706618,3.2478655908436647,5.5244312820261205,3.24320076017966,3.350692408950619,1.8843722470467703,0.09140110705341882,0.034276980573347764,0.15509782110878156,0.052947047308645655,1.027394917334638,0.2880291921337125
127.1484375,83.4765625,111.5234375,10277343.75,0.609375,1386718750.0,0.3224609375,4208.984375,9.140625,113.28125,97.65625,79.281328935119,47.21808595126813,79.10614862826604,47.22878647523447,75.41865227831705,46.085456811176805,0.8400077694475063,0.293301104940681,8.792290532120093,2.4816410741199935,9.901323830430925,2.7861538989785406
58.7890625,83.4765625,111.5234375,10277343.75,0.609375,1386718750.0,0.3224609375,4208.984375,9.140625,113.28125,97.65625,36.69502331851129,21.854408869412534,36.58941735238305,21.84495573186722,34.89554070052338,21.323712598197215,0.39250860619734296,0.13687443905020535,4.07435499890483,1.1500015822084877,4.581009297526578,1.2890643106361086
127.1484375,45.5078125,111.5234375,10277343.75,0.609375,1386718750.0,0.3224609375,4208.984375,9.140625,113.28125,97.65625,43.22691369252348,25.744854492765707,43.142443594697305,25.757222260654526,41.12611643743218,25.130725942632175,0.45678036824900253,0.1595698029492984,4.795339203961925,1.3534914062363794,5.403510028796171,1.5205035892326766
127.1484375,83.4765625,265.8203125,10277343.75,0.609375,1386718750.0,0.3224609375,4208.984375,9.140625,113.28125,97.65625,190.19102186509753,113.26280825642765,189.7666738588236,113.2884752228166,180.9236185363968,110.57123262743033,2.039401490031531,0.711443745319475,21.28511109741424,6.007803776403309,23.970353357616933,6.745113676366502
127.1484375,83.4765625,111.5234375,14878906.25,0.609375,1386718750.0,0.3224609375,4208.984375,9.140625,113.28125,97.65625,114.77863242640377,68.35944104461431,114.52501715129813,68.37493260515701,109.18648670775741,66.71969022948402,1.2161115902035537,0.42462330243977753,12.728937528257484,3.5927673323158715,14.334527734743975,4.033622273359659
127.1484375,83.4765625,111.5234375,10277343.75,0.296875,1386718750.0,0.3224609375,4208.984375,9.140625,113.28125,97.65625,38.62423717351952,23.00368289933575,38.53889292146294,23.00889597511423,36.74242034071857,22.451889215701517,0.4092345543462215,0.14289028189417796,4.283423592571328,1.2090046258533302,4.823721866107373,1.357357027707494
127.1484375,83.4765625,111.5234375,10277343.75,0.609375,98839843750.0,0.3224609375,4208.984375,9.140625,113.28125,97.65625,1.1123136296868847,0.6624677118405005,1.109855857528137,0.6626178397307924,1.0581204425879367,0.6465769737962994,0.01178527281958126,0.004115001867523289,0.12335545741226864,0.03481731736602766,0.1389151468127486,0.0390896191810213
127.1484375,83.4765625,111.5234375,10277343.75,0.609375,1386718750.0,0.2884765625,4208.984375,9.140625,113.28125,97.65625,92.02796411061291,54.75418796736592,91.82462550131638,54.76709683018854,74.58713252382091,45.842453145721365,0.9592369731684515,0.33692778089578607,9.718637931333202,2.7431044261774873,10.944517927074905,3.07970043371798
127.1484375,83.4765625,111.5234375,10277343.75,0.609375,1386718750.0,0.3224609375,1501.953125,9.140625,113.28125,97.65625,1655.2184679026182,961.2131906155649,1604.8617615350183,950.1575979976108,2542.8503079068323,1073.9394374128067,387.64546922368555,111.19849752290453,1425.6310357696077,401.12336122827276,1624.1029836941461,456.2572196979975
127.1484375,83.4765625,111.5234375,10277343.75,0.609375,1386718750.0,0.3224609375,4208.984375,17.578125,113.28125,97.65625,79.28407352328169,47.2196056069655,79.10358024281753,47.22717762976427,75.41873633680085,46.08538956361424,0.8356567076950832,0.29202903576080963,8.79459832912418,2.482283934231988,9.901892758945,2.786308993904808
127.1484375,83.4765625,111.5234375,10277343.75,0.609375,1386718750.0,0.3224609375,4208.984375,9.140625,-191.40625,97.65625,78.23388121785334,45.472961192034205,78.41803847889392,46.633847223470994,74.62762182782755,44.838019635533826,1.7697809962351065,0.6715204019528404,18.25184707105322,5.140490025816797,9.413724112342303,2.6504791435203767
127.1484375,83.4765625,111.5234375,10277343.75,0.609375,1386718750.0,0.3224609375,4208.984375,9.140625,113.28125,480.46875,78.33455907486682,46.63373210537558,77.84098029850652,45.54420728721822,74.40033965033983,45.07499717511434,1.369086748598941,0.4669862794261034,8.92625089195303,2.5177468554243805,3.2412640084353384,1.1828718245254262
58.7890625,45.5078125,265.8203125,14878906.25,0.296875,98839843750.0,0.2884765625,1501.953125,17.578125,-191.40625,480.46875,10.93392551682469,4.552680133148215,11.414790794565596,5.282333636431062,9.24703536101157,4.340369346378693,2.3160786608519492,1.0453215682290231,15.78807929497008,4.426849216781398,2.618415083434759,0.8767081080825091
158.3984375,49.7265625,142.7734375,7902343.75,0.7093750000000001,38511718750.0,0.2662109375,2521.484375,-28.359375,-11.71875,-277.34375,13.892512119871453,7.741842141742532,13.935285262602495,7.4230647110052095,10.136612400514172,5.812670574649242,1.4495556475822649,0.5515175341961442,4.359699120868379,1.2296476145055069,7.6450241087911195,2.1486129301387886
90.0390625,49.7265625,142.7734375,7902343.75,0.7093750000000001,38511718750.0,0.2662109375,2521.484375,-28.359375,-11.71875,-277.34375,7.923061573506817,4.412886512964324,7.936168124953658,4.225325144903797,5.777009874678038,3.310570694549508,0.8266624297546001,0.3135295252980345,2.505296024065544,0.7065850384197458,4.363739302901018,1.2264302740061235
158.3984375,79.2578125,142.7734375,7902343.75,0.7093750000000001,38511718750.0,0.2662109375,2521.484375,-28.359375,-11.71875,-277.34375,22.133495924591553,12.334259175068441,22.194505953304507,11.823670325961727,16.146951989539055,9.259413405188681,2.304346868474501,0.8764478504757288,6.950148093176677,1.960254502840762,12.169062825856738,3.4200774256600175
158.3984375,49.7265625,234.5703125,7902343.75,0.7093750000000001,38511718750.0,0.2662109375,2521.484375,-28.359375,-11.71875,-277.34375,23.065663165446434,12.840136750024936,23.13780794024639,12.302631908168145,16.831278247367788,9.637134472341433,2.453833946501082,0.9305238574904894,7.30806293907678,2.0612961627696254,12.817712561910877,3.6024985279296184
158.3984375,49.7265625,142.7734375,12503906.25,0.7093750000000001,38511718750.0,0.2662109375,2521.484375,-28.359375,-11.71875,-277.34375,21.982170684977028,12.24994399195148,22.049850778838646,11.745541344502065,16.039197377185303,9.197409050643708,2.2936369885866683,0.8726681299860889,6.898367219920752,1.9456757360514716,12.096748478616105,3.399757780214663
158.3984375,49.7265625,142.7734375,7902343.75,0.39687500000000003,38511718750.0,0.2662109375,2521.484375,-28.359375,-11.71875,-277.34375,7.772462727857599,4.331338995600447,7.796393076433995,4.15299215109102,5.671144382666521,3.252022744407285,0.8109848777222365,0.30855826803044195,2.439126820926363,0.6879526301418475,4.277172078486663,1.2020874102538597
158.3984375,49.7265625,142.7734375,7902343.75,0.7093750000000001,86464843750.0,0.2662109375,2521.484375,-28.359375,-11.71875,-277.34375,6.187769459670777,3.4482413225859325,6.206820754641878,3.3062568324282973,4.514879677283453,2.58898211861156,0.6456367350130359,0.2456476787729743,1.9418239725611628,0.5476889917058864,3.40511826015684,0.9569990909527136
158.3984375,49.7265625,142.7734375,7902343.75,0.7093750000000001,38511718750.0,0.30722656249999997,2521.484375,-28.359375,-11.71875,-277.34375,11.827906084332913,6.604388259108002,11.864330354348981,6.326832419946741,10.53914806473389,5.972656448311111,1.2775037663405429,0.4785372084068221,3.931011644293172,1.1087368547661758,6.893291935837518,1.9373406772557507
158.3984375,49.7265625,142.7734375,7902343.75,0.7093750000000001,38511718750.0,0.2662109375,3189.453125,-28.359375,-11.71875,-277.34375,6.936615330892563,3.972121113667828,6.950015938519552,3.871486343879156,5.050663298386841,2.9754746432618124,0.43584640390190593,0.17190747749475857,1.529807677472943,0.4311932219334976,2.6733767554124914,0.750871483977082
158.3984375,49.7265625,142.7734375,7902343.75,0.7093750000000001,38511718750.0,0.2662109375,2521.484375,-19.921875,-11.71875,-277.34375,13.887216082068178,7.738471467318754,13.940540782205488,7.4246897000188845,10.13659740930159,5.811355413847874,1.4471918141128453,0.5502989560910863,4.359629595414081,1.229618924030729,7.651820632049029,2.1505297054597086
158.3984375,49.7265625,142.7734375,7902343.75,0.7093750000000001,38511718750.0,0.2662109375,2521.484375,-28.359375,183.59375,-277.34375,13.970717401688674,7.990356895779979,13.899583384515324,7.486582257145049,10.091721873829332,5.985601428037164,0.8532931352146086,0.35567880464352064,2.2551987955176878,0.644793864320527,8.150290335898696,2.289453487939271
158.3984375,49.7265625,142.7734375,7902343.75,0.7093750000000001,38511718750.0,0.2662109375,2521.484375,-28.359375,-11.71875,105.46875,13.885018532611575,7.956759586700629,13.79046785375417,8.109866039558755,12.293503106288306,6.396304674355948,0.7602212331764544,0.23783523250930722,5.412981124417093,1.5235651136102775,3.9981835351976875,1.126919768064252
90.0390625,79.2578125,234.5703125,12503906.25,0.39687500000000003,86464843750.0,0.30722656249999997,3189.453125,-19.921875,183.59375,105.46875,3.524820589630153,2.085187678728769,3.496824431936077,2.078323896237715,3.339514781772849,1.9409481399116337,0.053197190400434115,0.021964613821280055,0.48106798807264894,0.13689177253655158,0.7248335618275582,0.20408370617660246
283.3984375,94.7265625,267.7734375,17402343.75,0.309375,88011718750.0,0.3412109375,4771.484375,1.640625,488.28125,222.65625,4.063183703581914,2.405830612906577,4.07551876289669,2.4271477373204053,4.218140715559837,2.5492969359172277,0.09860444798491115,0.029978096012021716,0.17108531804510582,0.05396826246231695,0.24093986505444911,0.06965317119632733
215.0390625,94.7265625,267.7734375,17402343.75,0.309375,88011718750.0,0.3412109375,4771.484375,1.640625,488.28125,222.65625,3.089946730897003,1.829428455456417,3.094745584886193,1.8430134489202876,3.2054178302111938,1.937219368747035,0.07520485055358711,0.022868010147260306,0.13054768167795286,0.041178498882121495,0.18316766771940057,0.05295093490443418
283.3984375,34.2578125,267.7734375,17402343.75,0.309375,88011718750.0,0.3412109375,4771.484375,1.640625,488.28125,222.65625,1.4696976637352515,0.8702108942692931,1.474659858167306,0.8782133021904064,1.5260072138179728,0.9222666154620994,0.035676924139525425,0.010846307407979552,0.06189643087641505,0.019525184370096038,0.08724333680095898,0.025221173416135754
283.3984375,94.7265625,109.5703125,17402343.75,0.309375,88011718750.0,0.3412109375,4771.484375,1.640625,488.28125,222.65625,1.6541150639057132,0.979576072458237,1.6590980006691396,0.9881913284962413,1.717168879853128,1.0378095064645212,0.0398523804025447,0.012115337070051448,0.06913919335428968,0.021810276971529232,0.09736022893601441,0.028146221623696656
283.3984375,94.7265625,267.7734375,3003906.25,0.309375,88011718750.0,0.3412109375,4771.484375,1.640625,488.28125,222.65625,0.7013666146025794,0.41528254575199947,0.7034958313507417,0.41896220202006546,0.7281145253121245,0.4400469907340849,0.01702061066226637,0.005174670220705882,0.02953189889487909,0.009315733744898256,0.04158984427090266,0.01202318488214943
283.3984375,94.7265625,267.7734375,17402343.75,0.796875,88011718750.0,0.3412109375,4771.484375,1.640625,488.28125,222.65625,10.465776206195839,6.196836427183607,10.497548328673291,6.251744171885892,10.864907903714732,6.566370895544375,0.2539811539005288,0.0772163079097529,0.44067430405557556,0.1390091608877861,0.6206026827160053,0.17940968338447946
283.3984375,94.7265625,267.7734375,17402343.75,0.309375,36964843750.0,0.3412109375,4771.484375,1.640625,488.28125,222.65625,9.674267359759495,5.728180232420805,9.703636610675822,5.778935397819512,10.04321340613745,6.069767437720707,0.23477299139258517,0.071376569929923,0.40734685626907735,0.1284961345808373,0.5736675578084955,0.16584123430460224
283.3984375,94.7265625,267.7734375,17402343.75,0.309375,88011718750.0,0.2322265625,4771.484375,1.640625,488.28125,222.65625,6.294522749500258,3.7173543837101772,6.31362873784873,3.750413507662792,3.9125127438031235,2.3504634941914473,0.15273171515187264,0.046421753714956486,0.22743978076465896,0.07174507972357293,0.3203039904979039,0.09259650195278188
283.3984375,94.7265625,267.7734375,17402343.75,0.309375,88011718750.0,0.3412109375,939.453125,1.640625,488.28125,222.65625,1379.3858303306974,422.13400741838524,843.8426522888043,312.69307932210995,2090.5700644943063,615.5242986298015,427.0433110000006,127.58883136628049,740.7327374613044,209.07070842541395,2689.821273439824,751.0352587845412
283.3984375,94.7265625,267.7734375,17402343.75,0.309375,88011718750.0,0.3412109375,4771.484375,10.078125,488.28125,222.65625,4.063560451281151,2.406009628374626,4.0751424422737195,2.426893018980819,4.218140937468824,2.5492598817771737,0.09700534980239159,0.02945808462897117,0.17086202029487013,0.05392151433628479,0.24069833241011646,0.06959142014387652
283.3984375,94.7265625,267.7734375,17402343.75,0.309375,88011718750.0,0.3412109375,4771.484375,1.640625,-316.40625,222.65625,3.990374067961799,2.311899478329003,4.051139361891364,2.3945572414228384,4.167718909766735,2.4759413593137416,0.08664687256822476,0.035331755073314104,0.9296538181022842,0.26191502806671224,0.22438595998270003,0.0652026541738093
283.3984375,94.7265625,267.7734375,17402343.75,0.309375,88011718750.0,0.3412109375,4771.484375,1.640625,488.28125,-394.53125,4.0031927884989305,2.372383028432419,4.006230719640343,2.328169172354388,4.145283196367123,2.4707357210745564,0.15748977322317498,0.048390409554761045,0.15580160608912413,0.04995245241141393,1.0440136056116018,0.29320963959707225
215.0390625,34.2578125,109.5703125,3003906.25,0.796875,36964843750.0,0.2322265625,939.453125,10.078125,-316.40625,-394.53125,43.65662520278757,17.04053866285478,64.90679033860268,21.828860972540607,33.315766136249366,11.974725640496079,23.604487711039827,12.342178782853455,15.37352401940766,5.975850742444452,18.42402121953002,6.037465588922186
220.8984375,27.2265625,80.2734375,3152343.75,0.509375,63261718750.0,0.22871093750000002,3646.484375,16.640625,238.28125,472.65625,0.3833808269682975,0.22979267291386693,0.3838163081430435,0.22310433255442766,0.2707545809881319,0.14459817811534134,0.009689525147682914,0.0034756020346253212,0.026538723300480956,0.007682217665400472,0.017250533791659316,0.006420106365409393
277.5390625,27.2265625,80.2734375,3152343.75,0.509375,63261718750.0,0.22871093750000002,3646.484375,16.640625,238.28125,472.65625,0.4802928314367889,0.2878840140298243,0.48165479229001584,0.27998738739754325,0.33916277397478045,0.18126184355156777,0.01190513877030585,0.0043139915665120895,0.033067633626146134,0.009573492502065392,0.021561289216417166,0.00803315186670193
220.8984375,56.7578125,80.2734375,3152343.75,0.509375,63261718750.0,0.22871093750000002,3646.484375,16.640625,238.28125,472.65625,0.7991382193516575,0.4789899568327615,0.7999247556644381,0.46498495047373856,0.56427604011882,0.3013791579235489,0.02022130682561666,0.007247234693881591,0.055313666747668126,0.016011603832742295,0.03594480901743605,0.013376710168309047
220.8984375,27.2265625,297.0703125,3152343.75,0.509375,63261718750.0,0.22871093750000002,3646.484375,16.640625,238.28125,472.65625,1.4351964607770586,0.8602885909931194,1.4369878432209902,0.8348620008525356,1.0197451279733956,0.5420452150081768,0.03686668600090608,0.013233183652633174,0.10119759688126004,0.02929153712656513,0.06578991388236931,0.024458037332905063
220.8984375,27.2265625,80.2734375,7753906.25,0.509375,63261718750.0,0.22871093750000002,3646.484375,16.640625,238.28125,472.65625,0.9430123191227636,0.5652273305254348,0.944083484094103,0.5487758365805935,0.665982457573038,0.35567209858606263,0.0238335903570639,0.0085490335052432,0.06527802447516069,0.018896161172019747,0.04243161037973201,0.015791711444036734
220.8984375,27.2265625,80.2734375,3152343.75,0.596875,63261718750.0,0.22871093750000002,3646.484375,16.640625,238.28125,472.65625,0.44923765614076583,0.26926626089907113,0.44974794389767664,0.26142900317727413,0.3172645703603263,0.16943712895724047,0.011353983455260341,0.004072637966953598,0.031097522395042106,0.009001862417739204,0.02021381566998116,0.0075229467226576325
220.8984375,27.2265625,80.2734375,3152343.75,0.509375,12214843750.0,0.22871093750000002,3646.484375,16.640625,238.28125,472.65625,1.9855620379762,1.1901158739494964,1.9878174321639233,1.1554763881416554,1.4022610934131101,0.7488863110258884,0.05018287808337855,0.018000439702832452,0.13744631399145796,0.039786861237979095,0.08934198744992726,0.033250279049505956
220.8984375,27.2265625,80.2734375,3152343.75,0.509375,63261718750.0,0.3447265625,3646.484375,16.640625,238.28125,472.65625,0.24016972554259164,0.14464010317661044,0.24046394025947182,0.14048237659892054,0.2593400781931627,0.15483272857927896,0.006072102493866217,0.0021795226872457826,0.01956697895756525,0.005664092793928895,0.012718804438571048,0.004733539165956022
220.8984375,27.2265625,80.2734375,3152343.75,0.509375,63261718750.0,0.22871093750000002,2064.453125,16.640625,238.28125,472.65625,1.9816252830003918,1.1858841731893834,2.0308950284652205,1.1067836885533007,2.448162786411899,0.90588774047322,0.1330052495596802,0.05087235013246513,0.4602289117696374,0.13199116767886024,0.3035224163310801,0.10243542046537919
220.8984375,27.2265625,80.2734375,3152343.75,0.509375,63261718750.0,0.22871093750000002,3646.484375,-4.921875,238.28125,472.65625,0.3832833960252973,0.2297387578355737,0.38394452244044114,0.22316222196914276,0.27074570702406103,0.1445983293709596,0.010059966351600606,0.0035450551613426602,0.026575767545748735,0.007690771826066046,0.01734742203999679,0.006441183808128211
220.8984375,27.2265625,80.2734375,3152343.75,0.509375,63261718750.0,0.22871093750000002,3646.484375,16.640625,433.59375,472.65625,0.38842439045184,0.2265197200947341,0.3834708849779353,0.2221140115647209,0.27192901847818224,0.14353079690837028,0.02009289597227006,0.006618461309863204,0.012743986829905688,0.0046120119220998635,0.017411573454935155,0.006398274892501049
220.8984375,27.2265625,80.2734375,3152343.75,0.509375,63261718750.0,0.22871093750000002,3646.484375,16.640625,238.28125,-144.53125,0.3953393700906982,0.23204739491455412,0.3959918243849972,0.22946950685164255,0.24775493853880337,0.14503053326667803,0.008381448992609973,0.0033400542364543625,0.024878625261342702,0.007241818965198818,0.099785577007312,0.027980589495860103
277.5390625,56.7578125,297.0703125,7753906.25,0.596875,12214843750.0,0.3447265625,2064.453125,-4.921875,433.59375,-144.53125,187.25177139229157,108.73930296244332,196.2132118401944,106.24291347829585,216.17231443733712,120.18816432638754,19.326702175632974,5.867232527584938,19.808009455234455,7.437945961331808,169.449249776226,47.507785030684346
95.8984375,72.2265625,205.2734375,12652343.75,0.909375,13761718750.0,0.3037109375,1396.484375,-13.359375,-261.71875,-27.34375,423.42482258978816,186.40388388037516,445.55158068467443,237.09992678388994,369.36702448482407,183.85105211368725,213.29426747976763,64.87681580611489,484.3423199456068,137.66785212804675,318.57002461502833,90.23049963041254
152.5390625,72.2265625,205.2734375,12652343.75,0.909375,13761718750.0,0.3037109375,1396.484375,-13.359375,-261.71875,-27.34375,668.9522942195063,295.26858249595165,707.1850934032856,376.5947119173585,584.8901152977189,292.2670964795667,337.2095878646116,102.48494682312088,767.2799113346111,218.00051564680479,511.03987215392726,144.68577483025283
95.8984375,11.7578125,205.2734375,12652343.75,0.909375,13761718750.0,0.3037109375,1396.484375,-13.359375,-261.71875,-27.34375,69.02139808576209,30.37519160622315,72.77258951378396,38.70767097384509,60.257219720805615,29.993149814154222,34.97094131239422,10.633546778393617,78.9607438241642,22.44455592309616,52.17563241462258,14.778903843970285
95.8984375,72.2265625,172.0703125,12652343.75,0.909375,13761718750.0,0.3037109375,1396.484375,-13.359375,-261.71875,-27.34375,351.7310836296398,155.2973170417394,369.8566940013602,197.14597508171832,306.849710384925,153.2325134522922,174.79601466549377,53.17746381477099,402.86139075453036,114.46022996655877,264.9645344360154,75.01339893687707
95.8984375,72.2265625,205.2734375,17253906.25,0.909375,13761718750.0,0.3037109375,1396.484375,-13.359375,-261.71875,-27.34375,577.4212538990719,254.19757798691472,607.5953479111474,323.3313913567279,503.7030401819906,250.71630045883194,290.8677923612638,88.47202698845615,660.4939880209153,187.7366171193524,434.4315525546712,123.04665540831496
95.8984375,72.2265625,205.2734375,12652343.75,0.996875,13761718750.0,0.3037109375,1396.484375,-13.359375,-261.71875,-27.34375,464.1667299180151,204.33965277608127,488.42252315605185,259.9136654435082,404.907494194704,201.54118771225504,233.81742723727098,71.11925856409158,530.945704682641,150.91424339809936,349.22281048863925,98.9124721034419
95.8984375,72.2265625,205.2734375,12652343.75,0.909375,61714843750.0,0.3037109375,1396.484375,-13.359375,-261.71875,-27.34375,94.41899170731212,41.565977777742994,99.35301087107464,52.870627385255034,82.3647083524296,40.99672489376037,47.56223206096724,14.466803094179554,108.00291114427323,30.69838869846881,71.03754647248212,20.12039054357512
95.8984375,72.2265625,205.2734375,12652343.75,0.909375,13761718750.0,0.2697265625,1396.484375,-13.359375,-261.71875,-27.34375,483.64953794771725,213.0166556400137,508.98877143437187,270.47427185942655,357.9652033033881,178.2482714347822,234.0351813892151,71.64993232760285,527.634428785708,149.97305733658533,347.0448607193282,98.29559832163407
95.8984375,72.2265625,205.2734375,12652343.75,0.909375,13761718750.0,0.3037109375,4314.453125,-13.359375,-261.71875,-27.34375,17.490304256586292,10.139480570695879,17.67810729087261,10.461881787638184,15.26250084146445,9.197041946540669,0.596004982601624,0.2209955818340393,4.200875057821309,1.1839126180225614,2.7543775271338027,0.7724112338392444
95.8984375,72.2265625,205.2734375,12652343.75,0.909375,13761718750.0,0.3037109375,1396.484375,25.078125,-261.71875,-27.34375,423.25021523348124,186.3975721287239,445.48085101168897,236.92146649512569,369.14151016184826,183.70850297253526,213.00400523877744,64.8037924327585,483.2874958824533,137.3797979746314,318.34839936556114,90.16835085966262
95.8984375,72.2265625,205.2734375,12652343.75,0.909375,13761718750.0,0.3037109375,1396.484375,-13.359375,-66.40625,-27.34375,483.66530468275073,245.0203333567091,495.1805918526611,258.0942795329564,416.1600350643277,229.91484834106825,234.43063516427912,68.19972318129064,517.3363986522764,145.7871626063343,493.25232369386964,138.84521732093205
95.8984375,72.2265625,205.2734375,12652343.75,0.909375,13761718750.0,0.3037109375,1396.484375,-13.359375,-261.71875,355.46875,441.0423796909477,175.88774214664778,477.8681138278869,232.69582266573505,404.4422581688294,177.27596030704183,100.73921333333543,40.56499322517831,688.7576228215307,193.6051836276902,53.3974979376743,20.51405177680778
152.5390625,11.7578125,172.0703125,17253906.25,0.996875,61714843750.0,0.2697265625,4314.453125,25.078125,-66.40625,355.46875,1.4704976882952079,0.8608886258390103,1.4694064544036285,0.8613178894399021,1.0873140702384756,0.6589118372001488,0.027283672204605692,0.010603837759802278,0.24509560820958295,0.06896250556512172,0.030029516202922286,0.011087418861634613
111.5234375,32.8515625,64.6484375,16214843.75,0.45937500000000003,7574218750.0,0.2568359375,2240.234375,-24.609375,50.78125,-89.84375,28.805452598267056,16.52203303105541,29.193551382871732,16.302770183425327,23.589083563056636,12.502296961087522,2.8165027546134853,0.9517762435943039,10.627495057555866,2.995906715803727,15.938681548420506,4.471325932998086
136.9140625,32.8515625,64.6484375,16214843.75,0.45937500000000003,7574218750.0,0.2568359375,2240.234375,-24.609375,50.78125,-89.84375,35.306885142112975,20.2546002237685,35.811340304653534,20.001034179518797,28.93451677279131,15.332800196770153,3.4537580680255524,1.1680778526163238,12.977555923026673,3.658503331507311,19.524598785484987,5.47729179829335
111.5234375,39.8828125,64.6484375,16214843.75,0.45937500000000003,7574218750.0,0.2568359375,2240.234375,-24.609375,50.78125,-89.84375,34.96842483014704,20.056901106072516,35.437210546442685,19.789649414312848,28.63385172580821,15.17655582403791,3.417374507249351,1.1548351785912443,12.902074807665294,3.637105811639024,19.345050989673947,5.426924097722339
111.5234375,32.8515625,281.4453125,16214843.75,0.45937500000000003,7574218750.0,0.2568359375,2240.234375,-24.609375,50.78125,-89.84375,129.0651245116989,73.89933847291177,130.83001761915608,72.84007586904076,105.90137713410044,55.97401899081858,13.51018811993135,4.5196966251493045,49.2968653987955,13.896578762741651,73.96341235668528,20.74975198119702
111.5234375,32.8515625,64.6484375,4191406.25,0.45937500000000003,7574218750.0,0.2568359375,2240.234375,-24.609375,50.78125,-89.84375,7.445977026726224,4.270812200029501,7.546297430455643,4.214134523443839,6.097587729019458,3.231742866597666,0.7280432319200845,0.24602647780695933,2.7471217048319545,0.7744177080359911,4.120020549615805,1.1558016685393753
111.5234375,32.8515625,64.6484375,16214843.75,0.34687500000000004,7574218750.0,0.2568359375,2240.234375,-24.609375,50.78125,-89.84375,21.751056043589415,12.475820860184701,22.044110227882747,12.310255036464024,17.812165139450933,9.440509950208947,2.1267469779734487,0.7186881839385562,8.024843206725858,2.2622152751987334,12.035330965133854,3.376307337161821
111.5234375,32.8515625,64.6484375,16214843.75,0.45937500000000003,43152343750.0,0.2568359375,2240.234375,-24.609375,50.78125,-89.84375,5.056012726354651,2.899992943533669,5.124132898650156,2.8615073219572476,4.140421202929919,2.19443774848816,0.49436035495569347,0.16705839923321766,1.8653673319997122,0.5258498345200893,2.7976014775402698,0.7848194970655643
111.5234375,32.8515625,64.6484375,16214843.75,0.45937500000000003,7574218750.0,0.2791015625,2240.234375,-24.609375,50.78125,-89.84375,26.633785118654647,15.299047273697555,26.99144392181918,15.089930685744852,23.29584977572814,12.779724948790433,2.6594110641314637,0.8928287707964251,10.12887520293162,2.8553450347103277,15.190871925029976,4.261540666139363
111.5234375,32.8515625,64.6484375,16214843.75,0.45937500000000003,7574218750.0,0.2568359375,2908.203125,-24.609375,50.78125,-89.84375,13.374930955751763,7.795668030216164,13.503968706064933,7.7484356300451465,10.052515740910687,5.748281835199087,0.6561931765936375,0.24075720405192108,3.1408899140058866,0.8853896476350218,4.699001566115977,1.317870810037813
111.5234375,32.8515625,64.6484375,16214843.75,0.45937500000000003,7574218750.0,0.2568359375,2240.234375,-8.671875,50.78125,-89.84375,28.795915019021876,16.51540881064059,29.203144345196655,16.30609823840501,23.567104745343645,12.49878889028003,2.8067591167425547,0.9482375144002175,10.633683937840637,2.9975924486671404,15.958403846092601,4.476858341767138
111.5234375,32.8515625,64.6484375,16214843.75,0.45937500000000003,7574218750.0,0.2568359375,2240.234375,-24.609375,246.09375,-89.84375,29.352629415163918,16.915236292348823,29.402929177315578,16.4069116863469,25.880416560802317,12.910305812191071,1.3014977174925149,0.5978379991099187,4.39983711481441,1.2923116247538113,17.05941289793444,4.782976020157597
111.5234375,32.8515625,64.6484375,16214843.75,0.45937500000000003,7574218750.0,0.2568359375,2240.234375,-24.609375,50.78125,-457.03125,28.54243551844381,15.415992450844934,27.73884121508557,13.248583981930274,19.552575138992214,10.294962922907297,3.668340496776332,1.464004345544739,7.46572485745003,2.110669422145738,19.860147061282674,5.601046018265436
136.9140625,39.8828125,281.4453125,4191406.25,0.34687500000000004,43152343750.0,0.2791015625,2908.203125,-8.671875,246.09375,-457.03125,2.7533321911862236,1.5768942531400871,2.71208870208773,1.4215294602005062,2.1098245939712474,1.2075524352226328,0.15173477456258277,0.06344320513002999,0.22455139905139118,0.06656446784205489,1.537047268838086,0.43258496374083033
236.5234375,77.8515625,189.6484375,6714843.75,0.859375,57074218750.0,0.33183593749999996,4490.234375,5.390625,-449.21875,410.15625,3.9278265007683224,2.224876858131334,4.03280811265621,2.337521737840055,3.956591894055008,2.3069116453162097,0.18078584604857073,0.07766287384559273,1.190560235324437,0.3355657037958153,0.0878317090202918,0.031031373940569172
261.9140625,77.8515625,189.6484375,6714843.75,0.859375,57074218750.0,0.33183593749999996,4490.234375,5.390625,-449.21875,410.15625,4.345784266990939,2.461875424035266,4.464417965025358,2.5877784770689156,4.378841067012157,2.553272058361139,0.20010875355309946,0.08598405648402739,1.3157471260612548,0.37084940636418656,0.09718510066466698,0.03432026431155807
236.5234375,84.8828125,189.6484375,6714843.75,0.859375,57074218750.0,0.33183593749999996,4490.234375,5.390625,-449.21875,410.15625,4.282453997614853,2.4257557793400712,4.3966746736763405,2.548438422640656,4.3136972800632805,2.515126049320069,0.19706982943161744,0.0846564397866182,1.2979991901516033,0.36584799440196475,0.09574670403524445,0.033829190886209747
236.5234375,77.8515625,156.4453125,6714843.75,0.859375,57074218750.0,0.33183593749999996,4490.234375,5.390625,-449.21875,410.15625,3.2367776742841197,1.8336347422026338,3.323144797693995,1.9263140155136416,3.260406529162349,1.9011240797260973,0.14874728900991527,0.06389971794728386,0.9797092141530421,0.27613603276739523,0.07227114381676385,0.025533884219105518
236.5234375,77.8515625,189.6484375,13691406.25,0.859375,57074218750.0,0.33183593749999996,4490.234375,5.390625,-449.21875,410.15625,8.008744552177411,4.5364708480222955,8.222799554892386,4.7661510710467665,8.067396503003373,4.703737822474295,0.3686180281560442,0.15835274742804098,2.4275239236836246,0.6842104664364936,0.17908675981158986,0.06327223133315589
236.5234375,77.8515625,189.6484375,6714843.75,0.746875,57074218750.0,0.33183593749999996,4490.234375,5.390625,-449.21875,410.15625,3.4136383043041056,1.9336202512486864,3.504876868817578,2.0315188921591747,3.4386380461059884,2.004915939020269,0.15711933529312144,0.06749609763307876,1.0347050772456015,0.2916371025716359,0.07633373983945363,0.02696908498834921
236.5234375,77.8515625,189.6484375,6714843.75,0.859375,92652343750.0,0.33183593749999996,4490.234375,5.390625,-449.21875,410.15625,2.4195570219117988,1.3705331495491766,2.4842261197360718,1.4399228513673021,2.4372766206011094,1.4210669104816873,0.1113648128764141,0.04784064462068196,0.7333899236192651,0.20670983170288199,0.05410468824551983,0.01911545194340639
236.5234375,77.8515625,189.6484375,6714843.75,0.859375,57074218750.0,0.2041015625,4490.234375,5.390625,-449.21875,410.15625,6.2477334295099745,3.5308804189520493,6.414688128686717,3.7068973920315926,3.2531605305081617,1.9417817681207044,0.2875118401072301,0.12351143703434131,1.5900057907737513,0.44815154780893457,0.11730017668342724,0.041442728219227926
236.5234375,77.8515625,189.6484375,6714843.75,0.859375,57074218750.0,0.33183593749999996,658.203125,5.390625,-449.21875,410.15625,473.56245260451374,152.44335699154203,606.5516296259085,198.0953930670173,369.38463116678315,128.51316573192196,273.0340654424477,125.12212170686404,207.88061982388612,82.28685665102647,93.10427481340298,28.63024192939046
236.5234375,77.8515625,189.6484375,6714843.75,0.859375,57074218750.0,0.33183593749999996,4490.234375,21.328125,-449.21875,410.15625,3.9290222932397842,2.225583880733046,4.031722008169922,2.337026579434597,3.956646573343812,2.3069993601271443,0.18271889716576628,0.07866248937780315,1.191258296315362,0.3357590879150928,0.08768590374140382,0.030823033993840378
236.5234375,77.8515625,189.6484375,6714843.75,0.859375,57074218750.0,0.33183593749999996,4490.234375,5.390625,-253.90625,410.15625,4.043807483336573,2.3326811418121887,4.071736675047606,2.3743107685497966,4.033678570494614,2.384002058661361,0.1278869633223393,0.054301342991461846,0.9528677981829089,0.26829124142827837,0.09039671255364602,0.032128061870481756
236.5234375,77.8515625,189.6484375,6714843.75,0.859375,57074218750.0,0.33183593749999996,4490.234375,5.390625,-449.21875,42.96875,3.924333409265742,2.2413512108091513,4.022029984685857,2.387776919527776,3.9494900970829327,2.337494838799445,0.13224894024491846,0.051789325063447085,1.1664759947725512,0.32903654617288575,0.49297017669837817,0.13843077125166534
261.9140625,84.8828125,156.4453125,13691406.25,0.746875,92652343750.0,0.2041015625,658.203125,21.328125,-253.90625,42.96875,970.5223220633846,384.5137544170244,1147.9154478562502,530.8110912846245,614.9161796965719,274.8773048583757,680.7176999018301,262.98869151642344,355.10770635647077,160.0802591940749,302.5425726787333,129.7366477571283
299.0234375,10.3515625,127.1484375,11464843.75,0.659375,81824218750.0,0.21933593750000002,3365.234375,20.390625,-199.21875,160.15625,1.4883484101239595,0.8411508834100139,1.507903250992091,0.8785649301257241,0.9221348987405937,0.5183234459593027,0.040535677296002916,0.01911300331149075,0.45456843972407956,0.1280300443161321,0.18606833576689594,0.0528340965491686
199.4140625,10.3515625,127.1484375,11464843.75,0.659375,81824218750.0,0.21933593750000002,3365.234375,20.390625,-199.21875,160.15625,0.9983106846167985,0.563836665378781,1.0082562623237084,0.5873182893833716,0.6181106491698174,0.3470756286556227,0.027590522565912462,0.012702569118486908,0.30688938660084203,0.08643835409870218,0.1237315341700623,0.03514655953096537
299.0234375,17.3828125,127.1484375,11464843.75,0.659375,81824218750.0,0.21933593750000002,3365.234375,20.390625,-199.21875,160.15625,2.4992766266598374,1.4124850243702425,2.532081332398467,1.4752931036293981,1.5484579175002608,0.8703769937451022,0.06805455415205368,0.03209204254727689,0.7633101560657267,0.2149877456788061,0.31242689130788964,0.0887137197458898
299.0234375,10.3515625,218.9453125,11464843.75,0.659375,81824218750.0,0.21933593750000002,3365.234375,20.390625,-199.21875,160.15625,2.576492824015802,1.455418432675722,2.6106183522541815,1.520682033576908,1.5984970126646334,0.8973849214903903,0.07070772515894587,0.03337180305101767,0.792406660846876,0.22318262264421868,0.32446275360704535,0.0921322479114509
299.0234375,10.3515625,127.1484375,18441406.25,0.659375,81824218750.0,0.21933593750000002,3365.234375,20.390625,-199.21875,160.15625,2.394035040611657,1.3530062421051705,2.4254893519365117,1.4131874054935412,1.483270479371156,0.8337325343692907,0.06520236201513797,0.030743607711600625,0.7311814664181875,0.2059386164280953,0.29929424639029506,0.08498458937261495
299.0234375,10.3515625,127.1484375,11464843.75,0.546875,81824218750.0,0.21933593750000002,3365.234375,20.390625,-199.21875,160.15625,1.2344121884914354,0.6976369886102011,1.2506306584057625,0.7286675960758373,0.7648038259696868,0.42988911394728896,0.03361963756777495,0.015852016964506548,0.37701173910764896,0.10618605571243181,0.15432207942752033,0.043819748322770156
299.0234375,10.3515625,127.1484375,11464843.75,0.659375,67902343750.0,0.21933593750000002,3365.234375,20.390625,-199.21875,160.15625,1.7935013603443928,1.0136102833106806,1.8170654891866378,1.058695253485793,1.111198281304678,0.6245942140314972,0.04884662212042648,0.023031702258861923,0.5477676527009316,0.15427977554449857,0.22421753605874525,0.06366656045650546
299.0234375,10.3515625,127.1484375,11464843.75,0.659375,81824218750.0,0.3166015625,3365.234375,20.390625,-199.21875,160.15625,1.050308919574356,0.5953685153735794,1.0641121407669663,0.6222718237914914,0.9810975907951491,0.5840631206025062,0.029511065259877813,0.01376485359174422,0.3663779277018169,0.10319102300324405,0.14996934523342803,0.042583789621276485
299.0234375,10.3515625,127.1484375,11464843.75,0.659375,81824218750.0,0.21933593750000002,1783.203125,20.390625,-199.21875,160.15625,9.198191123670417,4.522010382992231,9.61711993917153,5.250893232507413,6.721904341924723,3.1845215950286447,1.3290047488036087,0.48181304388777424,8.061816021898368,2.2690594868423957,3.5679863453247616,1.0137547098884867
299.0234375,10.3515625,127.1484375,11464843.75,0.659375,81824218750.0,0.21933593750000002,3365.234375,-23.671875,-199.21875,160.15625,1.4889515257570674,0.8412968252264889,1.5076038681957957,0.8782536276615194,0.9239414832343662,0.5184632259613103,0.04493290339403876,0.018413264562167693,0.45310928099349557,0.1276335607205258,0.180116400771475,0.05121335392783577
299.0234375,10.3515625,127.1484375,11464843.75,0.659375,81824218750.0,0.21933593750000002,3365.234375,20.390625,496.09375,160.15625,1.5096992873056965,0.87101818314994,1.5179436708405534,0.889382396825779,1.0410714739946545,0.5406011749167967,0.05885160589564467,0.018599226086633877,0.10894238626619436,0.034050561641558834,0.20162918996516407,0.05707284674211972
299.0234375,10.3515625,127.1484375,11464843.75,0.659375,81824218750.0,0.21933593750000002,3365.234375,20.390625,-199.21875,292.96875,1.4893032678549776,0.8372407318035648,1.5105906931724264,0.8671393262687003,0.9382220099288047,0.5157175895528737,0.05751272502445436,0.023207032426230886,0.46030911014875325,0.12959413074976384,0.07997265810537314,0.025746943328334958
199.4140625,17.3828125,218.9453125,18441406.25,0.546875,67902343750.0,0.3166015625,1783.203125,-23.671875,496.09375,292.96875,25.113488116871203,12.291468462499793,25.83671565128426,12.701487777596139,39.58700785537915,14.598917729070807,3.387173403876668,1.0949485508493866,7.963558725545949,2.333467406602088,6.208605248487848,1.8246061178540796
174.0234375,55.3515625,252.1484375,1964843.75,0.259375,32324218750.0,0.2943359375,1115.234375,-9.609375,300.78125,-339.84375,30.937198607862577,15.151156031968005,31.031199440367118,12.885309520719801,24.56666275688619,10.785114607937087,7.068037188428206,2.6678363929585514,4.21598078730842,1.60229466197036,33.39810901302383,9.536497038873142
74.4140625,55.3515625,252.1484375,1964843.75,0.259375,32324218750.0,0.2943359375,1115.234375,-9.609375,300.78125,-339.84375,13.61808536880521,6.635808796817329,13.390326539781379,5.577952122465302,10.653286687663861,4.684556134472266,3.125772392725313,1.2028693872255447,1.9230886807408971,0.7445950121257748,14.546409897690303,4.152949582208771
174.0234375,62.3828125,252.1484375,1964843.75,0.259375,32324218750.0,0.2943359375,1115.234375,-9.609375,300.78125,-339.84375,34.85985318820714,17.07557110227783,34.94239780937605,14.513883916646336,27.670788474306335,12.15061259328204,7.960879928851991,3.0062931732754694,4.747115412366446,1.8072522331736083,37.67610052682837,10.756997238616345
174.0234375,55.3515625,93.9453125,1964843.75,0.259375,32324218750.0,0.2943359375,1115.234375,-9.609375,300.78125,-339.84375,10.760296165990008,5.371330054625805,10.769778353105487,4.503902551390467,8.57531354514449,3.8042524814032777,2.366650622568663,0.8899636028736608,1.3257615980554276,0.5403212352074949,12.59011300050779,3.5782536944048866
174.0234375,55.3515625,252.1484375,8941406.25,0.259375,32324218750.0,0.2943359375,1115.234375,-9.609375,300.78125,-339.84375,140.78578054353366,68.94830249935342,141.21354973956323,58.63712424041276,111.79540964316594,49.07977601902184,32.16448732467626,12.140511935352134,19.185646167294177,7.291555628727942,151.98463525012232,43.39769726039884
174.0234375,55.3515625,252.1484375,1964843.75,0.9468750000000001,32324218750.0,0.2943359375,1115.234375,-9.609375,300.78125,-339.84375,112.93941178532968,55.310846719112114,113.28257145097876,47.03914198527831,89.68311825706644,39.3721653759631,25.802593591490925,9.739209964655917,15.390869621137965,5.84934075393999,121.92321724031589,34.81395906962123
174.0234375,55.3515625,252.1484375,1964843.75,0.259375,18402343750.0,0.2943359375,1115.234375,-9.609375,300.78125,-339.84375,54.34203321589108,26.613418841973093,54.50714824220716,22.63339764040678,43.1520132271775,18.94434798995529,12.415200113403397,4.6861273937024,7.405485250472763,2.814474278880223,58.664689467792854,16.75111717186908
174.0234375,55.3515625,252.1484375,1964843.75,0.259375,32324218750.0,0.2416015625,1115.234375,-9.609375,300.78125,-339.84375,37.27168914073736,18.138148789011765,37.369261598502185,15.336865608106958,22.733596894252997,10.019652180381264,8.508495008943072,3.188033240748052,4.727874153094644,1.7968410911112165,37.45322010011361,10.694393579041124
174.0234375,55.3515625,252.1484375,1964843.75,0.259375,32324218750.0,0.2943359375,4033.203125,-9.609375,300.78125,-339.84375,0.7314238625659185,0.4297882345678656,0.7268056668180569,0.4163306374666445,0.6071893018719778,0.36285746865826063,0.02260615546657985,0.007605289208199361,0.02110210684893112,0.006996947678666194,0.22206678870865063,0.062362465496348864
174.0234375,55.3515625,252.1484375,1964843.75,0.259375,32324218750.0,0.2943359375,1115.234375,6.328125,300.78125,-339.84375,30.983491952109503,15.143706466857791,31.106530060596114,12.89628810396736,24.624261064730668,10.804045346246735,7.075267967034431,2.7235908449813278,4.195973623355425,1.6589634001356535,33.22197397903717,9.487431689697523
174.0234375,55.3515625,252.1484375,1964843.75,0.259375,32324218750.0,0.2943359375,1115.234375,-9.609375,-3.90625,-339.84375,33.17875764810621,14.36978810795405,33.17000348061837,12.472212568505821,28.177882321537513,11.006390010873828,13.566102948731281,4.704574368521553,11.78169598016589,3.43841624201151,24.09687805432398,6.98847869446613
174.0234375,55.3515625,252.1484375,1964843.75,0.259375,32324218750.0,0.2943359375,1115.234375,-9.609375,300.78125,-207.03125,33.11591618295876,17.07357577377109,32.68039793592297,15.268474190722467,27.681084364051895,12.298749288076268,6.824661704916467,2.710921987611913,4.783951757928647,2.092229079667169,48.00872174971348,13.534056361211269
74.4140625,62.3828125,93.9453125,8941406.25,0.9468750000000001,18402343750.0,0.2416015625,4033.203125,6.328125,-3.90625,-207.03125,4.596872220933557,2.693945179988274,4.600031544720816,2.6700702938030645,2.935286330163146,1.7793599410401104,0.15823821585965586,0.06072260579495173,0.6692858132634976,0.18851447549056988,1.0620033600579692,0.29795071352847363
142.7734375,21.6015625,220.8984375,4339843.75,0.359375,19949218750.0,0.2005859375,2802.734375,27.890625,-324.21875,35.15625,3.811928631243167,2.047997842262005,3.8969832155590782,2.2626419198098953,2.131781041643402,1.1789290732779816,0.3023724233950079,0.10985969311883484,1.8264020861692718,0.5153554483274683,0.9318000360164539,0.26193458120525354
105.6640625,21.6015625,220.8984375,4339843.75,0.359375,19949218750.0,0.2005859375,2802.734375,27.890625,-324.21875,35.15625,2.825079592400159,1.5173712270707316,2.8864850562505087,1.6757943191031797,1.5798020134672546,0.8733966230619209,0.2251485984088921,0.08166564138619103,1.355341430136049,0.38243951811523885,0.6891791664898487,0.19373839063685558
142.7734375,28.6328125,220.8984375,4339843.75,0.359375,19949218750.0,0.2005859375,2802.734375,27.890625,-324.21875,35.15625,5.052564227727218,2.7145498327600692,5.16517456995502,2.9989738951760057,2.825591613480724,1.562609608691673,0.40078715793177544,0.14560973988935977,2.420711002315763,0.6830515325353703,1.234849413478669,0.3471238557592208
142.7734375,21.6015625,125.1953125,4339843.75,0.359375,19949218750.0,0.2005859375,2802.734375,27.890625,-324.21875,35.15625,2.144413088581571,1.1535360594709119,2.19168139090854,1.2729857010519274,1.1993130191378887,0.6634600341538115,0.16750777471713474,0.060969158638274276,1.0183599577020894,0.2873452223513813,0.5194874133758006,0.14602619907113484
142.7734375,21.6015625,220.8984375,6566406.25,0.359375,19949218750.0,0.2005859375,2802.734375,27.890625,-324.21875,35.15625,5.767643590566846,3.098725808139001,5.89633554037337,3.4234933098113722,3.225494087311035,1.7837801729795566,0.4575049898532928,0.16622335205469074,2.7634400601715092,0.7797592336979966,1.4098612606153553,0.3963204599514232
142.7734375,21.6015625,220.8984375,4339843.75,0.846875,19949218750.0,0.2005859375,2802.734375,27.890625,-324.21875,35.15625,8.982892687538248,4.826151436982638,9.183325664491395,5.3319648718998405,5.0235883676988005,2.7781719900724613,0.7125471890438881,0.25888675508873255,4.3039562204510675,1.2144463173629905,2.195807041395296,0.6172545348402061
142.7734375,21.6015625,220.8984375,4339843.75,0.359375,6027343750.0,0.2005859375,2802.734375,27.890625,-324.21875,35.15625,12.616668515721878,6.778434854460181,12.89818099926132,7.488860845410977,7.055739325776317,3.9020030960665273,1.0007880533235938,0.3636120886311663,6.045000294275095,1.7057163153651205,3.0840588359922427,0.8669474440798637
142.7734375,21.6015625,220.8984375,4339843.75,0.359375,19949218750.0,0.2603515625,2802.734375,27.890625,-324.21875,35.15625,3.2033233240931396,1.7235702328292979,3.274813804247065,1.9057267930664765,2.287528534205116,1.3498203161901796,0.2647129120520306,0.0946213682370612,1.6586077637366603,0.4680089637176998,0.8461941571850314,0.2378702550046689
142.7734375,21.6015625,220.8984375,4339843.75,0.359375,19949218750.0,0.2005859375,2345.703125,27.890625,-324.21875,35.15625,6.302253163149799,3.2379354097948414,6.504494206368934,3.726375946801686,3.518755421448247,1.9235317964414003,0.7741505136307099,0.27027827321987297,3.985220574138801,1.1251073550812267,2.0397891034476823,0.5739328871334812
142.7734375,21.6015625,220.8984375,4339843.75,0.359375,19949218750.0,0.2005859375,2802.734375,-1.171875,-324.21875,35.15625,3.810589897287326,2.047433513698128,3.899543170275345,2.264108025311958,2.1358109929847733,1.1795958520653045,0.30450215895287075,0.11027584122302693,1.823479362191828,0.5145377238429075,0.9291829069030667,0.2612127897300139
142.7734375,21.6015625,220.8984375,4339843.75,0.359375,19949218750.0,0.2005859375,2802.734375,27.890625,121.09375,35.15625,4.083209751704426,2.3846082338754404,4.086746493805278,2.3805315269277503,2.8022649205844594,1.3607266546544048,0.12685373653670562,0.045170160339037,0.8040288964294124,0.22712817621554418,1.136169128555528,0.3189234069251382
142.7734375,21.6015625,220.8984375,4339843.75,0.359375,19949218750.0,0.2005859375,2802.734375,27.890625,-324.21875,-332.03125,3.7320437508515267,1.9981261706297242,3.934454471473071,2.074871403819214,1.9327661420073183,1.0792068186196515,0.5328693933299529,0.22196305753135104,1.5307718075002044,0.4330348141201271,1.5892576580230051,0.44721791541526423
105.6640625,28.6328125,125.1953125,6566406.25,0.846875,6027343750.0,0.2603515625,2345.703125,-1.171875,121.09375,-332.03125,37.435297498006896,21.07693968139499,37.37580577446882,19.223140755082284,26.461029796633227,15.047855297123407,3.3077399731874713,1.3540181602419976,8.507679557456845,2.410260981970774,24.639352497211398,6.929277660575452
267.7734375,66.6015625,95.8984375,13839843.75,0.7593750000000001,69449218750.0,0.2755859375,552.734375,-2.109375,175.78125,-464.84375,1009.7664505726926,389.5988776584952,750.8960081480616,243.41329722484593,679.8747808120041,216.7040980773262,264.5267094373868,107.15667131619142,139.08008859793028,39.635290107721595,416.6305392300377,134.36391483264785
230.6640625,66.6015625,95.8984375,13839843.75,0.7593750000000001,69449218750.0,0.2755859375,552.734375,-2.109375,175.78125,-464.84375,915.5309259043349,351.7165155280967,654.8014215644481,212.26559735555503,607.3365427338773,193.39818171168852,236.8812883556391,98.04476325848312,138.44434984921995,39.366405855417575,373.0713270426127,120.2401005307689
267.7734375,73.6328125,95.8984375,13839843.75,0.7593750000000001,69449218750.0,0.2755859375,552.734375,-2.109375,175.78125,-464.84375,1116.0056152130755,430.7501931681432,831.27794575796,269.374256935094,752.2261574572657,239.93367291473825,292.58306500582114,118.40647257171314,153.7844225269471,43.83715354082831,458.2103429739611,148.00612017840248
267.7734375,66.6015625,250.1953125,13839843.75,0.7593750000000001,69449218750.0,0.2755859375,552.734375,-2.109375,175.78125,-464.84375,3009.571760323669,1127.5068578286848,1794.2540663697666,619.351134079908,1811.126104126508,557.0717082296003,746.0999517227356,330.760213674674,432.53414262585386,121.95827588095385,1516.855856889899,458.43203204329217
267.7734375,66.6015625,95.8984375,16066406.25,0.7593750000000001,69449218750.0,0.2755859375,552.734375,-2.109375,175.78125,-464.84375,1172.2182927478086,452.27778261625485,871.7006157248032,282.57377687998627,789.253450036628,251.56758549027455,307.0839277211323,124.39610192590892,161.45537804213583,46.01183974401888,483.65831438135626,155.98046336626604
267.7734375,66.6015625,95.8984375,13839843.75,0.446875,69449218750.0,0.2755859375,552.734375,-2.109375,175.78125,-464.84375,594.2247013658233,229.27012142043134,441.88530520647254,143.24321606235787,400.09092039554156,127.52545689324135,155.6679812738531,63.059275712820465,81.84548423664212,23.324471133350563,245.1776424275531,79.07012272044709
267.7734375,66.6015625,95.8984375,13839843.75,0.7593750000000001,55527343750.0,0.2755859375,552.734375,-2.109375,175.78125,-464.84375,1262.936174796476,487.2795248603859,939.1614582387891,304.44213938519414,850.333712842534,271.0363812674487,330.8491288840871,134.02310653046553,173.9503971285686,49.57269242526783,521.0885935259121,168.05177923388297
267.7734375,66.6015625,95.8984375,13839843.75,0.7593750000000001,69449218750.0,0.3353515625,552.734375,-2.109375,175.78125,-464.84375,777.0093405825216,299.6742021948472,576.4025997818011,188.44375071340247,689.6134553516703,218.04654246695728,203.37317655823907,82.7312987508888,116.42688685152018,33.179540531063125,348.77024553855,112.47887793897179
267.7734375,66.6015625,95.8984375,13839843.75,0.7593750000000001,69449218750.0,0.2755859375,4595.703125,-2.109375,175.78125,-464.84375,3.561382899414206,2.1000787488705357,3.5426021024494,2.018352015033128,2.7020146303654973,1.6040959000986732,0.0991196135545037,0.03736866119693249,0.2139313438720672,0.06083969655167782,0.9435752087026918,0.2652301111084836
267.7734375,66.6015625,95.8984375,13839843.75,0.7593750000000001,69449218750.0,0.2755859375,552.734375,28.828125,175.78125,-464.84375,1119.6535725472634,416.0950082414512,828.0937951307883,261.11631556301467,765.066567868229,239.91177396407878,277.175142963283,117.53867253895986,104.78689362768567,33.11766946015305,406.1295650693115,132.30952852439924
267.7734375,66.6015625,95.8984375,13839843.75,0.7593750000000001,69449218750.0,0.2755859375,552.734375,-2.109375,-378.90625,-464.84375,220.16739787553442,76.77405074112275,567.1530207403885,175.67905068276582,262.63820630941734,76.58935400382022,388.13296235202836,181.4865473408368,203.9107663935608,58.47673828708647,145.85123204942053,43.41451146819123
267.7734375,66.6015625,95.8984375,13839843.75,0.7593750000000001,69449218750.0,0.2755859375,552.734375,-2.109375,175.78125,167.96875,2453.8472159583166,846.5570979819835,7803.06198605062,2249.5911764929533,5621.543862815582,1618.788905075954,3582.387637655205,1002.2389232555776,424.7384831365436,183.7522568675231,1311.7700930868289,390.2727319949748
230.6640625,73.6328125,250.1953125,16066406.25,0.446875,55527343750.0,0.3353515625,4595.703125,28.828125,-378.90625,167.96875,5.7040271021879985,3.277410347735232,5.815639768003549,3.4353143849180663,5.816546274976552,3.444023769598726,0.1423564335219502,0.058975467031137964,1.527079945005963,0.43044443580864095,0.450936124117771,0.12820825862430635
205.2734375,44.1015625,283.3984375,9089843.75,0.9593750000000001,94199218750.0,0.2380859375,1677.734375,-17.109375,425.78125,-214.84375,71.01172458023414,39.76358545271772,73.62088840838531,36.416993893901854,50.661503784867165,26.461029037282117,11.63775063100309,3.5292381510202175,8.051966717217715,3.1948232959427414,80.29159029862774,22.533441957237223
293.1640625,44.1015625,283.3984375,9089843.75,0.9593750000000001,94199218750.0,0.2380859375,1677.734375,-17.109375,425.78125,-214.84375,99.39357354764486,55.60215844787295,104.19433856946763,51.63880661846268,69.97621366423046,37.097192687637616,15.953793953409068,4.836717190392908,12.213715384155469,4.609257001188851,111.98071309495604,31.429714495011602
205.2734375,51.1328125,283.3984375,9089843.75,0.9593750000000001,94199218750.0,0.2380859375,1677.734375,-17.109375,425.78125,-214.84375,82.32374188981917,46.09984716422532,85.3321900597468,42.21431486787651,58.77363431131098,30.681150026853,13.489119383377165,4.090399363993391,9.31872239462535,3.7003028790923715,93.05106130039478,26.114254300499564
205.2734375,44.1015625,62.6953125,9089843.75,0.9593750000000001,94199218750.0,0.2380859375,1677.734375,-17.109375,425.78125,-214.84375,15.011403929312147,8.428472803047796,15.524215073206523,7.779769330804899,11.190631726649642,5.687180871093335,2.3361188946651334,0.7030682659608852,1.6143347013262674,0.6398503745577954,16.240137683528815,4.5572645442592234
205.2734375,44.1015625,283.3984375,11316406.25,0.9593750000000001,94199218750.0,0.2380859375,1677.734375,-17.109375,425.78125,-214.84375,88.40608771333832,49.50369877805038,91.65436773489137,45.337357675390486,63.07106852804476,32.942673451227456,14.488424399663066,4.393727083586407,10.024300635917374,3.977397115748226,99.95906192313045,28.053021637351193
205.2734375,44.1015625,283.3984375,9089843.75,0.6468750000000001,94199218750.0,0.2380859375,1677.734375,-17.109375,425.78125,-214.84375,47.88086966810577,26.81127748766309,49.64014299848783,24.554780899145552,34.15938528816777,17.84180133784169,7.84695237986202,2.379649176746531,5.429176255583283,2.1541642418897315,54.137977823504706,15.193558583544316
205.2734375,44.1015625,283.3984375,9089843.75,0.9593750000000001,80277343750.0,0.2380859375,1677.734375,-17.109375,425.78125,-214.84375,83.32673535362494,46.6594746334625,86.38838615971058,42.73250974412161,59.447334133233014,31.0499593807629,13.655995156763153,4.141286458656636,9.448356643749948,3.748876637713941,94.21593596668812,26.441241438313245
205.2734375,44.1015625,283.3984375,9089843.75,0.9593750000000001,94199218750.0,0.22285156250000002,1677.734375,-17.109375,425.78125,-214.84375,74.21415361690237,41.47137979027266,76.94076312434603,38.058661968302594,50.7555074085434,25.719426073817594,12.16068638798128,3.6826063092426566,8.250505380460968,3.2735985776535506,82.2713532022023,23.08905272931021
205.2734375,44.1015625,283.3984375,9089843.75,0.9593750000000001,94199218750.0,0.2380859375,3470.703125,-17.109375,425.78125,-214.84375,8.577602225840034,5.015418706825352,8.649696469344093,4.955755312049752,5.661052899925937,3.3038324966505286,0.38913140791054096,0.1126209238695596,0.25671230928412314,0.10314587832579904,2.750170142091867,0.7715041590705969
205.2734375,44.1015625,283.3984375,9089843.75,0.9593750000000001,94199218750.0,0.2380859375,1677.734375,-16.171875,425.78125,-214.84375,71.00632918261728,39.75961131960049,73.63267884257804,36.42110555225474,50.63858592045028,26.45821812199632,11.64309861641296,3.5302494538176905,8.000730589929631,3.1842218625259626,80.29956260193084,22.535702906702138
205.2734375,44.1015625,283.3984375,9089843.75,0.9593750000000001,94199218750.0,0.2380859375,1677.734375,-17.109375,371.09375,-214.84375,73.39774292452448,40.867743986444914,74.42406468151017,36.82673103141707,51.2240634351062,26.976255628623836,10.529034015165816,3.1578525583616424,5.201626692832257,2.091783419348183,80.72561575102567,22.657870638349767
205.2734375,44.1015625,283.3984375,9089843.75,0.9593750000000001,94199218750.0,0.2380859375,1677.734375,-17.109375,425.78125,417.96875,92.52855577016402,43.00789523168655,95.49732375941188,41.99117829461994,139.45132179299253,44.20320235025186,12.449224232831996,4.2809365652102755,13.668438258639767,4.3386155087516824,7.874209663368956,3.3494447640267264
293.1640625,51.1328125,62.6953125,11316406.25,0.6468750000000001,80277343750.0,0.22285156250000002,3470.703125,-16.171875,371.09375,417.96875,3.1754839329386373,1.870934273828951,3.1679226883488147,1.8420130685075387,2.253109430099406,1.1613269772703603,0.14668505283172312,0.047316965665127386,0.06206526501475216,0.02282549440629349,0.09630458265299963,0.037191255284925805
80.2734375,89.1015625,158.3984375,18589843.75,0.559375,44699218750.0,0.31308593749999997,3927.734375,12.890625,-74.21875,285.15625,5.006460930277946,2.917605549648548,5.008117617338778,2.9369296992638696,4.5700336847718575,2.750987301523911,0.09356410500718859,0.035338120975289704,1.072183786859994,0.3017265993873627,0.24561915003446205,0.07767996401744262
168.1640625,89.1015625,158.3984375,18589843.75,0.559375,44699218750.0,0.31308593749999997,3927.734375,12.890625,-74.21875,285.15625,10.46688040358808,6.100490315714403,10.483453555603614,6.148137692842461,9.56041087540222,5.7552043684497285,0.19825950968469788,0.074839359584559,2.235700184550601,0.6291510390317635,0.5153414300917879,0.16284788396240404
80.2734375,96.1328125,158.3984375,18589843.75,0.559375,44699218750.0,0.31308593749999997,3927.734375,12.890625,-74.21875,285.15625,5.4012879359243655,3.1477027894682004,5.4026712506288534,3.1683215651556513,4.9302573790613895,2.9678247745145483,0.10083707228915087,0.03808659188764338,1.1566531439744303,0.325497540367298,0.2648715981931708,0.083772949103343
80.2734375,89.1015625,187.6953125,18589843.75,0.559375,44699218750.0,0.31308593749999997,3927.734375,12.890625,-74.21875,285.15625,5.940080718110772,3.4614593038795136,5.942050144374612,3.484440292180991,5.422281853967292,3.2639865243296122,0.11121904593623408,0.04200754922106075,1.2744071810730322,0.35863475035310133,0.29194474394306835,0.09233098117891099
80.2734375,89.1015625,158.3984375,1816406.25,0.559375,44699218750.0,0.31308593749999997,3927.734375,12.890625,-74.21875,285.15625,0.48917930922026576,0.2850780795517073,0.4893411834550393,0.28696623453618386,0.44653617638556714,0.26879787669859606,0.009142111541992572,0.0034528737662344417,0.10476265200460119,0.029481586197756596,0.02399934960412374,0.007590078434148102
80.2734375,89.1015625,158.3984375,18589843.75,0.246875,44699218750.0,0.31308593749999997,3927.734375,12.890625,-74.21875,285.15625,2.209555382636635,1.2876583152080188,2.210286546199796,1.2961868505131044,2.0169422407652338,1.214122887264743,0.04129365528250219,0.015596153949988192,0.47319843107228776,0.1331642533609031,0.10840174778057264,0.03428333607473724
80.2734375,89.1015625,158.3984375,18589843.75,0.559375,30777343750.0,0.31308593749999997,3927.734375,12.890625,-74.21875,285.15625,7.2710918168765755,4.237360109738335,7.273497892525401,4.265425377418004,6.637250343297928,3.9953734853836926,0.1358870483052745,0.05132302555149639,1.557177189115231,0.4382101125510333,0.35672292598608324,0.1128178484898586
80.2734375,89.1015625,158.3984375,18589843.75,0.559375,44699218750.0,0.2978515625,3927.734375,12.890625,-74.21875,285.15625,5.351574351266325,3.1172480395653666,5.353345179856687,3.137707563326996,4.547145434513378,2.7452303627561845,0.10001326405383727,0.037746198550194364,1.1212513923390057,0.31553486800949987,0.25685970757663196,0.0812349234140908
80.2734375,89.1015625,158.3984375,18589843.75,0.559375,44699218750.0,0.31308593749999997,1220.703125,12.890625,-74.21875,285.15625,158.45752878498402,66.6861431927104,197.83520822530744,85.88131399776286,168.47631032044907,76.10713293049861,42.141442602453886,14.292916943818218,298.07533901585316,83.49215885162093,67.8286003347806,20.26037851045604
80.2734375,89.1015625,158.3984375,18589843.75,0.559375,44699218750.0,0.31308593749999997,3927.734375,13.828125,-74.21875,285.15625,5.006457404186651,2.9176034828809345,5.008121115388193,2.9369315587138285,4.570033671913401,2.750987269973704,0.09355767022757258,0.035335807230551707,1.0721812861546203,0.3017259064380641,0.24561592616834016,0.07767922606482865
80.2734375,89.1015625,158.3984375,18589843.75,0.559375,44699218750.0,0.31308593749999997,3927.734375,12.890625,-128.90625,285.15625,4.992309946042643,2.8894167171411524,5.003399376871457,2.9272942900298102,4.561406950137226,2.731298081449081,0.11088264051094184,0.04334048957042583,1.1894174949850682,0.33477626357424717,0.2426373435169889,0.07685786700031147
80.2734375,89.1015625,158.3984375,18589843.75,0.559375,44699218750.0,0.31308593749999997,3927.734375,12.890625,-74.21875,-82.03125,4.977658583289707,2.9213407480565947,5.015837099925608,2.9435383698996547,4.5407912722843795,2.7450478021064866,0.16741167402278598,0.06205787760230567,1.0206620536926228,0.2874313504272307,1.0762288076658215,0.30176084838308803
168.1640625,96.1328125,187.6953125,1816406.25,0.246875,30777343750.0,0.2978515625,1220.703125,13.828125,-128.90625,-82.03125,25.293103733030396,11.775677875177864,26.436049195408206,12.948594265123749,22.111987230410026,10.477969186726007,16.11543037525712,4.757212801092117,25.696710466746755,7.300464399877777,24.884284544690566,7.046181392108695
72.4609375,46.9140625,181.8359375,2558593.75,0.634375,72542968750.0,0.2896484375,1818.359375,7.265625,457.03125,253.90625,3.213905730756794,1.6346073031609993,3.16206405686677,1.655740827251934,4.723278357546628,1.7378501528331582,0.3759663930700084,0.11805364934052857,0.6548420702665544,0.20143994606810978,1.0125710146917855,0.29034740385164404
82.2265625,46.9140625,181.8359375,2558593.75,0.634375,72542968750.0,0.2896484375,1818.359375,7.265625,457.03125,253.90625,3.642612891822779,1.853529723009837,3.586755582541951,1.8784027494187052,5.354455078250275,1.9706155770114897,0.42616638689156816,0.13381324374500012,0.7411861931294843,0.22805231014898794,1.1480128987085179,0.32919433416543603
72.4609375,14.5703125,181.8359375,2558593.75,0.634375,72542968750.0,0.2896484375,1818.359375,7.265625,457.03125,253.90625,0.9987171007882247,0.5078363246687255,0.9835845988198104,0.5147243716874478,1.4688339689081265,0.5402458219764309,0.11687075206498246,0.036702322940674555,0.20349742620620798,0.06259964687910677,0.3153641309015473,0.090423575668249
72.4609375,46.9140625,226.7578125,2558593.75,0.634375,72542968750.0,0.2896484375,1818.359375,7.265625,457.03125,253.90625,4.085909623591249,2.06267039308543,4.0176615386274666,2.0891617927266273,6.0290336009241745,2.2047572365942827,0.4788406025682087,0.15056834360623236,0.84556898764224,0.25948559621880707,1.307659834161238,0.3746702589226139
72.4609375,46.9140625,181.8359375,13097656.25,0.634375,72542968750.0,0.2896484375,1818.359375,7.265625,457.03125,253.90625,16.452253305690896,8.367692041982949,16.186871423930203,8.47587632637517,24.17885852344099,8.89620085870165,1.9246035358225015,0.6043265438760187,3.3521915444332184,1.0311879987272856,5.183436049254288,1.4863127406329197
72.4609375,46.9140625,181.8359375,2558593.75,0.871875,72542968750.0,0.2896484375,1818.359375,7.265625,457.03125,253.90625,4.4171413737987475,2.246578510255757,4.34589099441295,2.275624092627042,6.491599318992656,2.3884738553716804,0.5167222840715879,0.16225107470939637,0.9000046187407323,0.2768558864679932,1.391661640881814,0.3990488949488113
72.4609375,46.9140625,181.8359375,2558593.75,0.634375,46246093750.0,0.2896484375,1818.359375,7.265625,457.03125,253.90625,5.041426077023771,2.564092594560598,4.960105718394527,2.5972432555870992,7.409071912999277,2.7260423336653927,0.5897518274941402,0.18518239056533117,1.027204332031437,0.3159845627528395,1.5883483667405318,0.45544738887818914
72.4609375,46.9140625,181.8359375,2558593.75,0.634375,72542968750.0,0.3212890625,1818.359375,7.265625,457.03125,253.90625,2.871118100808681,1.4343337373685923,2.8241820464290823,1.4521504154226155,4.416161701061937,1.681231085027615,0.3273958301419226,0.10289528525982114,0.5965638864505585,0.1835126400230614,0.9224564628015309,0.26450770884659397
72.4609375,46.9140625,181.8359375,2558593.75,0.634375,72542968750.0,0.2896484375,3611.328125,7.265625,457.03125,253.90625,0.3735305170995317,0.21823611959384567,0.37347264261314245,0.21928486634350794,0.32610348748668744,0.1872699794738337,0.015206934545128427,0.0046218204969506104,0.018550426993280345,0.006195827889047636,0.028604969294113766,0.008461055680589746
72.4609375,46.9140625,181.8359375,2558593.75,0.634375,72542968750.0,0.2896484375,1818.359375,-29.296875,457.03125,253.90625,3.2147869210497526,1.6350512029036512,3.160626660426116,1.6554393144351003,4.722735540078053,1.7378071099150358,0.3765931557628921,0.11821692482642891,0.6570123356130083,0.20199113860901394,1.0129268877434192,0.29043026836974895
72.4609375,46.9140625,181.8359375,2558593.75,0.634375,72542968750.0,0.2896484375,1818.359375,7.265625,-285.15625,253.90625,2.5999844615307413,1.1991950740125539,2.7844812059377566,1.466348859816679,2.20914371719653,1.1631676680941354,0.3322152999663305,0.15098677710317876,2.8027271371790268,0.7891849858751431,0.5714688368835167,0.17236391632798284
72.4609375,46.9140625,181.8359375,2558593.75,0.634375,72542968750.0,0.2896484375,1818.359375,7.265625,457.03125,-175.78125,2.6996715467113956,1.5396440363432582,2.8030695510644303,1.4546370113552396,2.6074309737045334,1.3434689012916867,0.38172836802342763,0.11986779444219399,0.4293942575903871,0.14738741668479308,2.8094676521221733,0.7878263672558584
82.2265625,14.5703125,226.7578125,13097656.25,0.871875,46246093750.0,0.3212890625,3611.328125,-29.296875,-285.15625,-175.78125,1.5199424190828605,0.8639404463776554,1.560670189669883,0.8965121120716383,1.4602114429485813,0.8534855672826287,0.10646808653015123,0.04118069160100843,0.5113893761483734,0.14427684888418293,0.4391649784996146,0.1232373383581735
197.4609375,91.9140625,56.8359375,12058593.75,0.234375,23042968750.0,0.2146484375,4068.359375,-22.734375,-42.96875,-246.09375,3.0360831298811926,1.7705202692583346,3.0452372703039003,1.7554751235900103,1.665738934951412,1.0097650440638621,0.12169617549841014,0.046591843204252505,0.45431601630161467,0.12796527401263538,0.6986622939158147,0.19608116016827834
207.2265625,91.9140625,56.8359375,12058593.75,0.234375,23042968750.0,0.2146484375,4068.359375,-22.734375,-42.96875,-246.09375,3.185235115027312,1.857540123843288,3.1953593928311403,1.8420450136926378,1.7477119805216206,1.0594682168990623,0.12786069307658518,0.04896023406682471,0.47630438259203595,0.13415892668261464,0.7328964194630907,0.205688979398242
197.4609375,59.5703125,56.8359375,12058593.75,0.234375,23042968750.0,0.2146484375,4068.359375,-22.734375,-42.96875,-246.09375,1.968082016799594,1.1477027859477031,1.9744185158551766,1.1381621913619662,1.0798942614089764,0.654630799045062,0.07909114009453312,0.030288738806471344,0.29445661182792054,0.0829386643787758,0.45314747336003186,0.12717694001790078
197.4609375,91.9140625,101.7578125,12058593.75,0.234375,23042968750.0,0.2146484375,4068.359375,-22.734375,-42.96875,-246.09375,5.440288165297561,3.172420750007016,5.456711948897644,3.1454268038071405,2.9848136015309223,1.8093596382496402,0.21831230847173613,0.08358990658298966,0.8149081787612277,0.2295321413813478,1.2532028200863246,0.3517147085364513
197.4609375,91.9140625,56.8359375,3597656.25,0.234375,23042968750.0,0.2146484375,4068.359375,-22.734375,-42.96875,-246.09375,0.9058090581861284,0.5282310229954409,0.9085401768545164,0.523742335220732,0.496969730835844,0.3012612910861085,0.03630779968708639,0.013900579070656484,0.1355442342124351,0.038178172130106,0.208444435599762,0.05850040444281968
197.4609375,91.9140625,56.8359375,12058593.75,0.47187500000000004,23042968750.0,0.2146484375,4068.359375,-22.734375,-42.96875,-246.09375,6.112647368160802,3.564647475440114,6.1310777042118545,3.5343565821612213,3.3536877223688437,2.0329936220485756,0.24501496667013262,0.09380491098456173,0.9146895794872513,0.2576367516787726,1.4066400850838405,0.39477673580546707
197.4609375,91.9140625,56.8359375,12058593.75,0.234375,95746093750.0,0.2146484375,4068.359375,-22.734375,-42.96875,-246.09375,0.7306864013369164,0.42610660798641087,0.7328895050190816,0.422485731061869,0.40088915088239485,0.2430175837351688,0.029288308892543018,0.011213140347675964,0.10933907960357495,0.030797076879790143,0.16814527648033092,0.047190353875103994
197.4609375,91.9140625,56.8359375,12058593.75,0.234375,23042968750.0,0.2462890625,4068.359375,-22.734375,-42.96875,-246.09375,2.7698464281780786,1.6163634153157354,2.7781982749763734,1.602491031142203,1.8161167204789421,1.0916698928163049,0.11102980353559254,0.04274999809616452,0.43186147629107763,0.12164059853967461,0.6641309547825465,0.186389861384332
197.4609375,91.9140625,56.8359375,12058593.75,0.234375,23042968750.0,0.2146484375,1361.328125,-22.734375,-42.96875,-246.09375,73.56561875031953,35.50161178121158,75.45984297339508,33.21313051480314,41.502656037002865,19.02038868823281,27.891532022313793,9.076795207743682,41.11015091745642,11.664867477904943,65.49163240753408,18.492111211520932
197.4609375,91.9140625,56.8359375,12058593.75,0.234375,23042968750.0,0.2146484375,4068.359375,0.703125,-42.96875,-246.09375,3.035265563956363,1.7699625798303644,3.046056146832825,1.7558096486809722,1.6657392968895361,1.0096574525523745,0.12005644948928952,0.045897220869079755,0.45501701234672626,0.12816039996904352,0.6996582880995139,0.1963609081232757
197.4609375,91.9140625,56.8359375,12058593.75,0.234375,23042968750.0,0.2146484375,4068.359375,-22.734375,214.84375,-246.09375,3.060668917545321,1.7999307061299517,3.0462669804944116,1.7647202224314609,1.6959092296787808,1.024206940740925,0.06605517585145211,0.026972542954663798,0.1758086567094852,0.05057188717003185,0.7212391297628499,0.20237989880090218
197.4609375,91.9140625,56.8359375,12058593.75,0.234375,23042968750.0,0.2146484375,4068.359375,-22.734375,-42.96875,324.21875,3.0417269111117644,1.777545611248964,3.0425679002954795,1.7798969608611093,1.8031623316783287,1.0306680888187443,0.050417574333917234,0.018781729518187563,0.4958839595081164,0.13953761984594584,0.07486154525917701,0.028768539255219532
207.2265625,59.5703125,101.7578125,3597656.25,0.47187500000000004,95746093750.0,0.2462890625,1361.328125,0.703125,214.84375,324.21875,16.46333679830583,7.373323542064329,18.67417128947022,7.5183394841664315,28.567589964885165,8.77776435703225,1.089146362372029,0.40205999250769303,9.524154031900334,2.6857274420669257,4.217314777236647,1.2745062707858181
259.9609375,24.4140625,244.3359375,7308593.75,0.434375,47792968750.0,0.3271484375,2943.359375,-7.734375,-292.96875,-496.09375,4.001527469531135,2.152498062517661,4.101006515621327,2.0972991299098407,3.9465514995366746,2.101867167742202,0.6101401126174215,0.26541028034982816,1.5799023306559619,0.44703631264197274,2.1412425499336405,0.6037171201927474
269.7265625,24.4140625,244.3359375,7308593.75,0.434375,47792968750.0,0.3271484375,2943.359375,-7.734375,-292.96875,-496.09375,4.1487010975644525,2.2319649083241426,4.253948847336173,2.175655024602582,4.092726092085183,2.179940185050114,0.6322411428500639,0.2751149902665832,1.6362796483464492,0.46298690491779015,2.220752135318508,0.6261319433196725
259.9609375,37.0703125,244.3359375,7308593.75,0.434375,47792968750.0,0.3271484375,2943.359375,-7.734375,-292.96875,-496.09375,6.075653520848938,3.2682253644902426,6.226198305330759,3.1842337210341207,5.991937910272696,3.191266799980046,0.9262366898501502,0.40290389382151265,2.3989132972641882,0.6787760829631931,3.2505609090138656,0.9164855178206409
259.9609375,24.4140625,289.2578125,7308593.75,0.434375,47792968750.0,0.3271484375,2943.359375,-7.734375,-292.96875,-496.09375,4.7599049670630915,2.55856876736275,4.879143381432591,2.4924473192326424,4.695007933777496,2.4979178602389362,0.7312507911290353,0.3178220922131838,1.885976268132384,0.5336689993953834,2.556487828848671,0.7208238989501862
259.9609375,24.4140625,244.3359375,8347656.25,0.434375,47792968750.0,0.3271484375,2943.359375,-7.734375,-292.96875,-496.09375,4.570424480164637,2.458518631534068,4.684046458515646,2.39547206874256,4.507632578572888,2.4006895443426433,0.696883709600978,0.3031436499773291,1.8045169858962,0.5105914484852463,2.445662923147082,0.6895475605835925
259.9609375,24.4140625,244.3359375,7308593.75,0.671875,47792968750.0,0.3271484375,2943.359375,-7.734375,-292.96875,-496.09375,6.1894129924402455,3.329403477994943,6.343283459414282,3.2440238340332064,6.104378218707805,3.251089504061679,0.9437419008111197,0.4105266926274319,2.4437338207987898,0.6914590447339867,3.311993872199517,0.9338070564132425
259.9609375,24.4140625,244.3359375,7308593.75,0.434375,70996093750.0,0.3271484375,2943.359375,-7.734375,-292.96875,-496.09375,2.6937380241933115,1.4490131386466893,2.7607050739272037,1.411854462417986,2.656729441366229,1.4149295624388354,0.4107325599930758,0.17866821348446474,1.063554608834976,0.300934761220057,1.441436181482151,0.4064087463855992
259.9609375,24.4140625,244.3359375,7308593.75,0.434375,47792968750.0,0.2837890625,2943.359375,-7.734375,-292.96875,-496.09375,4.841288691509152,2.60125146754509,4.961624375911292,2.5358550810388665,3.8936286067496226,2.084446729016014,0.7267887896770553,0.3172713166537207,1.79592037424292,0.5081590211762103,2.434011930360955,0.6862625969943693
259.9609375,24.4140625,244.3359375,7308593.75,0.434375,47792968750.0,0.3271484375,2486.328125,-7.734375,-292.96875,-496.09375,6.409010839039919,3.318356123818516,6.631377609884788,3.2009565260764115,6.355630573324087,3.211120215694602,1.3550716601053339,0.5725584258335782,3.016442185794636,0.8555238975717939,4.115770549021552,1.1625011411073227
259.9609375,24.4140625,244.3359375,7308593.75,0.434375,47792968750.0,0.3271484375,2943.359375,-14.296875,-292.96875,-496.09375,4.003172043485667,2.1538109052388337,4.100264700258293,2.0975877463748978,3.9469943961992726,2.1028501006378693,0.6112483639830624,0.2663439649534611,1.579106938243809,0.44681078690801435,2.1393311501726284,0.6031693765204822
259.9609375,24.4140625,244.3359375,7308593.75,0.434375,47792968750.0,0.3271484375,2943.359375,-7.734375,-35.15625,-496.09375,4.238002296327995,2.3551743435777754,4.1782177709100985,2.1523535211249367,4.099788368835206,2.239984339224226,0.44139566421812554,0.1738625106486643,1.0714540376760928,0.3023440047857831,2.3828692178362285,0.6713789966440568
259.9609375,24.4140625,244.3359375,7308593.75,0.434375,47792968750.0,0.3271484375,2943.359375,-7.734375,-292.96875,74.21875,4.118892832694373,2.255358219637737,4.22044156900099,2.4614434039758817,4.062231633046079,2.3739691412588235,0.27696131009162395,0.09928790069885517,2.0847712740608446,0.5879133904324678,0.997014708614386,0.2807067143592544
269.7265625,37.0703125,289.2578125,8347656.25,0.671875,70996093750.0,0.2837890625,2486.328125,-14.296875,-35.15625,74.21875,19.045911526665897,10.853847002256114,19.085769482691735,11.208440617548806,17.607390334509823,9.477305029982576,1.3315824877323148,0.41677272428844275,8.184385126803498,2.303943932321606,6.462826089113661,1.8182153307292925
134.9609375,69.4140625,119.3359375,16808593.75,0.8343750000000001,97292968750.0,0.2521484375,693.359375,22.265625,207.03125,3.90625,639.1733288914373,285.2531432663847,1008.289850915114,376.1976430596381,664.7544303363833,253.94077329598957,766.8250575967248,220.74738305178587,340.0403446781965,105.67579361101015,799.9685320761702,229.46302229468782
144.7265625,69.4140625,119.3359375,16808593.75,0.8343750000000001,97292968750.0,0.2521484375,693.359375,22.265625,207.03125,3.90625,680.3667427647663,303.2476825662558,1067.8131265649395,400.14536294658154,709.9759146220871,271.2122886089254,808.9628419973947,232.9739165001591,360.87234979898346,112.14373373033064,849.6113551780695,243.78372547791128
134.9609375,82.0703125,119.3359375,16808593.75,0.8343750000000001,97292968750.0,0.2521484375,693.359375,22.265625,207.03125,3.90625,753.8725621118571,337.92206770171623,1203.0548824425082,446.503871883491,788.5487513485667,300.46069429607724,917.058390769084,263.7178977871545,409.939351842557,126.87622579146365,964.0685885507883,276.13529491700973
134.9609375,69.4140625,164.2578125,16808593.75,0.8343750000000001,97292968750.0,0.2521484375,693.359375,22.265625,207.03125,3.90625,921.8671575040929,401.82237924627515,1377.1511364862686,522.8058546049218,916.1216715114537,355.1409649503385,1044.552695364073,302.4683577383988,423.945201046146,136.41417708137678,997.1986504600495,289.07395792433914
134.9609375,69.4140625,119.3359375,17847656.25,0.8343750000000001,97292968750.0,0.2521484375,693.359375,22.265625,207.03125,3.90625,678.685321799902,302.8867328803421,1070.6196441624813,399.4531794421303,705.8477788070965,269.6387155913029,814.2281404042379,234.39339836477103,361.06073317096906,112.20838973011976,849.4204562063726,243.64781521367155
134.9609375,69.4140625,119.3359375,16808593.75,0.27187500000000003,97292968750.0,0.2521484375,693.359375,22.265625,207.03125,3.90625,208.26996109945708,92.94765342387818,328.54388400604836,122.58125448010681,216.60537617702377,82.74474635487302,249.86434461016873,71.92892256743586,110.79966287267075,34.43368555864376,260.66390371021276,74.76884996119043
134.9609375,69.4140625,119.3359375,16808593.75,0.8343750000000001,21496093750.0,0.2521484375,693.359375,22.265625,207.03125,3.90625,2892.947501853358,1291.0776011876876,4563.597186397011,1702.6993813713257,3008.7295286913136,1149.3554134986757,3470.709015003021,999.1195838035308,1539.0486761584298,478.296745678617,3620.7189221190565,1038.567235379573
134.9609375,69.4140625,119.3359375,16808593.75,0.8343750000000001,97292968750.0,0.2087890625,693.359375,22.265625,207.03125,3.90625,724.3791667115535,320.5263455970559,1075.8617459593736,412.6153566436236,724.4131218768763,254.80843917710203,822.8875870037539,237.67282306213636,364.5560399922355,113.29464119419494,857.6434083081609,246.00648729363928
134.9609375,69.4140625,119.3359375,16808593.75,0.8343750000000001,97292968750.0,0.2521484375,4736.328125,22.265625,207.03125,3.90625,2.231873491689186,1.3287276725512827,2.231502168244955,1.3261292513270415,1.5058480828218033,0.9245950398666692,0.01566260677032186,0.007852375290148504,0.11350665085002042,0.032475405799776896,0.26592857427227223,0.07456337913537586
134.9609375,69.4140625,119.3359375,16808593.75,0.8343750000000001,97292968750.0,0.2521484375,693.359375,15.703125,207.03125,3.90625,637.8794019326032,287.28537737205966,1026.094323552769,380.16568214736395,665.2140714039457,254.06322161272092,753.9861074593592,217.2838113392636,331.85643684539724,103.54147471162047,806.4632156564032,231.26769693342476
134.9609375,69.4140625,119.3359375,16808593.75,0.8343750000000001,97292968750.0,0.2521484375,693.359375,22.265625,464.84375,3.90625,890.6224860718048,312.11748073684754,1490.4552399317568,471.6189921459164,729.4960244256142,246.36347506998507,488.5955007848239,148.01179516031547,204.4888419353313,72.26462368716207,1076.972923969786,303.6698083152511
134.9609375,69.4140625,119.3359375,16808593.75,0.8343750000000001,97292968750.0,0.2521484375,693.359375,22.265625,207.03125,-425.78125,472.35351476753925,200.8078991895341,431.3399614103629,143.66418600371298,314.9580183443333,113.8189761298213,127.63357665535584,54.20941629698359,84.34235742090493,25.181346183522724,117.36876914706549,55.01299632027772
144.7265625,82.0703125,164.2578125,17847656.25,0.27187500000000003,21496093750.0,0.2087890625,4736.328125,15.703125,464.84375,-425.78125,6.779885289891096,4.002709673909224,6.754248379411688,3.898401839906891,3.5660833031995733,2.1658111178394703,0.26920379352868534,0.08263316696579358,0.17661722995956625,0.05946176659419271,1.5303971491529926,0.42992915012790195
166.2109375,13.1640625,88.0859375,19183593.75,0.934375,60167968750.0,0.3458984375,3505.859375,-0.234375,-167.96875,-371.09375,1.2613787274869819,0.7144325252129606,1.27345990657976,0.7029115968618092,1.3420124678765353,0.763548345898143,0.10008983734594679,0.04133954688935211,0.35536837455803916,0.10023423880929297,0.5028829808594946,0.1413849868625919
113.4765625,13.1640625,88.0859375,19183593.75,0.934375,60167968750.0,0.3458984375,3505.859375,-0.234375,-167.96875,-371.09375,0.8626431470354412,0.4885249875600882,0.8699203336112324,0.48014401108974086,0.9172679815316351,0.5218488923881148,0.06850633942445805,0.028303296694746707,0.24356207975854183,0.0686985715747052,0.3437082547850477,0.09663340686728542
166.2109375,48.3203125,88.0859375,19183593.75,0.934375,60167968750.0,0.3458984375,3505.859375,-0.234375,-167.96875,-371.09375,4.629656171492996,2.6222173000104028,4.673203783376048,2.5795604199561577,4.925185425466621,2.8022903544157076,0.3672493030907433,0.15167884147640776,1.3042720689249039,0.3678790242848225,1.8449269724814608,0.5186987290049448
166.2109375,13.1640625,70.5078125,19183593.75,0.934375,60167968750.0,0.3458984375,3505.859375,-0.234375,-167.96875,-371.09375,1.009229889617017,0.5716398150496386,1.0188896864481438,0.5624280625836735,1.073740821679743,0.6109404614916496,0.08003831276564784,0.033054791611579544,0.2842030985973287,0.08016141366834206,0.4021749277771712,0.11307086504706737
166.2109375,13.1640625,88.0859375,15472656.25,0.934375,60167968750.0,0.3458984375,3505.859375,-0.234375,-167.96875,-371.09375,1.0173734757841446,0.5762303466439701,1.0271176318392239,0.5669380645835118,1.0824091601015995,0.6158450413566574,0.08072812985691206,0.03334268890831271,0.28662474681824324,0.08084459782602514,0.4056036422692848,0.114035009766387
166.2109375,13.1640625,88.0859375,19183593.75,0.371875,60167968750.0,0.3458984375,3505.859375,-0.234375,-167.96875,-371.09375,0.5020202962239158,0.28433936622188066,0.5068285246922789,0.2797541138011882,0.534111985542835,0.30388713432066555,0.03983508576644705,0.01645286314325385,0.14143423602811592,0.03989255658296276,0.20014406261632053,0.056270279052335906
166.2109375,13.1640625,88.0859375,19183593.75,0.934375,9121093750.0,0.3458984375,3505.859375,-0.234375,-167.96875,-371.09375,8.320777961234253,4.712806931843784,8.40047235162657,4.636808276857578,8.85268438659626,5.0368030714642815,0.6602500062696438,0.27269937504783326,2.3442137358961355,0.661202561190381,3.3173047341236805,0.9326565107685238
166.2109375,13.1640625,88.0859375,19183593.75,0.934375,60167968750.0,0.2275390625,3505.859375,-0.234375,-167.96875,-371.09375,2.033667076434103,1.1481294567455045,2.053138983205548,1.130435796823918,1.2069998888196543,0.7015156909111554,0.16132915632126912,0.06475783562721191,0.4852523776796335,0.13686896806056065,0.6866822700815122,0.19305995118052197
166.2109375,13.1640625,88.0859375,19183593.75,0.934375,60167968750.0,0.3458984375,1923.828125,-0.234375,-167.96875,-371.09375,7.070806615393446,3.5553943694261454,7.292531411712482,3.374858053492468,7.623263983286731,3.70150692891707,1.9613899352015693,0.7090327763419751,4.010439480386503,1.1374582280512116,5.739753673512076,1.6207941014296607
166.2109375,13.1640625,88.0859375,19183593.75,0.934375,60167968750.0,0.3458984375,3505.859375,-21.796875,-167.96875,-371.09375,1.2617796875288274,0.7147392317008429,1.2731161598802412,0.7028462815460893,1.3420428930715969,0.7637087012897172,0.10070342682080292,0.04166165723795043,0.3549516445242951,0.10011772709111763,0.5021990432980543,0.1411919677289154
166.2109375,13.1640625,88.0859375,19183593.75,0.934375,60167968750.0,0.3458984375,3505.859375,-0.234375,-410.15625,-371.09375,1.1878621444339137,0.6576628861017322,1.2486245020659543,0.6849705298382914,1.2898524179485784,0.721086463796393,0.1339644541129058,0.05729109646164007,0.47163162659107855,0.13331737618289924,0.46031172817211735,0.12946035363014505
166.2109375,13.1640625,88.0859375,19183593.75,0.934375,60167968750.0,0.3458984375,3505.859375,-0.234375,-167.96875,-50.78125,1.2633385812827167,0.7293622159219194,1.2804372581904968,0.7502600604524448,1.338129468386427,0.8012990217977847,0.06284045572121717,0.02235785640128175,0.3965936358347439,0.11175170744698165,0.3241710376463677,0.09092062613559963
113.4765625,48.3203125,70.5078125,15472656.25,0.371875,9121093750.0,0.2275390625,1923.828125,-21.796875,-410.15625,-50.78125,41.87390079780224,19.772276112450207,46.23070410312188,25.572757842242098,25.599762752340908,13.88898774679207,10.670761958590687,3.627812826190023,36.16870558950465,10.256810186187627,20.324623433605293,5.72297789526435
291.2109375,58.1640625,213.0859375,9683593.75,0.534375,10667968750.0,0.2708984375,1255.859375,29.765625,332.03125,128.90625,1722.360432807945,712.9731309185019,1223.991930125641,648.8386561628657,2436.9126358117774,791.1806967384233,140.80898136729942,47.29578563413722,431.91120606965836,130.1773605500052,1875.747656345233,525.1162410117751
238.4765625,58.1640625,213.0859375,9683593.75,0.534375,10667968750.0,0.2708984375,1255.859375,29.765625,332.03125,128.90625,1499.6229444884636,606.4863555857569,1017.4554009666198,537.858791300521,2096.3126503477683,674.6121757347257,122.32941041914566,42.29962515520696,331.44622890028563,101.53002007874801,1611.9702360859246,451.1952169069719
291.2109375,93.3203125,213.0859375,9683593.75,0.534375,10667968750.0,0.2708984375,1255.859375,29.765625,332.03125,128.90625,2755.110076845011,1141.3034757133937,1968.6607214303397,1039.2893854065749,3907.5967830390014,1268.0231565510362,225.34495172717138,75.49521700216017,667.7057090256721,202.1616552834701,2961.9403034200577,829.2329491857301
291.2109375,58.1640625,195.5078125,9683593.75,0.534375,10667968750.0,0.2708984375,1255.859375,29.765625,332.03125,128.90625,1556.894920473107,647.5289985396757,1119.4709076842787,591.8846275240536,2210.8004687764774,718.6527071377297,127.11368130330378,42.4966232998161,381.84835259748365,115.44300389573718,1674.6159854263385,468.8439909805969
291.2109375,58.1640625,213.0859375,5972656.25,0.534375,10667968750.0,0.2708984375,1255.859375,29.765625,332.03125,128.90625,1062.319121324465,439.74825218813606,754.9349177741448,400.19132927511964,1503.0413151094021,487.98518971885807,86.84829871343321,29.17114007042993,266.3946083422783,80.29091741870027,1156.925440319428,323.8816992767261
291.2109375,58.1640625,213.0859375,9683593.75,0.7718750000000001,10667968750.0,0.2708984375,1255.859375,29.765625,332.03125,128.90625,2487.853958500365,1029.8500779933913,1767.9883435148145,937.2113922352503,3519.98491839479,1142.8165619555002,203.3907508638771,68.31613480486487,623.8717421006178,188.03396523889637,2709.413281387559,758.5012370170083
291.2109375,58.1640625,213.0859375,9683593.75,0.534375,58621093750.0,0.2708984375,1255.859375,29.765625,332.03125,128.90625,313.4381516624574,129.74809225950744,222.7441834592607,118.07678883059812,443.47360621056606,143.9804413135626,25.62466369788065,8.606969452044295,78.59995360673265,23.689902822820297,341.35182577989156,95.5615682150435
291.2109375,58.1640625,213.0859375,9683593.75,0.534375,10667968750.0,0.30253906249999996,1255.859375,29.765625,332.03125,128.90625,1573.821136934688,639.8395126723095,1114.4267129612397,578.2089898610355,2282.7886617380304,760.9821278643605,124.49334414471502,41.93772465251899,398.83720672426966,120.2089089860953,1732.110547869583,484.9049800687668
291.2109375,58.1640625,213.0859375,9683593.75,0.534375,10667968750.0,0.2708984375,4173.828125,29.765625,332.03125,128.90625,32.90754597104128,19.590176363186764,32.85911386865324,19.637382652192453,24.9216390102461,15.146764701891698,0.4722644873823492,0.1537307365344261,0.5430507747720072,0.22706819514938578,3.541771595669973,0.9989534870067065
291.2109375,58.1640625,213.0859375,9683593.75,0.534375,10667968750.0,0.2708984375,1255.859375,8.203125,332.03125,128.90625,1673.0166164173797,701.4187305643225,1221.1273183446795,653.7893880438959,2384.9815498191147,779.4009270429398,147.0240825886106,50.889864498257225,285.9348843684578,92.82196254284155,1929.2671564454329,540.071520978701
291.2109375,58.1640625,213.0859375,9683593.75,0.534375,10667968750.0,0.2708984375,1255.859375,29.765625,89.84375,128.90625,1082.538665545302,607.4227770779366,1103.7643955784824,620.6491480116815,1478.8989056657445,583.058820449176,457.3937588334455,130.0017771952431,1415.4452922930705,397.2546547842599,1458.7459820543581,409.6989838055443
291.2109375,58.1640625,213.0859375,9683593.75,0.534375,10667968750.0,0.2708984375,1255.859375,29.765625,332.03125,449.21875,2075.5877044295953,744.8953749710045,2228.726365604532,742.6119329351857,3763.282581276652,1098.9713833816127,187.75841712141812,85.18803274863443,251.58407323148478,81.00789705137025,561.0198593481351,166.50139847082224
238.4765625,93.3203125,195.5078125,5972656.25,0.7718750000000001,58621093750.0,0.30253906249999996,4173.828125,8.203125,89.84375,449.21875,5.64118974384121,3.348823038546069,5.624958672999199,3.2910308887651873,4.892496345171097,2.9727674580033976,0.09606787201675945,0.0327640045968589,0.6889668323162269,0.19414703737411432,0.15280207166809284,0.06673434153395175
228.7109375,35.6640625,150.5859375,14433593.75,0.334375,35417968750.0,0.30839843749999996,2380.859375,14.765625,82.03125,378.90625,14.057128459917045,8.155161159234694,14.092352618168727,7.998200668311998,16.65287649316341,7.969615247430171,0.5210086997666509,0.18778016564235545,5.394479940713316,1.518108144779988,0.8947069742465422,0.312241882157737
175.9765625,35.6640625,150.5859375,14433593.75,0.334375,35417968750.0,0.30839843749999996,2380.859375,14.765625,82.03125,378.90625,10.872433528067239,6.306332648192426,10.86538573509769,6.165978772149653,12.882570246524983,6.156689096041471,0.39646534518132404,0.14316092650032836,4.208896307810766,1.1844370543978184,0.6916933632048972,0.24099139610058617
228.7109375,25.8203125,150.5859375,14433593.75,0.334375,35417968750.0,0.30839843749999996,2380.859375,14.765625,82.03125,378.90625,10.1777525470488,5.90455907505338,10.204157618784398,5.791422280344546,12.058704131751501,5.770594021145867,0.3775003353424092,0.1360524637598868,3.906179895270334,1.0992716421079558,0.6479466741740437,0.22614149485449034
228.7109375,35.6640625,133.0078125,14433593.75,0.334375,35417968750.0,0.30839843749999996,2380.859375,14.765625,82.03125,378.90625,12.395749241000074,7.191680715167421,12.426737541047226,7.053161710703809,14.668842371647449,7.025963729113693,0.4584078649802677,0.16521768326670772,4.743683214646345,1.3349758230102886,0.7875270706574333,0.27478572758456377
228.7109375,35.6640625,150.5859375,1222656.25,0.334375,35417968750.0,0.30839843749999996,2380.859375,14.765625,82.03125,378.90625,1.1907662267805237,0.6908160873722488,1.193750032337432,0.6775201107392843,1.4106496190419884,0.6750986664264259,0.044134160494441584,0.015906682502315906,0.45696135898329293,0.12859752349557135,0.07578979240572874,0.02644971829915336
228.7109375,35.6640625,150.5859375,14433593.75,0.571875,35417968750.0,0.30839843749999996,2380.859375,14.765625,82.03125,378.90625,24.04163091742822,13.947612076074293,24.101874103970825,13.679165628982208,28.481087834101917,13.630276544670297,0.8910709538065152,0.3211567318930006,9.226073169631189,2.5963905653713817,1.5301997783842733,0.5340211629426717
228.7109375,35.6640625,150.5859375,14433593.75,0.334375,83371093750.0,0.30839843749999996,2380.859375,14.765625,82.03125,378.90625,5.9717932692717905,3.4645010650227697,5.986757306326938,3.3978206184503064,7.074527065713003,3.3856768705640894,0.22133654503978936,0.07977335716062584,2.291699837063563,0.6449274492208289,0.38009221456652764,0.13264757276503777
228.7109375,35.6640625,150.5859375,14433593.75,0.334375,35417968750.0,0.2650390625,2380.859375,14.765625,82.03125,378.90625,16.664347302905238,9.632021297097767,16.70609481937544,9.436905982778502,17.464022181121738,7.896222831777397,0.6175045075465458,0.22257164866718718,6.018687992571426,1.6937720341590525,0.9982356375312649,0.3483721299503383
228.7109375,35.6640625,150.5859375,14433593.75,0.334375,35417968750.0,0.30839843749999996,3048.828125,14.765625,82.03125,378.90625,6.807617435769117,3.994198081294576,6.818255020007415,3.9307530762110936,6.795098769834988,3.7449506324418436,0.15952677081049577,0.05746340573997574,1.5795123020113013,0.4449135508096397,0.2864632802516441,0.09806513433379538
228.7109375,35.6640625,150.5859375,14433593.75,0.334375,35417968750.0,0.30839843749999996,2380.859375,-6.796875,82.03125,378.90625,14.05233779493597,8.150367562016276,14.099916042704956,8.000273001470282,16.65654840494619,7.968888167958739,0.48586833392383755,0.17716415305829825,5.386983170522036,1.516065685232855,0.8952725912614684,0.31084528907945225
228.7109375,35.6640625,150.5859375,14433593.75,0.334375,35417968750.0,0.30839843749999996,2380.859375,14.765625,-160.15625,378.90625,13.917336777803618,7.413101626806293,14.047417658791609,7.727716210179481,13.981203427940372,7.287854605784855,1.0871640525904385,0.43560530944626485,8.66119252206277,2.4352542783797557,0.8689650431527054,0.29812798105000454
228.7109375,35.6640625,150.5859375,14433593.75,0.334375,35417968750.0,0.30839843749999996,2380.859375,14.765625,82.03125,199.21875,14.117877629765003,8.288977946622765,14.275089960695205,8.351005826396335,16.101898853582316,8.117997191780146,0.466578541838817,0.15248158438732728,5.276507730779452,1.4861018304528308,3.527779869783957,1.0088017726793315
175.9765625,25.8203125,133.0078125,1222656.25,0.571875,83371093750.0,0.2650390625,3048.828125,-6.796875,-160.15625,199.21875,0.24400233899652918,0.1369378907353229,0.2463162427399405,0.1423787112184167,0.18891095045894446,0.10728032798853195,0.0072289946276679505,0.0034100459940714653,0.08982572901451882,0.025290907525244388,0.031972555025127344,0.00919406124563349
103.7109375,80.6640625,275.5859375,4933593.75,0.734375,84917968750.0,0.2333984375,4630.859375,-15.234375,-417.96875,-121.09375,1.4765507942890306,0.8499710024625708,1.5147289577209213,0.8906210402667467,0.909978427708652,0.5465762439300641,0.06406557890564553,0.025553080808358324,0.34666812334395963,0.0977967173929806,0.2234765178344423,0.06266475606264578
50.9765625,80.6640625,275.5859375,4933593.75,0.734375,84917968750.0,0.2333984375,4630.859375,-15.234375,-417.96875,-121.09375,0.7261214923180942,0.4179696270440874,0.7446815971615212,0.43784255710815234,0.44743469451251017,0.2687409238097708,0.031475304994946385,0.012548300977884458,0.1706142021208957,0.04813107128014599,0.10992259937868692,0.03082327523591718
103.7109375,70.8203125,275.5859375,4933593.75,0.734375,84917968750.0,0.2333984375,4630.859375,-15.234375,-417.96875,-121.09375,1.29641171691802,0.7462734697682314,1.3300091591487375,0.7820095010167749,0.7989840354518984,0.4799090113211262,0.056271388238165736,0.022446001943345284,0.3043822475787956,0.0858677092287326,0.19623764793247642,0.05502674587443115
103.7109375,80.6640625,258.0078125,4933593.75,0.734375,84917968750.0,0.2333984375,4630.859375,-15.234375,-417.96875,-121.09375,1.3812550970843647,0.7951638489430604,1.416923524052709,0.8331445692494773,0.8512361749338359,0.5113050445191762,0.05985219057122837,0.023874043522824632,0.32395670575114155,0.091389479363488,0.20883569762935295,0.05855925655336248
103.7109375,80.6640625,275.5859375,10722656.25,0.734375,84917968750.0,0.2333984375,4630.859375,-15.234375,-417.96875,-121.09375,3.2091305861626203,1.8473241502452546,3.292106879607228,1.9356728072305778,1.9777440887254554,1.1879269909643912,0.13923991614884962,0.05553698085427047,0.75344734646015,0.21255106036716687,0.48570312070906113,0.13619537244019214
103.7109375,80.6640625,275.5859375,4933593.75,0.971875,84917968750.0,0.2333984375,4630.859375,-15.234375,-417.96875,-121.09375,1.9540736043569729,1.1248552415568491,2.0045987483030068,1.1786516745657798,1.204269323478259,0.7233413270734042,0.0847846597432161,0.03381705587829549,0.4587820696168999,0.1294245919541148,0.2957497746660067,0.08293080483184186
103.7109375,80.6640625,275.5859375,4933593.75,0.734375,33871093750.0,0.2333984375,4630.859375,-15.234375,-417.96875,-121.09375,3.7018495810228624,2.1309560168992987,3.7975657723324994,2.2328694261744673,2.281400189131402,1.3703172606153458,0.16061833927226712,0.06406393999456829,0.8691290893062322,0.24518542721785322,0.5602763258220439,0.15710634667810594
103.7109375,80.6640625,275.5859375,4933593.75,0.734375,84917968750.0,0.3400390625,4630.859375,-15.234375,-417.96875,-121.09375,0.9626242746096128,0.5551658973149659,0.987518229478951,0.5818336947956714,1.003227904711302,0.5943135858910025,0.04346432922472729,0.016995173394689218,0.2625008376448896,0.07405272797206912,0.1692188268123509,0.04745042837681432
103.7109375,80.6640625,275.5859375,4933593.75,0.734375,84917968750.0,0.2333984375,798.828125,-15.234375,-417.96875,-121.09375,73.76969775217944,29.215807579121037,181.46651861594802,72.32359575995987,63.441937805774295,27.67193294630887,87.03409883085948,34.362761305404675,47.67640159226733,20.978088445923557,28.582736190360137,11.506041249064465
103.7109375,80.6640625,275.5859375,4933593.75,0.734375,84917968750.0,0.2333984375,4630.859375,23.203125,-417.96875,-121.09375,1.4765559879468981,0.849973106649654,1.5147095082896544,0.8905960154557327,0.9099812164673329,0.5465660445491951,0.0639537724286228,0.02549436412265609,0.346728415553557,0.09781356874043257,0.22355571680564823,0.06268698151360173
103.7109375,80.6640625,275.5859375,4933593.75,0.734375,84917968750.0,0.2333984375,4630.859375,-15.234375,339.84375,-121.09375,1.54785089104411,0.9182039792418167,1.5509368216320782,0.9135199901241678,0.9441702098749156,0.579183099945742,0.026515071164710757,0.008211410173666875,0.01609789902685823,0.007549197591747121,0.2479492447897088,0.0694997388593979
103.7109375,80.6640625,275.5859375,4933593.75,0.734375,84917968750.0,0.2333984375,4630.859375,-15.234375,-417.96875,-300.78125,1.4705303468738335,0.8444236816435742,1.5168622372944978,0.8721917685543007,0.9108372875429585,0.5378228761222681,0.08635237532685894,0.03704495926301996,0.3346587031487591,0.09444414087404038,0.2920352385130309,0.08200029529067357
50.9765625,70.8203125,258.0078125,10722656.25,0.971875,33871093750.0,0.3400390625,798.828125,23.203125,339.84375,-300.78125,482.46409358355874,200.73812074411583,482.5888617342076,206.76144521578544,445.53892598301644,187.7837621308105,150.45616767271332,56.22938257286783,151.3231483319883,46.723749243105274,292.334625637429,91.82605858094985
88.0859375,30.0390625,166.2109375,8496093.75,0.28437500000000004,91105468750.0,0.3365234375,3787.109375,-3.984375,144.53125,-58.59375,0.22186538989802823,0.13122383025889894,0.22217534788043225,0.13048356240524042,0.22534877117886307,0.1362143620865019,0.004053058196819161,0.0016953304266480295,0.02625666198415512,0.007432662033037054,0.05183084954061843,0.014530587722746112
97.8515625,30.0390625,166.2109375,8496093.75,0.28437500000000004,91105468750.0,0.3365234375,3787.109375,-3.984375,144.53125,-58.59375,0.24641636162432468,0.14574517316867874,0.24679116954466862,0.14494068475867047,0.2503006814068343,0.1512964654561774,0.004502401441031864,0.0018831879509632235,0.029153110909508527,0.008252588222366582,0.057567860946449,0.01613893790203897
88.0859375,98.9453125,166.2109375,8496093.75,0.28437500000000004,91105468750.0,0.3365234375,3787.109375,-3.984375,144.53125,-58.59375,0.730573724139187,0.4321063028758023,0.7311497946710563,0.4294179504266401,0.7418180312621387,0.4484011758179526,0.013302284944762002,0.005567455944534739,0.08644641150691167,0.024470842312511478,0.17036458751514405,0.0477610366638995
88.0859375,30.0390625,117.3828125,8496093.75,0.28437500000000004,91105468750.0,0.3365234375,3787.109375,-3.984375,144.53125,-58.59375,0.1563903110330393,0.09250166137569252,0.15660817174404765,0.09198171849592181,0.15884513236605222,0.09601453376659402,0.0028465249622121906,0.001191278245468427,0.018460416522509855,0.005225704468432869,0.03644080446687776,0.010216030270168383
88.0859375,30.0390625,166.2109375,9535156.25,0.28437500000000004,91105468750.0,0.3365234375,3787.109375,-3.984375,144.53125,-58.59375,0.24899927206486758,0.14727235386757348,0.2493471375522461,0.14644155210629511,0.252908666872462,0.15287322200144882,0.004548742555602562,0.0019026673891714206,0.029467821564746054,0.008341668056387792,0.05816970286374694,0.016307661899412993
88.0859375,30.0390625,166.2109375,8496093.75,0.321875,91105468750.0,0.3365234375,3787.109375,-3.984375,144.53125,-58.59375,0.25112236439007596,0.14852807161172074,0.25147319595257717,0.14769018601911824,0.2550650926529988,0.1541766955484582,0.004587527409586524,0.001918890482909308,0.02971907894909866,0.00841279329014084,0.05866568684267802,0.016446709180690654
88.0859375,30.0390625,166.2109375,8496093.75,0.28437500000000004,64808593750.0,0.3365234375,3787.109375,-3.984375,144.53125,-58.59375,0.31188996977829625,0.18446949509543123,0.31232569698121404,0.18342885455834018,0.3167867753724684,0.19148499589798587,0.005697635846206575,0.002383231362829968,0.03691062187067988,0.010448555035653256,0.07286184701560144,0.020426550386209844
88.0859375,30.0390625,166.2109375,8496093.75,0.28437500000000004,91105468750.0,0.2181640625,3787.109375,-3.984375,144.53125,-58.59375,0.34859556367656724,0.2053787593931044,0.34908250560672466,0.204294435941575,0.20997082960303004,0.12146929257566252,0.006216321114854712,0.0025921670160279986,0.03501221181857877,0.009911158456990563,0.06911437120027394,0.019375959347164417
88.0859375,30.0390625,166.2109375,8496093.75,0.28437500000000004,91105468750.0,0.3365234375,1642.578125,-3.984375,144.53125,-58.59375,2.660967327023387,1.5238796084188682,2.680846597447423,1.42942934071357,3.1052447335493953,1.6308666165500196,0.534689140584848,0.1652672136824648,1.4425430148984337,0.40822611402528863,2.86847640971876,0.804375500467418
88.0859375,30.0390625,166.2109375,8496093.75,0.28437500000000004,91105468750.0,0.3365234375,3787.109375,-10.546875,144.53125,-58.59375,0.22186839068346154,0.13122580176642587,0.22217232610442544,0.13048207646131904,0.22534876050272404,0.13621473585146301,0.004062198207734352,0.0016982487369185473,0.026251128222743194,0.007431137674372999,0.05182625929563537,0.014529303104107502
88.0859375,30.0390625,166.2109375,8496093.75,0.28437500000000004,91105468750.0,0.3365234375,3787.109375,-3.984375,-472.65625,-58.59375,0.204345029219318,0.11403067281016996,0.21219089498431487,0.12460484284796598,0.21020652856939018,0.1233336853196107,0.013226545830176252,0.004974829192739144,0.08314223812982861,0.023475974839470996,0.04398765499090165,0.012339241745050501
88.0859375,30.0390625,166.2109375,8496093.75,0.28437500000000004,91105468750.0,0.3365234375,3787.109375,-3.984375,144.53125,386.71875,0.2181038345932092,0.13036438188775445,0.21837022922790902,0.1281077020200694,0.2216253115115786,0.13513739455300117,0.0028854411180752565,0.0011282013958067774,0.027635130437111646,0.007813045847338149,0.006578614050380601,0.0022268336911261217
97.8515625,98.9453125,117.3828125,9535156.25,0.321875,64808593750.0,0.2181640625,1642.578125,-10.546875,-472.65625,386.71875,13.19298752202718,5.295015764344313,16.3591514631941,7.772369523781106,8.318894398118903,3.6724094636462703,3.8725071144543874,1.6026093283990255,16.640533386383556,4.6981321880632,1.243342475033357,0.4207638700044505
213.0859375,75.0390625,291.2109375,17996093.75,0.684375,41605468750.0,0.2615234375,1537.109375,26.015625,-355.46875,441.40625,416.57634336528446,165.88885952623022,466.6081970220253,220.58588080351777,315.52038329816736,137.83046199951173,117.0772870514761,50.032973194009905,580.6508534241469,163.3853487164029,44.88531063822928,19.05884880228739
222.8515625,75.0390625,291.2109375,17996093.75,0.684375,41605468750.0,0.2615234375,1537.109375,26.015625,-355.46875,441.40625,435.16495734731086,173.45041742019137,487.6696817456357,230.71938291426292,329.68777572023,144.36278450732416,122.18548026120678,52.203966071544535,606.5909986341079,170.67840364504164,46.90834539642957,19.756518606138325
213.0859375,53.9453125,291.2109375,17996093.75,0.684375,41605468750.0,0.2615234375,1537.109375,26.015625,-355.46875,441.40625,299.70654673353897,119.34576566284646,335.9392584781399,158.81203699541948,227.0909094136062,99.19301970319364,84.3640520578406,36.046192864488916,418.0792483580268,117.63932125259345,32.32982375637028,13.657055480251069
213.0859375,75.0390625,242.3828125,17996093.75,0.684375,41605468750.0,0.2615234375,1537.109375,26.015625,-355.46875,441.40625,341.8940672274208,136.89585969719113,381.7387783774589,181.18440987213094,258.48232086419563,114.41973686867995,94.31348419819702,40.32333692625638,472.3290700270159,132.8956240715846,36.525644116231014,15.497236640898779
213.0859375,75.0390625,291.2109375,19035156.25,0.684375,41605468750.0,0.2615234375,1537.109375,26.015625,-355.46875,441.40625,440.6287217753488,175.46698772982847,493.5493258277253,233.32211789788192,333.73797000476884,145.78854814925563,123.83712172820562,52.92178822973958,614.1766027210482,172.81892865097274,47.47690877796646,20.15927289202224
213.0859375,75.0390625,291.2109375,17996093.75,0.721875,41605468750.0,0.2615234375,1537.109375,26.015625,-355.46875,441.40625,439.4024443716016,174.9786600482155,492.1757694615885,232.6727783817927,332.8091714240945,145.3828160816768,123.49248086251595,52.77450597176389,612.4673385432784,172.33797056387706,47.34477971429668,20.103169284604512
213.0859375,75.0390625,291.2109375,17996093.75,0.684375,15308593750.0,0.2615234375,1537.109375,26.015625,-355.46875,441.40625,1132.1649995365258,450.85027885018576,1268.140828395405,599.5050309870547,857.5166120206127,374.59358273967837,318.19091206564747,135.97887152064288,1578.084266348709,444.0462743501933,121.98863067307485,51.79785623709185
213.0859375,75.0390625,291.2109375,17996093.75,0.684375,41605468750.0,0.2931640625,1537.109375,26.015625,-355.46875,441.40625,370.4378439030183,147.47965310063842,414.9492832904125,197.4060586350159,328.0584203563585,142.02728929651005,104.11474555437319,44.53448008778032,539.3513404769667,151.76436291245435,41.692787184745875,17.703264515746362
213.0859375,75.0390625,291.2109375,17996093.75,0.684375,41605468750.0,0.2615234375,3892.578125,26.015625,-355.46875,441.40625,31.89969367836888,17.822782430806104,32.4507997412761,18.518765687509887,22.827465360568674,13.3989938362583,1.7468263545077984,0.7655841909472417,10.196188593217379,2.8723404529369336,0.8769939390967927,0.36615111647877074
213.0859375,75.0390625,291.2109375,17996093.75,0.684375,41605468750.0,0.2615234375,1537.109375,19.453125,-355.46875,441.40625,416.0411207650981,165.64039006487346,466.93329990685487,220.751029542531,315.4420939918575,138.00237007695586,116.94175813685489,50.00285940181614,581.0390533980684,163.48816363687592,44.911333826994614,19.462962304950505
213.0859375,75.0390625,291.2109375,17996093.75,0.684375,41605468750.0,0.2615234375,1537.109375,26.015625,27.34375,441.40625,518.837171034621,270.20493823182545,652.5742998277244,279.9290175176229,814.1186740467292,278.04289892401215,60.64081482272122,24.540729890641533,616.3693267718091,172.63341203896675,84.96826481847744,32.52817873231585
213.0859375,75.0390625,291.2109375,17996093.75,0.684375,41605468750.0,0.2615234375,1537.109375,26.015625,-355.46875,-113.28125,394.6586675075199,176.1014349164781,474.27857085449585,236.22934443260783,305.37907455022315,144.93298458230348,183.07323852252426,59.96340738567931,385.36337331572395,110.28659789970814,275.02765539104416,77.8597041999463
222.8515625,53.9453125,242.3828125,19035156.25,0.721875,15308593750.0,0.2931640625,3892.578125,19.453125,27.34375,-113.28125,55.63095087034132,32.83632428655316,56.10799637855585,32.79544984381113,46.37748506893436,28.10078708754388,1.5281461834882055,0.5935494504544742,8.77871327437221,2.4729130032722457,12.848556058496914,3.6026322874827597
275.5859375,52.5390625,103.7109375,3746093.75,0.8843750000000001,16855468750.0,0.2990234375,2662.109375,11.015625,-105.46875,191.40625,18.526693309228556,10.370001017993063,18.745643177270242,10.81439437175343,17.281182445828524,9.638512642666061,0.7046364156483482,0.29953068626287355,8.22555902842845,2.3148504975874022,3.49778559602507,1.0013284473941626
285.3515625,52.5390625,103.7109375,3746093.75,0.8843750000000001,16855468750.0,0.2990234375,2662.109375,11.015625,-105.46875,191.40625,19.162435287855427,10.727228735195055,19.40217721264798,11.19356270732177,17.878757724234507,9.973152214922571,0.7256888577766897,0.30979470576341334,8.496326901291647,2.391050115639935,3.6219844000720576,1.0368250786203281
275.5859375,76.4453125,103.7109375,3746093.75,0.8843750000000001,16855468750.0,0.2990234375,2662.109375,11.015625,-105.46875,191.40625,26.950655382637784,15.085375956037565,27.258458963770238,15.72576327941366,25.1296042284883,14.017960071479209,1.0254117250870924,0.43507793489694024,11.96100346250596,3.366092581292593,5.078965135271118,1.4540294942797993
275.5859375,52.5390625,54.8828125,3746093.75,0.8843750000000001,16855468750.0,0.2990234375,2662.109375,11.015625,-105.46875,191.40625,9.783965035663416,5.477540958354849,9.899230834751918,5.711452316055633,9.121022463577996,5.090004303517874,0.37028808854107104,0.1575890778781576,4.331814207880414,1.2190722280532456,1.8417196607023978,0.5272421475636886
275.5859375,52.5390625,103.7109375,14285156.25,0.8843750000000001,16855468750.0,0.2990234375,2662.109375,11.015625,-105.46875,191.40625,70.64871473602588,39.544414726590865,71.48364661029957,41.239040894162976,65.89914932679345,36.75499555185588,2.6870233284942757,1.1422145147688514,31.36691279141068,8.827328748359887,13.338271037188404,3.818413067904538
275.5859375,52.5390625,103.7109375,3746093.75,0.5218750000000001,16855468750.0,0.2990234375,2662.109375,11.015625,-105.46875,191.40625,10.932713012866321,6.119399894010041,11.061916645244274,6.381639081564744,10.197729570506583,5.687744209629796,0.4158101816723471,0.17675485726466386,4.853951794160958,1.3660071840886792,2.0640642916473024,0.5908899318545058
275.5859375,52.5390625,103.7109375,3746093.75,0.8843750000000001,40058593750.0,0.2990234375,2662.109375,11.015625,-105.46875,191.40625,7.795483337817769,4.363389019272557,7.887610951723169,4.550376568904539,7.271409288517805,4.0556003952319895,0.2964901154093246,0.12603363346897115,3.4610714000652134,0.97402046778056,1.4717644901850981,0.42132932720680755
275.5859375,52.5390625,103.7109375,3746093.75,0.8843750000000001,16855468750.0,0.2556640625,2662.109375,11.015625,-105.46875,191.40625,21.769221869867486,12.159488395694542,22.02644251361549,12.672544189662002,17.681360999690995,9.315929492350087,0.7988616293966581,0.34665865058488854,9.103289321284027,2.5618628159164176,3.871026170305122,1.1081778795529174
275.5859375,52.5390625,103.7109375,3746093.75,0.8843750000000001,16855468750.0,0.2990234375,2767.578125,11.015625,-105.46875,191.40625,16.537222976359722,9.303354223477958,16.718256283748854,9.670323205694004,15.192340841981965,8.596815131957058,0.5663451593291945,0.24532577340791836,6.846962181422045,1.927009026043255,2.9035844885559237,0.8312744872124508
275.5859375,52.5390625,103.7109375,3746093.75,0.8843750000000001,16855468750.0,0.2990234375,2662.109375,-25.546875,-105.46875,191.40625,18.55532923759444,10.382294138869117,18.7187945417903,10.798166602660586,17.318469156336487,9.640283367302668,0.7891412559945831,0.2935268666953134,8.21856078181569,2.3131676757206128,3.364166754572844,0.9651203082898512
275.5859375,52.5390625,103.7109375,3746093.75,0.8843750000000001,16855468750.0,0.2990234375,2662.109375,11.015625,-222.65625,191.40625,18.13006472296877,9.841149260883522,18.610526246031913,10.622398408418139,15.96082701223533,9.238223512391473,0.8529071609932816,0.40433684364514855,9.611062437540188,2.7069802982188316,3.287690190750213,0.9427559894813704
275.5859375,52.5390625,103.7109375,3746093.75,0.8843750000000001,16855468750.0,0.2990234375,2662.109375,11.015625,-105.46875,-363.28125,18.272207192629768,10.019702155418145,18.50459440193332,9.647376563367928,15.732305512442174,8.66560770352374,2.1936636445768634,0.8638977476413663,6.322573651262012,1.7845635852668404,10.145206046932708,2.8549650858062443
285.3515625,76.4453125,54.8828125,14285156.25,0.5218750000000001,40058593750.0,0.2556640625,2767.578125,-25.546875,-222.65625,-363.28125,14.048403698562066,7.626017531005662,14.456322208348816,7.59162971707603,9.823800125777693,5.441157712312299,1.860238872259375,0.7705960851511398,5.225836189679725,1.4767145630455376,6.7322049430177495,1.8945983025388893
150.5859375,97.5390625,228.7109375,13246093.75,0.484375,66355468750.0,0.2240234375,4912.109375,-18.984375,394.53125,-308.59375,4.362134984894611,2.5848902082513265,4.349473845162895,2.5446114344251067,2.5168079811442032,1.531755966766746,0.11417869077675465,0.03365053509314397,0.04486755610405673,0.019206148874581178,0.8219678540662179,0.23068571947492023
160.3515625,97.5390625,228.7109375,13246093.75,0.484375,66355468750.0,0.2240234375,4912.109375,-18.984375,394.53125,-308.59375,4.644219640741281,2.752057207719541,4.631191242879582,2.709434203903673,2.679691599448044,1.6308833379247725,0.1213920507144815,0.03577474790433383,0.04776296880420676,0.0204534550146175,0.8751188963498987,0.2456026591754187
150.5859375,31.4453125,228.7109375,13246093.75,0.484375,66355468750.0,0.2240234375,4912.109375,-18.984375,394.53125,-308.59375,1.4065847645083116,0.8334991715619463,1.4028814315509854,0.8207191667327721,0.8116628745049066,0.4939829045437122,0.03670916250174291,0.010817632271395606,0.014476556322777905,0.006203754396679559,0.265287108666232,0.074453092327609
150.5859375,97.5390625,179.8828125,13246093.75,0.484375,66355468750.0,0.2240234375,4912.109375,-18.984375,394.53125,-308.59375,3.4253336787190154,2.0298578446017537,3.415415900087533,1.998303866608513,1.9763082008339685,1.2027974940247006,0.08945279075029322,0.02636307214354563,0.035153254948201484,0.015046922312675983,0.6440751330693909,0.1807596821034046
150.5859375,97.5390625,228.7109375,4785156.25,0.484375,66355468750.0,0.2240234375,4912.109375,-18.984375,394.53125,-308.59375,1.5758228712757003,0.9337925405803227,1.5712490298804325,0.9192418186879256,0.9091978109412117,0.5533474076346988,0.04124709413197416,0.01215626820675357,0.01620842118179578,0.006938228360767308,0.2969361902775337,0.08333530119633656
150.5859375,97.5390625,228.7109375,13246093.75,0.921875,66355468750.0,0.2240234375,4912.109375,-18.984375,394.53125,-308.59375,8.302127874476842,4.919629751188007,8.27803086660035,4.8429701493897195,4.790053899597033,2.9152774851367105,0.21730783083317784,0.06404456679017724,0.08539309064965638,0.03655363818065451,1.5643904319324795,0.4390470144845256
150.5859375,97.5390625,228.7109375,13246093.75,0.484375,89558593750.0,0.2240234375,4912.109375,-18.984375,394.53125,-308.59375,3.231979194330037,1.9151886407975431,3.222598342904963,1.8853454196615034,1.864745373389304,1.1349037644465787,0.08459691282002582,0.024932247552110466,0.03324312712258958,0.01423015880544818,0.6090098110098503,0.17091893037556027
150.5859375,97.5390625,228.7109375,13246093.75,0.484375,66355468750.0,0.3306640625,4912.109375,-18.984375,394.53125,-308.59375,2.9098769546861343,1.7281049951983956,2.9014304094828605,1.700564557491376,2.8718688833887165,1.7208974173323976,0.076179324326583,0.022453785478036663,0.03469704625322218,0.014852528056177379,0.6356454223861504,0.1783942290062791
150.5859375,97.5390625,228.7109375,13246093.75,0.484375,66355468750.0,0.2240234375,517.578125,-18.984375,394.53125,-308.59375,1649.5329310884779,588.4998911334347,2028.715054699597,692.8920109342802,751.1139848990533,306.8286369424019,1004.9032265848798,382.1860087775389,794.5949844178014,248.44444203615328,576.2275731803204,194.7300965046177
150.5859375,97.5390625,228.7109375,13246093.75,0.484375,66355468750.0,0.2240234375,4912.109375,4.453125,394.53125,-308.59375,4.361926599547095,2.5847704478515756,4.349728617312736,2.5447541352622087,2.516821418351927,1.5317606996240538,0.11496609019505273,0.033894541712027944,0.04483189181243295,0.019150665003149242,0.8220533133990148,0.23070933254845447
150.5859375,97.5390625,228.7109375,13246093.75,0.484375,66355468750.0,0.2240234375,4912.109375,-18.984375,277.34375,-308.59375,4.385681926643087,2.5983056433488274,4.358728102909055,2.5491151733433695,2.525867046574596,1.5366318875236862,0.08169241779325741,0.029174797701326496,0.10960884368194619,0.0334419888914214,0.8209349558801109,0.2304092091455549
150.5859375,97.5390625,228.7109375,13246093.75,0.484375,66355468750.0,0.2240234375,4912.109375,-18.984375,394.53125,136.71875,4.367665358641179,2.6091458735869404,4.3708854102079195,2.6162144422364952,2.585059581746649,1.5684439667887986,0.06543186072319052,0.020141538960872646,0.046909836119144156,0.019675101969602288,0.3150688533724015,0.08892192163049725
160.3515625,31.4453125,179.8828125,4785156.25,0.921875,89558593750.0,0.3306640625,517.578125,4.453125,277.34375,136.71875,418.68974545959,144.63326676386498,946.5187405523818,282.2061637127916,563.9352109802371,180.2219011404194,412.27953762995054,118.88126213697923,111.08084180514606,41.133320566904175,88.52862900768443,32.40170733725902
119.3359375,41.2890625,259.9609375,10871093.75,0.5843750000000001,78730468750.0,0.2802734375,2099.609375,3.515625,-480.46875,66.40625,11.620716151488683,5.406398107658101,13.298525239922295,7.350843123076816,9.744697233934541,5.110094948150994,2.1863185734674615,0.7952949972706118,11.100264661974396,3.143535257262813,4.2147512093817605,1.191138281592154
129.1015625,41.2890625,259.9609375,10871093.75,0.5843750000000001,78730468750.0,0.2802734375,2099.609375,3.515625,-480.46875,66.40625,12.565306249388682,5.847561609312482,14.38380357069679,7.951374686160863,10.538473922079216,5.5280419238243805,2.3632465176216075,0.8596153416575919,11.99742639349268,3.397571495007581,4.562117721985931,1.2892824095145492
119.3359375,65.1953125,259.9609375,10871093.75,0.5843750000000001,78730468750.0,0.2802734375,2099.609375,3.515625,-480.46875,66.40625,18.344910636133825,8.535053614496203,20.98211859224669,11.598440762768318,15.378824711702263,8.064602474878336,3.4459076981671353,1.2537206619368324,17.518314393773213,4.961077519522152,6.641332357303876,1.8769231488786606
119.3359375,41.2890625,273.6328125,10871093.75,0.5843750000000001,78730468750.0,0.2802734375,2099.609375,3.515625,-480.46875,66.40625,12.25814243472608,5.6976641883821175,14.036760734859996,7.7563460228214565,10.282768421124763,5.38762400786282,2.3184981566629994,0.843038177127357,11.733362285372637,3.322944078222083,4.45531086533643,1.259184442757583
119.3359375,41.2890625,259.9609375,2410156.25,0.5843750000000001,78730468750.0,0.2802734375,2099.609375,3.515625,-480.46875,66.40625,2.576349933693322,1.1986157500628993,2.948325574212021,1.629705428292632,2.1604305401859905,1.1329243920262895,0.4847138195578237,0.17631944423857976,2.4609641740705,0.6969318195225136,0.934423821842812,0.26407916627465294
119.3359375,41.2890625,259.9609375,10871093.75,0.8218750000000001,78730468750.0,0.2802734375,2099.609375,3.515625,-480.46875,66.40625,16.343574052628465,7.603650814513799,18.703273465773066,10.338351558124074,13.705108943982804,7.186924980554606,3.074875854662793,1.1185164934875451,15.611602171653827,4.421121778931122,5.927698224959373,1.6752372623461846
119.3359375,41.2890625,259.9609375,10871093.75,0.5843750000000001,77183593750.0,0.2802734375,2099.609375,3.515625,-480.46875,66.40625,11.853612735120926,5.514750435743156,13.565047634527755,7.498165046085996,9.939995584288207,5.212508916442293,2.230135677323583,0.8112339020187854,11.322730617040028,3.206536419359886,4.299221146064548,1.2150104795531085
119.3359375,41.2890625,259.9609375,10871093.75,0.5843750000000001,78730468750.0,0.34941406249999996,2099.609375,3.515625,-480.46875,66.40625,8.396201134848223,3.904405737642682,9.609196199453827,5.334557990763933,9.694943885523138,5.030408483477425,1.6923578476587957,0.5991956912806847,8.870345695288064,2.512034197956474,3.3680548514236763,0.951851928793061
119.3359375,41.2890625,259.9609375,10871093.75,0.5843750000000001,78730468750.0,0.2802734375,3330.078125,3.515625,-480.46875,66.40625,3.377287249197038,1.8255953729877106,3.558534520035996,2.066253151002804,2.7061368424560674,1.569070083177856,0.20979214631411072,0.08323881196997289,1.6217804803961813,0.45795249261565274,0.6129610315159989,0.1725020145032164
119.3359375,41.2890625,259.9609375,10871093.75,0.5843750000000001,78730468750.0,0.2802734375,2099.609375,-3.046875,-480.46875,66.40625,11.621711751662543,5.406384892970882,13.299687065476416,7.35120167244117,9.745557159485623,5.11064378077779,2.1862744581545273,0.795082683931443,11.10216846194619,3.144061265682152,4.208167921397158,1.1893280862075881
119.3359375,41.2890625,259.9609375,10871093.75,0.5843750000000001,78730468750.0,0.2802734375,2099.609375,3.515625,-347.65625,66.40625,12.971931752844686,6.340458101684092,13.763749140771024,7.732685500741853,10.460778437316504,5.757469804561402,2.179989476275727,0.7451669276526678,11.12885651738659,3.143675153520156,5.008490588289904,1.4132494669504747
119.3359375,41.2890625,259.9609375,10871093.75,0.5843750000000001,78730468750.0,0.2802734375,2099.609375,3.515625,-480.46875,261.71875,11.724697432856683,5.33541120489788,13.707245109114519,7.196365852608507,9.946762051402011,5.064737731560585,1.995302135974363,0.7800153682457088,11.921583001853982,3.3671500084096198,1.7733846120850465,0.550014851560214
129.1015625,65.1953125,273.6328125,2410156.25,0.8218750000000001,77183593750.0,0.34941406249999996,3330.078125,-3.046875,-347.65625,261.71875,1.4638494215027429,0.8037315645072336,1.5107357818401148,0.865916404720509,1.5995690139648575,0.9199956018454101,0.07500857101675115,0.030358426956966465,0.6895579314921194,0.19436041750227004,0.12060243101290628,0.03669766295371733
244.3359375,86.2890625,134.9609375,1371093.75,0.984375,29230468750.0,0.20527343750000002,4349.609375,-26.484375,19.53125,-433.59375,2.648547049398695,1.544694215316393,2.6363694586364983,1.4913188350835513,1.3678228863756496,0.8173949312129108,0.11672652714925878,0.04221452572916879,0.2839018721832579,0.07999353862161306,0.6695703240830768,0.18820690146797084
254.1015625,86.2890625,134.9609375,1371093.75,0.984375,29230468750.0,0.20527343750000002,4349.609375,-26.484375,19.53125,-433.59375,2.753504573164429,1.6059437675046289,2.741263629656233,1.5506886101187554,1.4221348457662102,0.8498629205600143,0.12153994691898747,0.04396610876425229,0.29487090408455124,0.08308455784677832,0.6960147962443903,0.19564000790908367
244.3359375,20.1953125,134.9609375,1371093.75,0.984375,29230468750.0,0.20527343750000002,4349.609375,-26.484375,19.53125,-433.59375,0.6200303285271376,0.36161392742055454,0.6173122104339588,0.3491822614276494,0.32024485444392237,0.19137270080008717,0.027413422666772033,0.00991810937621219,0.06642641537610951,0.018716766262580235,0.15685147206752287,0.04408882503746649
244.3359375,86.2890625,148.6328125,1371093.75,0.984375,29230468750.0,0.20527343750000002,4349.609375,-26.484375,19.53125,-433.59375,2.9180131722841702,1.7018176818048039,2.9045885748458002,1.6429791907242455,1.5069864493113647,0.9005428581795345,0.1286709312377783,0.04653537649769929,0.3129290026957444,0.0881724552457507,0.7380349317204563,0.20745155622496428
244.3359375,86.2890625,134.9609375,11910156.25,0.984375,29230468750.0,0.20527343750000002,4349.609375,-26.484375,19.53125,-433.59375,23.006894454748206,13.418155733617327,22.901112476873745,12.954504638660252,11.88174353435714,7.1003907272597315,1.0139577814190601,0.36670110811463147,2.4661447529537135,0.6948726474566901,5.816296063046441,1.6348798933784703
244.3359375,86.2890625,134.9609375,1371093.75,0.421875,29230468750.0,0.20527343750000002,4349.609375,-26.484375,19.53125,-433.59375,1.1350915925994405,0.6620118065641685,1.1298726251299276,0.6391366436072363,0.586209808446707,0.35031211337696183,0.050025654492539415,0.018091939598215194,0.12167223093568195,0.03428294512354845,0.2869587103213186,0.08066010062913036
244.3359375,86.2890625,134.9609375,1371093.75,0.984375,27683593750.0,0.20527343750000002,4349.609375,-26.484375,19.53125,-433.59375,2.796539801135944,1.6310070288150937,2.7836817636485005,1.5746491947128847,1.4442526680893168,0.8630684732984637,0.12324885038209461,0.04457334500230987,0.2997654451174431,0.08446333420425153,0.706983876832745,0.19872333056086156
244.3359375,86.2890625,134.9609375,1371093.75,0.984375,29230468750.0,0.2744140625,4349.609375,-26.484375,19.53125,-433.59375,2.143653715011112,1.2519243550506995,2.133796522162422,1.2082953669931513,1.6197666038829783,0.9543322612616362,0.09448358461192097,0.03448426827911647,0.25166037666424446,0.07090902185818028,0.5935301471107535,0.16683306577022652
244.3359375,86.2890625,134.9609375,1371093.75,0.984375,29230468750.0,0.20527343750000002,1080.078125,-26.484375,19.53125,-433.59375,147.64864907517025,63.94726148550817,137.22219069412878,49.46540576401916,75.62902758291617,29.431300946537124,44.638466316799686,17.96863751127618,34.62226212207561,10.117951666474193,90.12310046112482,26.46173351316516
244.3359375,86.2890625,134.9609375,1371093.75,0.984375,29230468750.0,0.20527343750000002,4349.609375,26.953125,19.53125,-433.59375,2.648559739115036,1.5444377680075367,2.636288901165281,1.4910252923415697,1.3678051863338168,0.8171654516331809,0.11216953089131206,0.040398438766138696,0.2871814011463069,0.08090994704561871,0.6705563347277217,0.1884838725955137
244.3359375,86.2890625,134.9609375,1371093.75,0.984375,29230468750.0,0.20527343750000002,4349.609375,-26.484375,152.34375,-433.59375,2.648295128298047,1.555994370658435,2.6347801801578905,1.4946355642990838,1.3661943421258183,0.8223825173279634,0.08587867298526779,0.031195434862100847,0.17828006563353496,0.05054456065569817,0.6791522129940752,0.19088037320813317
244.3359375,86.2890625,134.9609375,1371093.75,0.984375,29230468750.0,0.20527343750000002,4349.609375,-26.484375,19.53125,-238.28125,2.6570612557044764,1.5635867307233238,2.661978557831313,1.5474264453031048,1.376682090145496,0.8415038091965641,0.0836976844287176,0.031228157403495042,0.2995949376060178,0.084392357193355,0.5375212196576845,0.15082322745841578
254.1015625,20.1953125,148.6328125,11910156.25,0.421875,27683593750.0,0.2744140625,1080.078125,26.953125,152.34375,-238.28125,129.96275669503567,65.05732243227186,136.21203071320605,58.2482287967803,102.47698230587334,45.027687686736805,53.436763071184465,17.35118418173231,54.45143333075725,15.75401870021125,147.9494903176707,41.94272723126179
181.8359375,18.7890625,197.4609375,15621093.75,0.784375,4480468750.0,0.3177734375,3224.609375,-11.484375,269.53125,-183.59375,62.09437132491115,36.31537032259756,62.07263751579751,35.54360400053311,57.88660550472822,34.73751226879843,1.9436140958703378,0.7322294702827493,4.125066362946327,1.2493736358893106,23.656860149432735,6.636010190982023
191.6015625,18.7890625,197.4609375,15621093.75,0.784375,4480468750.0,0.3177734375,3224.609375,-11.484375,269.53125,-183.59375,65.39610395007021,38.246780793982815,65.3940734890673,37.445850019968454,60.974295151208786,36.59001335223194,2.0426385972004053,0.7711054896820246,4.336997719497583,1.3137591017785477,24.915481712342714,6.9890707233718095
181.8359375,87.6953125,197.4609375,15621093.75,0.784375,4480468750.0,0.3177734375,3224.609375,-11.484375,269.53125,-183.59375,289.7088067880179,169.43679998128053,289.4229911954673,165.7399945711297,269.99074223966767,162.02611648700355,9.089045170931623,3.409922426520243,19.277181877135636,5.836676529473637,110.16709062079748,30.903028208179304
181.8359375,18.7890625,211.1328125,15621093.75,0.784375,4480468750.0,0.3177734375,3224.609375,-11.484375,269.53125,-183.59375,66.46325785892968,38.86931170855633,66.43995593064362,38.04168983098226,61.959506854297345,37.18127041399913,2.083356957194018,0.7849507336809269,4.421150695122076,1.3390742251488434,25.355812751215346,7.1125897693859645
181.8359375,18.7890625,197.4609375,16660156.25,0.784375,4480468750.0,0.3177734375,3224.609375,-11.484375,269.53125,-183.59375,66.22467959508528,38.730946343055415,66.20150012625066,37.90784472675011,61.73702737626053,37.04813449022889,2.072896753910224,0.7809349064155853,4.399451872459635,1.3324777587066543,25.23043474301841,7.0774152199395655
181.8359375,18.7890625,197.4609375,15621093.75,0.621875,4480468750.0,0.3177734375,3224.609375,-11.484375,269.53125,-183.59375,49.23019877951122,28.791867307557425,49.21296759220599,28.179988829107916,45.89416133641799,27.540896181238598,1.5409530082796699,0.5805325282321397,3.270470941140714,0.9905392571393338,18.755837329629937,5.261219235081363
181.8359375,18.7890625,197.4609375,15621093.75,0.784375,2933593750.0,0.3177734375,3224.609375,-11.484375,269.53125,-183.59375,94.83654315535695,55.46435387485939,94.80334917525933,54.28563753476894,88.41003530482459,53.05449610161359,2.9684758561428453,1.1183318274491527,6.300201222768892,1.9081645277830086,36.131050055125634,10.135158041353368
181.8359375,18.7890625,197.4609375,15621093.75,0.784375,4480468750.0,0.3119140625,3224.609375,-11.484375,269.53125,-183.59375,63.80558148712394,37.30538971084909,63.783248973909224,36.51529679283003,57.89007716579045,34.78714441226497,1.997127080373377,0.7519816295880396,4.202678456224898,1.2728802887857191,24.101958064241675,6.760865065212987
181.8359375,18.7890625,197.4609375,15621093.75,0.784375,4480468750.0,0.3177734375,2205.078125,-11.484375,269.53125,-183.59375,191.70463519639756,109.97976704998722,191.55370343955695,104.10328698462175,184.32778559500068,106.12489357480837,12.000128878150017,4.786096829388721,24.25994385332897,7.4075087529001,142.02511812327367,39.84778775768671
181.8359375,18.7890625,197.4609375,15621093.75,0.784375,4480468750.0,0.3177734375,3224.609375,-18.046875,269.53125,-183.59375,62.10509714844833,36.32188159898054,62.06170120786722,35.538139082349254,57.886507045679636,34.73850008590832,1.9278155111335296,0.7332636015954844,4.1091078172645155,1.2453708752230839,23.64582130145721,6.6329193428595286
181.8359375,18.7890625,197.4609375,15621093.75,0.784375,4480468750.0,0.3177734375,3224.609375,-11.484375,-97.65625,-183.59375,61.02780099399663,34.94887857799187,61.583118155094624,35.119684305524885,57.209601364379566,33.6834280317727,4.047436202881395,1.5272228122079652,17.896539880655812,5.043703190026964,21.97790329488613,6.167842946899982
181.8359375,18.7890625,197.4609375,15621093.75,0.784375,4480468750.0,0.3177734375,3224.609375,-11.484375,269.53125,-488.28125,60.649628851239996,35.0423806541601,59.73542281246819,31.96931828782714,55.83878512119496,32.04773245059756,3.09881051110408,1.1835498644408704,3.526194653026291,1.0796937203865233,31.136239063144124,8.762319050456108
191.6015625,87.6953125,211.1328125,16660156.25,0.621875,2933593750.0,0.3119140625,2205.078125,-18.046875,-97.65625,-488.28125,1275.430638543323,662.7620941233538,1248.1020496025917,578.7653373852123,1148.083000224829,571.7941152755742,243.96054336587025,97.22599957741178,487.984368018096,138.1196542623621,927.1331877274878,261.9610964454421
56.8359375,63.7890625,72.4609375,6121093.75,0.384375,53980468750.0,0.2427734375,974.609375,18.515625,-230.46875,316.40625,13.711652180602226,5.899644498695414,15.620718787635782,6.738299406719211,9.640650434264924,3.349098761272429,4.272977573567406,1.832017033314411,21.438462542937412,6.0493114425528045,2.500793610285985,0.9545660763594243
66.6015625,63.7890625,72.4609375,6121093.75,0.384375,53980468750.0,0.2427734375,974.609375,18.515625,-230.46875,316.40625,16.0519571459578,6.90530223398001,18.295932092213388,7.897831099081806,11.289078683440177,3.9203167894453594,5.000631221846347,2.1481064923093385,25.161156840828003,7.099175308237769,2.9679140821418954,1.1260182668372238
56.8359375,42.6953125,72.4609375,6121093.75,0.384375,53980468750.0,0.2427734375,974.609375,18.515625,-230.46875,316.40625,9.188498195566465,3.9568326882360254,10.4867534130908,4.521827498117945,6.467279549042462,2.2457794322738094,2.8700416922300027,1.2344630100176914,14.37013857624234,4.054857198969491,1.7121075589505628,0.6475932611844558
56.8359375,63.7890625,86.1328125,6121093.75,0.384375,53980468750.0,0.2427734375,974.609375,18.515625,-230.46875,316.40625,16.34590997903861,7.041511821459675,18.637083404438407,8.026619175136572,11.498921007844,3.9959515601329048,5.1080577664112345,2.189183032324093,25.449849951996097,7.182274273521576,2.9686593769986183,1.1357087372184633
56.8359375,63.7890625,72.4609375,7160156.25,0.384375,53980468750.0,0.2427734375,974.609375,18.515625,-230.46875,316.40625,16.0392204512086,6.901115740975555,18.272353246800503,7.88213325623249,11.277161612002303,3.9176120162172063,4.99832028867202,2.1430039706862254,25.07766550172576,7.076188815698335,2.92530611847748,1.1166047338652358
56.8359375,63.7890625,72.4609375,6121093.75,0.22187500000000002,53980468750.0,0.2427734375,974.609375,18.515625,-230.46875,316.40625,7.914856136770391,3.4054858488404425,9.016837674163744,3.8895874624151543,5.564928299453737,1.9332196101653858,2.4665155099454132,1.0575057671977492,12.375047484134603,3.4918789627743836,1.4435475311406916,0.5510096863538141
56.8359375,63.7890625,72.4609375,6121093.75,0.384375,52433593750.0,0.2427734375,974.609375,18.515625,-230.46875,316.40625,14.116167882272377,6.073693461034936,16.08155501201958,6.937090032142798,9.925065063779108,3.4479025390764875,4.399037256137076,1.8860644701908547,22.070931526547866,6.22777581946191,2.5745710273815128,0.9827273045675992
56.8359375,63.7890625,72.4609375,6121093.75,0.384375,53980468750.0,0.2369140625,974.609375,18.515625,-230.46875,316.40625,13.956776773820604,5.98770678351466,15.89959210050521,6.84711873236675,9.511857683133858,3.310626031617193,4.3493671190146586,1.8618948881072805,21.65585884957253,6.110654365939342,2.526152858573684,0.9642458348320335
56.8359375,63.7890625,72.4609375,6121093.75,0.384375,53980468750.0,0.2427734375,4455.078125,18.515625,-230.46875,316.40625,0.19249406930972277,0.11120408267379145,0.19371175230381252,0.1133944546998692,0.12400575793038116,0.07475614691631036,0.004705220025718147,0.0019220479114806293,0.03913595046254106,0.011019716099158769,0.00460137116719789,0.001670842364731578
56.8359375,63.7890625,72.4609375,6121093.75,0.384375,53980468750.0,0.2427734375,974.609375,11.953125,-230.46875,316.40625,13.712256601004585,5.899714796942224,15.6202342659129,6.737461454377028,9.640694303632543,3.3494683261418925,4.273149443769552,1.832481660673557,21.43272592586824,6.04773487526625,2.504358641618489,0.9552663072924236
56.8359375,63.7890625,72.4609375,6121093.75,0.384375,53980468750.0,0.2427734375,974.609375,18.515625,402.34375,316.40625,63.38683286068854,18.83085917927077,59.36059198572425,17.747055174244256,115.7382243525844,32.563322200200815,4.028470954696604,1.4862799048871072,13.794295293236447,3.9537012297825505,30.42425583160649,8.52835889541082
56.8359375,63.7890625,72.4609375,6121093.75,0.384375,53980468750.0,0.2427734375,974.609375,18.515625,-230.46875,11.71875,12.920728473859484,5.27476744305242,13.186043829223747,6.638561844843198,8.370796385764587,3.8504690857609507,9.393236934124435,2.864857451155793,12.883575807903892,3.7461444842299376,8.029743413952637,2.3637053879920678
66.6015625,42.6953125,86.1328125,7160156.25,0.22187500000000002,52433593750.0,0.2369140625,4455.078125,11.953125,402.34375,11.71875,0.1283188907142722,0.07626504049037514,0.12892646658691057,0.07647168587988572,0.08160418556104408,0.04943045776738574,0.0017803326730842799,0.0006716303777785678,0.0017042571533707604,0.0007609754795429641,0.016676899934882396,0.004676084385147591
54.8828125,27.9296875,199.4140625,18144531.25,0.403125,87238281250.0,0.2697265625,658.203125,8.671875,308.59375,-191.40625,111.9217954041962,42.39704245159065,105.73510068303813,48.89266763382467,82.50058610830807,33.67666689088843,32.853615832026136,13.086488932004498,34.672169338424155,11.123760245536277,40.33360735393046,14.152857570518433
181.8359375,27.9296875,199.4140625,18144531.25,0.403125,87238281250.0,0.2697265625,658.203125,8.671875,308.59375,-191.40625,340.72433738403544,132.28531128929686,341.69861897912836,156.0068442718152,258.3141929658155,107.99156484892542,101.83088792588815,39.92655899536541,99.42913383114137,31.45332715646593,126.87146154609559,44.71396362275298
54.8828125,77.1484375,199.4140625,18144531.25,0.403125,87238281250.0,0.2697265625,658.203125,8.671875,308.59375,-191.40625,307.2560622362963,117.10467087766033,288.0903273053287,134.7661909354483,225.60903068744298,92.76685955540201,90.11807008466131,35.89276967191928,94.30796574638013,30.407033995037114,114.11923273236981,39.41145861011741
54.8828125,27.9296875,150.5859375,18144531.25,0.403125,87238281250.0,0.2697265625,658.203125,8.671875,308.59375,-191.40625,79.53839444571396,30.99861181501571,75.6114626374082,36.033336209164816,58.72788403744327,24.831024728827295,23.400986551119246,9.285559542566467,23.358560462762775,7.553245452058609,32.53685016958823,10.881855982657198
54.8828125,27.9296875,199.4140625,15917968.75,0.403125,87238281250.0,0.2697265625,658.203125,8.671875,308.59375,-191.40625,98.18758154404725,37.194391386486956,92.76007218156734,42.8929215517407,72.376725164985,29.544115733126016,28.822063404845316,11.48061192635486,30.417457492804818,9.758734768688981,35.38416576259775,12.416123702876774
54.8828125,27.9296875,199.4140625,18144531.25,0.403125,87238281250.0,0.2697265625,658.203125,8.671875,308.59375,-191.40625,111.9217954041962,42.39704245159065,105.73510068303813,48.89266763382467,82.50058610830807,33.67666689088843,32.853615832026136,13.086488932004498,34.672169338424155,11.123760245536277,40.33360735393046,14.152857570518433
54.8828125,27.9296875,199.4140625,18144531.25,0.403125,45472656250.0,0.2697265625,658.203125,8.671875,308.59375,-191.40625,214.71947914800393,81.33778447481953,202.85044270718063,93.79949714510836,158.2755424410999,64.60793760623753,63.02893242647879,25.106138417529117,66.5177869457114,21.34068701688529,77.37913006059006,27.15194297074033
54.8828125,27.9296875,199.4140625,18144531.25,0.403125,87238281250.0,0.20527343750000002,658.203125,8.671875,308.59375,-191.40625,135.7951390580703,51.13398464184021,128.31297901435872,57.876425287543185,70.98674024425596,31.37018460202549,39.82278653939827,15.721028380062373,38.70789955661449,12.418530553232738,45.02831094798829,15.800205171229052
54.8828125,27.9296875,199.4140625,18144531.25,0.403125,87238281250.0,0.2697265625,1888.671875,8.671875,308.59375,-191.40625,5.145571662603655,2.908177542519519,5.1176875743863635,2.666357661632337,4.34050419757102,2.2756608451699867,0.4918745903951674,0.16775979661612908,0.5023552080584388,0.17696218982168313,4.6834049224652805,1.3140188985244043
54.8828125,27.9296875,199.4140625,18144531.25,0.403125,87238281250.0,0.2697265625,658.203125,-0.703125,308.59375,-191.40625,111.85365110831117,42.395373691864336,105.68988728850807,48.901957746026326,82.45139721969117,33.6737021211422,32.840437739891975,13.059730967538835,34.67649690717128,11.124534633116525,40.34632428165855,14.158079720473529
54.8828125,27.9296875,199.4140625,18144531.25,0.403125,87238281250.0,0.2697265625,658.203125,8.671875,-74.21875,-191.40625,103.52351267291469,36.921762735822426,119.04266600075755,41.50766126876042,87.03767915765589,29.98576286958091,38.172481105100786,14.995030943713193,28.7304326690934,10.813808393811298,21.455995554448677,8.568107998674288
54.8828125,27.9296875,199.4140625,18144531.25,0.403125,87238281250.0,0.2697265625,658.203125,8.671875,308.59375,488.28125,1666.5017354416718,465.88058907789247,2803.2467213142086,782.5998255559144,1164.5726074019628,325.3621657309561,2973.053653136208,829.8459950522279,600.3955022307737,167.7120876457981,1123.0791469793596,313.5580291861847
181.8359375,77.1484375,150.5859375,15917968.75,0.403125,45472656250.0,0.20527343750000002,1888.671875,-0.703125,-74.21875,488.28125,69.1886262126425,35.38179266047825,66.53214843427816,34.85102383760093,64.56244916568035,24.21638991379311,7.340959667696656,3.257946541916643,51.95715824061147,14.576917505089058,12.096729130215074,3.9918360657992236
179.8828125,72.9296875,74.4140625,8644531.25,0.8031250000000001,37738281250.0,0.3447265625,2908.203125,-21.328125,-191.40625,308.59375,6.918635447623327,3.8223015528330313,7.001756223709741,3.981814191899848,7.335764739040121,4.2657405271329685,0.33367229103139096,0.13430386170388806,3.2905062888671104,0.9262314489738955,0.45366864417697794,0.15866125101268103
56.8359375,72.9296875,74.4140625,8644531.25,0.8031250000000001,37738281250.0,0.3447265625,2908.203125,-21.328125,-191.40625,308.59375,2.1958256587904508,1.2124939945728752,2.2169406104491647,1.260604142258774,2.325458318687326,1.3518477704888976,0.10826279176881975,0.043540767469576906,1.0506784825381452,0.295742213297837,0.1469157865058782,0.05098266177024994
179.8828125,32.1484375,74.4140625,8644531.25,0.8031250000000001,37738281250.0,0.3447265625,2908.203125,-21.328125,-191.40625,308.59375,3.0507554552172484,1.6853548000855607,3.088531333454069,1.7563228290898372,3.2352840150533355,1.881293151395612,0.14685046943378824,0.05911850348874743,1.4515455889615254,0.40859074318684,0.19970656627229427,0.06992354047205689
179.8828125,72.9296875,275.5859375,8644531.25,0.8031250000000001,37738281250.0,0.3447265625,2908.203125,-21.328125,-191.40625,308.59375,26.02920220706663,14.351319481612423,26.349556871852055,14.96830634543976,27.60368784218874,16.037046195043008,1.2833254233921074,0.5167032524640064,12.645015853615243,3.5592731935379303,1.742515526246388,0.6093090669553195
179.8828125,72.9296875,74.4140625,6417968.75,0.8031250000000001,37738281250.0,0.3447265625,2908.203125,-21.328125,-191.40625,308.59375,5.136610049907423,2.8377955044304883,5.1983214982174,2.956222646765228,5.446299803995896,3.16701838503365,0.24772868240604376,0.09971136230433264,2.442974167468894,0.6876630233457344,0.3368177055502823,0.11779504537453002
179.8828125,72.9296875,74.4140625,8644531.25,0.8031250000000001,37738281250.0,0.3447265625,2908.203125,-21.328125,-191.40625,308.59375,6.918635447623327,3.8223015528330313,7.001756223709741,3.981814191899848,7.335764739040121,4.2657405271329685,0.33367229103139096,0.13430386170388806,3.2905062888671104,0.9262314489738955,0.45366864417697794,0.15866125101268103
179.8828125,72.9296875,74.4140625,8644531.25,0.8031250000000001,94972656250.0,0.3447265625,2908.203125,-21.328125,-191.40625,308.59375,2.7491850886146905,1.5188275943700866,2.78221391343149,1.5822114468779842,2.914935349149287,1.6950322556916717,0.13258783381953138,0.0533669069189842,1.3075137275015487,0.3680468074090735,0.18026951718807976,0.06304554542975
179.8828125,72.9296875,74.4140625,8644531.25,0.8031250000000001,37738281250.0,0.2802734375,2908.203125,-21.328125,-191.40625,308.59375,9.319690202640022,5.134246242461978,9.4316275867767,5.3418270643030965,7.741206674967001,4.342591959558408,0.4494532653652114,0.1804182775911158,4.036192793999414,1.1361317595935017,0.5564779252013012,0.1946166765251176
179.8828125,72.9296875,74.4140625,8644531.25,0.8031250000000001,37738281250.0,0.3447265625,4138.671875,-21.328125,-191.40625,308.59375,2.455415641028516,1.4182087702320925,2.4700812741237383,1.445623643132486,2.593410808338902,1.5380689462946533,0.060619311153080724,0.024366909378418896,0.6178450097181793,0.17394469535610282,0.08576938846915935,0.02984119014355707
179.8828125,72.9296875,74.4140625,8644531.25,0.8031250000000001,37738281250.0,0.3447265625,2908.203125,29.296875,-191.40625,308.59375,6.92119300961601,3.8243261262829846,6.999757495694501,3.9814378058460913,7.336061171522185,4.266292655762663,0.34689695275514276,0.13945670026773288,3.294575293504091,0.9273319900626116,0.47301419646281306,0.16275165915720832
179.8828125,72.9296875,74.4140625,8644531.25,0.8031250000000001,37738281250.0,0.3447265625,2908.203125,-21.328125,425.78125,308.59375,7.009175169281975,4.087112673352371,7.0072543156511875,4.080433720871611,8.341500020784482,4.5301450080996695,0.4320380019349903,0.133602617331888,0.3725694363869439,0.14054683331857207,0.5322053503981364,0.17615745925308032
179.8828125,72.9296875,74.4140625,8644531.25,0.8031250000000001,37738281250.0,0.3447265625,2908.203125,-21.328125,-191.40625,-11.71875,6.8485157913858234,3.8510274061559056,6.930914108298144,4.0441075930047825,7.185042515590225,4.285726108766913,0.511796139909194,0.17354494786169727,3.0775290683060526,0.8674713353682224,2.1923701001372504,0.6153528709092111
56.8359375,32.1484375,275.5859375,6417968.75,0.8031250000000001,94972656250.0,0.2802734375,4138.671875,29.296875,425.78125,-11.71875,0.5110622332932881,0.3032123301707085,0.5149840014401403,0.30435412027255077,0.39983634890281783,0.24515358401455845,0.00961341253752337,0.003374628800082468,0.011999493540482282,0.004765049706468245,0.08682286836778598,0.024338505021468226
242.3828125,50.4296875,261.9140625,13394531.25,0.603125,12988281250.0,0.2322265625,4033.203125,-6.328125,-441.40625,58.59375,44.63714719034483,25.091998145455136,46.033233724298164,27.0927289544806,27.47628247787396,16.429732157438114,1.7411770986931994,0.6969053582487984,13.85623455476651,3.909398334155334,5.640203761490955,1.5853420525387656
119.3359375,50.4296875,261.9140625,13394531.25,0.603125,12988281250.0,0.2322265625,4033.203125,-6.328125,-441.40625,58.59375,22.057082284339426,12.393171069642515,22.693014751950148,13.35442085348998,13.560921471412849,8.106422796170422,0.8589712967747043,0.3447634354960742,6.88115587622364,1.9414575395369993,2.787407163539564,0.7834715593630657
242.3828125,99.6484375,261.9140625,13394531.25,0.603125,12988281250.0,0.2322265625,4033.203125,-6.328125,-441.40625,58.59375,88.1828075504348,49.57114666600213,90.90155397670785,53.50064519419449,54.26872644135733,32.449989758170254,3.4337718114390405,1.375120955715073,27.366479709132758,7.721167573135921,11.130561086737751,3.1285500582892847
242.3828125,50.4296875,88.0859375,13394531.25,0.603125,12988281250.0,0.2322265625,4033.203125,-6.328125,-441.40625,58.59375,14.911572949580854,8.388435131766878,15.372897467169595,9.050091692660741,9.177078006726445,5.488933246311894,0.5748257483236785,0.23024326548107957,4.588547915599628,1.2945904591373334,1.8676059459941412,0.5249324750648537
242.3828125,50.4296875,261.9140625,1667968.75,0.603125,12988281250.0,0.2322265625,4033.203125,-6.328125,-441.40625,58.59375,5.558489895093975,3.124608692945274,5.732339107691837,3.373751899551827,3.421514324308013,2.0459304844637134,0.2168219950836967,0.08678290696186552,1.7254628623170891,0.4868221314331664,0.7023525827228456,0.19741646440188187
242.3828125,50.4296875,261.9140625,13394531.25,0.203125,12988281250.0,0.2322265625,4033.203125,-6.328125,-441.40625,58.59375,15.033236100375197,8.450672950541884,15.503420684349122,9.12449420746756,9.253670264568946,5.533329483075011,0.5864067948966732,0.23470905847757456,4.666607492537943,1.3166367446637135,1.8995504896213056,0.5339234891969936
242.3828125,50.4296875,261.9140625,13394531.25,0.603125,70222656250.0,0.2322265625,4033.203125,-6.328125,-441.40625,58.59375,8.256022384596793,4.640979798277706,8.514240536980108,5.011032083976637,5.081973590639756,3.0388195707560617,0.32204560567140716,0.12889861023403543,2.562829164743764,0.7230766791492733,1.0432039554406978,0.293222580224253
242.3828125,50.4296875,261.9140625,13394531.25,0.603125,12988281250.0,0.2427734375,4033.203125,-6.328125,-441.40625,58.59375,43.24649771382414,24.314795713471742,44.5991148151696,26.254964648647945,28.213279431725837,16.827156010383508,1.6943426226855947,0.6766429071914183,13.611380829531553,3.8403152985180666,5.540535637613086,1.557327449740185
242.3828125,50.4296875,261.9140625,13394531.25,0.603125,12988281250.0,0.2322265625,3013.671875,-6.328125,-441.40625,58.59375,101.8379479218186,54.24202991216232,107.60761368601845,62.13063189500277,63.5549306746915,37.23515818223562,7.574697786477304,2.91911788945149,51.402028709940616,14.515496673915704,21.027146406398025,5.917621136565767
242.3828125,50.4296875,261.9140625,13394531.25,0.603125,12988281250.0,0.2322265625,4033.203125,-15.703125,-441.40625,58.59375,44.64707856692082,25.09615380858897,46.025353903270094,27.087422549753796,27.476908759474735,16.429667313715957,1.7550356159125557,0.6989913962634369,13.857728643884627,3.9098497809757777,5.6208035221818236,1.5799531422426454
242.3828125,50.4296875,261.9140625,13394531.25,0.603125,12988281250.0,0.2322265625,4033.203125,-6.328125,-324.21875,58.59375,45.70766058161191,26.038101738382593,46.39322419307248,27.42470395700663,27.91106959829986,16.879799912886632,1.5365710994935586,0.5929131972931566,12.318320756885377,3.472859561312221,5.862550198161152,1.647530204103938
242.3828125,50.4296875,261.9140625,13394531.25,0.603125,12988281250.0,0.2322265625,4033.203125,-6.328125,-441.40625,-261.71875,43.988551622418235,24.868792154631368,46.18024398912032,26.283904014682886,27.32384254394686,16.009272255382562,3.256128851887503,1.392023649826304,12.948285121733532,3.656661056189932,10.423307386077102,2.926781662324053
119.3359375,99.6484375,88.0859375,1667968.75,0.203125,70222656250.0,0.2427734375,3013.671875,-15.703125,-324.21875,-261.71875,0.2550528958142323,0.13961543604587467,0.2674086129563489,0.14649595541206298,0.16802149590322177,0.0958193992296605,0.029470210318622975,0.011873355292806758,0.10282298931584076,0.029055112030672167,0.0961010455537121,0.027006429679925063
117.3828125,95.4296875,136.9140625,3894531.25,0.203125,62488281250.0,0.30722656249999997,1783.203125,23.671875,58.59375,-441.40625,3.8436660778233644,1.986439729260592,3.6921171495073635,1.6017632395051182,3.361460408504192,1.6037666718741677,0.7683755746681493,0.2885992635497254,1.2898397269410093,0.3655356158827888,3.4232033252256207,0.9679082743130099
244.3359375,95.4296875,136.9140625,3894531.25,0.203125,62488281250.0,0.30722656249999997,1783.203125,23.671875,58.59375,-441.40625,7.855340879388791,4.062178374781514,7.619519525690331,3.309395223851958,6.901968223481191,3.2927938322182215,1.545820974749537,0.5797824357936191,2.6536828489977977,0.7517335160983345,7.006785129298436,1.9811920131040945
117.3828125,54.6484375,136.9140625,3894531.25,0.203125,62488281250.0,0.30722656249999997,1783.203125,23.671875,58.59375,-441.40625,2.2036775735974614,1.1381797610534414,2.1190723407474166,0.9183548564336184,1.9282606245659484,0.9187733723513997,0.44145185250054864,0.1656885230483677,0.7402192117252725,0.20977500781740402,1.9631652285336372,0.5551221047961896
117.3828125,95.4296875,213.0859375,3894531.25,0.203125,62488281250.0,0.30722656249999997,1783.203125,23.671875,58.59375,-441.40625,6.076255732066598,3.1309622926013296,5.831014335028215,2.516745494566428,5.3121247262976645,2.5203808710909983,1.2363824627722158,0.463380659331342,2.0400016350623638,0.5782650442269293,5.414045268470186,1.531255776313009
117.3828125,95.4296875,136.9140625,11167968.75,0.203125,62488281250.0,0.30722656249999997,1783.203125,23.671875,58.59375,-441.40625,11.02210763941524,5.696320146395217,10.58752550696244,4.593220764037244,9.639333307836994,4.598965812325221,2.2033959558437703,0.8275880586646589,3.6987480233945287,1.0482109586849482,9.816387469227731,2.77557648571805
117.3828125,95.4296875,136.9140625,3894531.25,0.603125,62488281250.0,0.30722656249999997,1783.203125,23.671875,58.59375,-441.40625,11.412731584921683,5.898197965342989,10.962747843921864,4.7560046957613515,9.980951674481679,4.761953348795607,2.281484398630044,0.8569178133091847,3.8298318046094595,1.0853595979288961,10.164280642592999,2.8739430298832453
117.3828125,95.4296875,136.9140625,3894531.25,0.203125,20722656250.0,0.30722656249999997,1783.203125,23.671875,58.59375,-441.40625,11.590410225624952,5.990023816961675,11.13342093132315,4.8300483585981855,10.136339708735452,4.836089622991717,2.3170035943386216,0.8702587029227064,3.889456383011372,1.1022569740390147,10.322522826321256,2.918685893343114
117.3828125,95.4296875,136.9140625,3894531.25,0.203125,62488281250.0,0.3177734375,1783.203125,23.671875,58.59375,-441.40625,3.662961335126381,1.8942660437382368,3.518520329728545,1.5262267126408136,3.363204043853178,1.6034359396174966,0.7406075317462254,0.2767753870694678,1.24810961282658,0.3537094621017659,3.312452615339095,0.9365935908715459
117.3828125,95.4296875,136.9140625,3894531.25,0.203125,62488281250.0,0.30722656249999997,763.671875,23.671875,58.59375,-441.40625,42.54755182966053,16.004428600914448,33.886650792773715,11.147495422811268,34.71869019280269,11.725515392396959,11.627822795560327,4.746527897686608,3.8789157405064607,1.407251167492625,10.284780790630052,4.625942520021512
117.3828125,95.4296875,136.9140625,3894531.25,0.203125,62488281250.0,0.30722656249999997,1783.203125,14.296875,58.59375,-441.40625,3.843101846919664,1.986288811155092,3.692570691061931,1.601918606725843,3.361409863765583,1.603757890009741,0.7680083611312734,0.2885706955192047,1.2879625055427508,0.3650119395722756,3.423927871854776,0.9681125807174564
117.3828125,95.4296875,136.9140625,3894531.25,0.203125,62488281250.0,0.30722656249999997,1783.203125,23.671875,175.78125,-441.40625,3.772059810924974,2.0351193783719665,3.6698914852495323,1.6048085067089262,3.3192199682749877,1.6306777553500174,0.5116216102150642,0.2217488023349162,0.8604995600263913,0.24778520596234366,3.6493468209536926,1.0306726973333573
117.3828125,95.4296875,136.9140625,3894531.25,0.203125,62488281250.0,0.30722656249999997,1783.203125,23.671875,58.59375,238.28125,3.896238250115822,2.21825140770766,4.046863478307447,2.254330922888963,5.579966494153681,2.343455194781575,0.3154680260046946,0.09953545117028544,2.934235623173907,0.8243066774770965,1.4078213242222006,0.40681439364823785
244.3359375,54.6484375,213.0859375,11167968.75,0.603125,20722656250.0,0.3177734375,763.671875,14.296875,175.78125,238.28125,2429.2315641943364,1046.7598794172116,3992.5456506646624,1392.830482977068,2045.2552281781022,941.7913858867195,7678.122641462664,2144.4625238498,6922.938054228808,1940.3816809702998,11008.150334925891,3075.827033987516
148.6328125,39.1796875,105.6640625,1519531.25,0.30312500000000003,99613281250.0,0.21347656250000002,4595.703125,-13.828125,-66.40625,183.59375,0.04788501059877165,0.028225636194212034,0.04792214243741868,0.028472185015916713,0.02675161840704745,0.016093262810394943,0.00048601842209129107,0.00020646058322602664,0.006517397485082231,0.001834209411870149,0.0030385573870928876,0.0008668585740401145
275.5859375,39.1796875,105.6640625,1519531.25,0.30312500000000003,99613281250.0,0.21347656250000002,4595.703125,-13.828125,-66.40625,183.59375,0.08846576718745137,0.05215356477979152,0.08873074708789916,0.05272036850146907,0.04945692705658066,0.029763732025592484,0.0009342815321212054,0.0003760908073812359,0.011973716454119931,0.0033698426704152303,0.0055994066205839665,0.0015976537298351152
148.6328125,88.3984375,105.6640625,1519531.25,0.30312500000000003,99613281250.0,0.21347656250000002,4595.703125,-13.828125,-66.40625,183.59375,0.10802207071268827,0.06367357085579527,0.10807786007638394,0.06421346409781387,0.06033486551354483,0.03629904441495991,0.0010901603680016914,0.0004662590891887738,0.014700069935856763,0.004137073680154238,0.006851076598626082,0.0019544825325006976
148.6328125,39.1796875,244.3359375,1519531.25,0.30312500000000003,99613281250.0,0.21347656250000002,4595.703125,-13.828125,-66.40625,183.59375,0.1112289310070831,0.06555169488375814,0.1113157663834981,0.0661281589803157,0.06220552862762279,0.03738689985838986,0.0011374216910372465,0.00048294404218344745,0.015232995122482445,0.004287076972426377,0.007102047189221847,0.0020261483508362686
148.6328125,39.1796875,105.6640625,13542968.75,0.30312500000000003,99613281250.0,0.21347656250000002,4595.703125,-13.828125,-66.40625,183.59375,0.42677977312581317,0.25156370356126767,0.4271107142173023,0.25376109370227057,0.23842637793633292,0.14343275620472817,0.004331686039564291,0.001840099851014484,0.058086933369614645,0.016347568202966085,0.027081435632521956,0.0077259606071904295
148.6328125,39.1796875,105.6640625,1519531.25,0.703125,99613281250.0,0.21347656250000002,4595.703125,-13.828125,-66.40625,183.59375,0.11107347819302703,0.06547183653296604,0.11115960874658971,0.06604372812970372,0.062052723109130674,0.03732973332308105,0.0011273623192839225,0.0004789034146995459,0.015117674578798989,0.0042546094605235415,0.007048200124699997,0.002010754424319853
148.6328125,39.1796875,105.6640625,1519531.25,0.30312500000000003,8347656250.0,0.21347656250000002,4595.703125,-13.828125,-66.40625,183.59375,0.5714158424329789,0.3368188809492752,0.5718589397738015,0.3397609686901695,0.3192293032279443,0.19204225312488604,0.005799698540828281,0.002463711433246093,0.07777265010158259,0.02188777454941538,0.03625935981668494,0.010344295974074385
148.6328125,39.1796875,105.6640625,1519531.25,0.30312500000000003,99613281250.0,0.3365234375,4595.703125,-13.828125,-66.40625,183.59375,0.030094832408696214,0.01778672815166443,0.030118173328285678,0.017945060929608517,0.030563412934651833,0.018463162037014775,0.00032026748729761074,0.000132515587567794,0.004855129541414072,0.0013663926929566627,0.0022635706610075654,0.000645765534583953
148.6328125,39.1796875,105.6640625,1519531.25,0.30312500000000003,99613281250.0,0.21347656250000002,3576.171875,-13.828125,-66.40625,183.59375,0.10079594146443677,0.058414254179505166,0.10092443736877153,0.059254573414649896,0.06191124300490148,0.0343261467562168,0.0017733465005744316,0.0007281880064612123,0.02179896179080428,0.006135788854152975,0.010171173919774706,0.002904357485582071
148.6328125,39.1796875,105.6640625,1519531.25,0.30312500000000003,99613281250.0,0.21347656250000002,4595.703125,-8.203125,-66.40625,183.59375,0.04788331640321632,0.028224709578444918,0.04792381696240932,0.028473183453016474,0.0267514444428326,0.01609326723638139,0.0004828625143632064,0.00020691006170053426,0.006517446651586434,0.0018342191007535917,0.003040187419848568,0.0008673040260717226
148.6328125,39.1796875,105.6640625,1519531.25,0.30312500000000003,99613281250.0,0.21347656250000002,4595.703125,-13.828125,-199.21875,183.59375,0.04756304485513585,0.027701418984766385,0.047814635595065276,0.02829339968595337,0.02611083526042653,0.01586512333344388,0.0006817800085571642,0.0003177379950498737,0.008308394721603147,0.0023395036091297633,0.0029694763754594864,0.0008476403393462562
148.6328125,39.1796875,105.6640625,1519531.25,0.30312500000000003,99613281250.0,0.21347656250000002,4595.703125,-13.828125,-66.40625,363.28125,0.0478485246462812,0.028094734297112966,0.04781267541658765,0.02809046036615387,0.02695159394648593,0.015972904473894725,0.00076912121409723,0.0002992670400852717,0.0065642902068396665,0.0018469670666032866,0.0008136610503727623,0.00028646101027355784
275.5859375,88.3984375,244.3359375,13542968.75,0.703125,8347656250.0,0.3365234375,3576.171875,-8.203125,-199.21875,363.28125,149.47521622039122,84.7146994325743,150.94396739614726,86.86452587650305,152.56114451872276,89.5960278022509,5.728171211027338,2.3259837433985515,49.35321479070717,13.893418030560083,4.8219028170758085,1.6891231302610537
273.6328125,84.1796875,230.6640625,11019531.25,0.703125,50113281250.0,0.2884765625,2345.703125,16.171875,433.59375,-316.40625,76.35468463309032,43.525654351362725,77.0803329311184,40.80601659432952,62.071132921420485,36.17132802543089,8.648982241699139,2.6225174284096235,4.462669272205355,1.8832333323692185,56.480937925980264,15.86760700413124
150.5859375,84.1796875,230.6640625,11019531.25,0.703125,50113281250.0,0.2884765625,2345.703125,16.171875,433.59375,-316.40625,42.52511060113767,24.23570281132424,42.61078627739503,22.544923202754898,34.44379752737113,20.08297430010994,4.797328675950419,1.4473861144951408,2.741863759744822,1.1092709052203562,31.48546321847239,8.845430663283201
273.6328125,43.3984375,230.6640625,11019531.25,0.703125,50113281250.0,0.2884765625,2345.703125,16.171875,433.59375,-316.40625,39.385223137498954,22.449861318275367,39.79026880281352,21.05843472897383,32.02905525721973,18.65956275419889,4.47265465949983,1.3570638388112826,2.282988718590156,0.9680583989806698,29.188033019105532,8.200034347263578
273.6328125,84.1796875,119.3359375,11019531.25,0.703125,50113281250.0,0.2884765625,2345.703125,16.171875,433.59375,-316.40625,39.01339677780664,22.25371896162106,39.370633686453985,20.895393310473267,31.714171824928247,18.508729919180173,4.352424534186478,1.3186347048626412,2.256888579902148,0.9493608341982734,28.457320994579643,7.994567357692774
273.6328125,84.1796875,230.6640625,4042968.75,0.703125,50113281250.0,0.2884765625,2345.703125,16.171875,433.59375,-316.40625,28.013859835252923,15.969178395484022,28.280093790750637,14.971367307738763,22.77335078825601,13.270940980617146,3.1732352428779187,0.9621784964211131,1.6373139655202202,0.6909416869911879,20.72235758716398,5.821684951887924
273.6328125,84.1796875,230.6640625,11019531.25,0.30312500000000003,50113281250.0,0.2884765625,2345.703125,16.171875,433.59375,-316.40625,32.917352930710045,18.764393209254155,33.23018797474881,17.59192715399984,26.75955508167905,15.593861415407984,3.728672344199183,1.1305964024699267,1.9239063084618635,0.8118828143991741,24.349559905867046,6.840701686225468
273.6328125,84.1796875,230.6640625,11019531.25,0.703125,57847656250.0,0.2884765625,2345.703125,16.171875,433.59375,-316.40625,66.14587407373325,37.70616649832078,66.7745013959969,35.35015104927095,53.77206862373579,31.335131827824494,7.492591881879818,2.2718803490490282,3.8659993310231933,1.6314403687598558,48.9292965529341,13.746068624214983
273.6328125,84.1796875,230.6640625,11019531.25,0.703125,50113281250.0,0.2615234375,2345.703125,16.171875,433.59375,-316.40625,84.27938248803979,47.94690751641995,85.07617788548195,45.01426642906186,60.894870593182226,35.27221936827076,9.545072331845637,2.8914686646875603,4.746278349465724,2.002915530417309,60.070383101260255,16.87601634532986
273.6328125,84.1796875,230.6640625,11019531.25,0.703125,50113281250.0,0.2884765625,1326.171875,16.171875,433.59375,-316.40625,368.0590951479943,196.16801925488514,386.299059510312,169.6876892781579,299.61160022623983,141.5648018315217,95.28658020053302,30.5352954276626,48.125247481182114,18.692694738872568,507.98890619591,143.24239522810498
273.6328125,84.1796875,230.6640625,11019531.25,0.703125,50113281250.0,0.2884765625,2345.703125,21.796875,433.59375,-316.40625,76.41789686701469,43.56434781714058,77.02872337493301,40.79251020776614,62.080828307939775,36.190111883574815,8.688465753677331,2.6406643168125012,4.341944380226452,1.8619465101058685,56.42300156131748,15.851104780398208
273.6328125,84.1796875,230.6640625,11019531.25,0.703125,50113281250.0,0.2884765625,2345.703125,16.171875,300.78125,-316.40625,78.85296805295702,44.801509544654984,78.73120436143958,41.241645517280766,63.41097252203685,36.833265647562385,6.372217775730441,2.152800874584752,5.917741773199051,1.968720155666285,56.453658205094236,15.864668405057635
273.6328125,84.1796875,230.6640625,11019531.25,0.703125,50113281250.0,0.2884765625,2345.703125,16.171875,433.59375,-136.71875,77.50743114369737,44.91441686093149,80.14896172643917,44.52103387362313,73.8807623900807,39.37735855061718,6.368984228394704,1.8993933023101246,5.321314598160204,2.105119059548952,49.127390317139174,13.773434274653722
150.5859375,43.3984375,119.3359375,4042968.75,0.30312500000000003,57847656250.0,0.2615234375,1326.171875,21.796875,300.78125,-136.71875,9.438719777892016,5.238334241195369,9.539053336649088,4.501018797891784,6.98648065550553,3.764119533445395,1.356079919792975,0.5474248663900148,1.9524234302094852,0.6410292663598218,13.727188039455749,3.849376186503024
211.1328125,16.6796875,168.1640625,6269531.25,0.903125,25363281250.0,0.2509765625,1220.703125,1.171875,183.59375,-66.40625,101.17594192800816,55.43821267198051,104.37024382059718,49.1823948653443,69.83881626623989,38.477674051152455,36.95267703504965,11.237342880752545,57.93573941493508,16.538266063238762,155.1725100112581,43.5226811232493
88.0859375,16.6796875,168.1640625,6269531.25,0.903125,25363281250.0,0.2509765625,1220.703125,1.171875,183.59375,-66.40625,43.7906446553964,23.94613753352587,44.08175267157289,20.723555911754048,30.61192557579979,16.514408364955965,17.395447039673712,5.2357841641418945,27.003312930922558,7.696973143392957,66.62487238495078,18.685360568309818
211.1328125,65.8984375,168.1640625,6269531.25,0.903125,25363281250.0,0.2509765625,1220.703125,1.171875,183.59375,-66.40625,399.1937276125395,218.89384885783485,410.66194074797346,193.78158933062326,280.1870567957431,152.37963092382424,145.37307055590554,44.200004432866436,229.9529613592528,65.62329408163714,610.6761163634948,171.27439073409852
211.1328125,16.6796875,181.8359375,6269531.25,0.903125,25363281250.0,0.2509765625,1220.703125,1.171875,183.59375,-66.40625,110.045075983542,60.241615680492586,113.55131510942496,53.41584191627745,75.67319227484276,41.64524852474543,40.66688529877518,12.35608768364629,63.08876611716176,18.01232739511659,169.1744643813788,47.45166818781947
211.1328125,16.6796875,168.1640625,8792968.75,0.903125,25363281250.0,0.2509765625,1220.703125,1.171875,183.59375,-66.40625,141.89847057940582,77.75166151067174,146.37845410602137,68.97792575818694,97.94839589738693,53.964638186382665,51.8258417482223,15.760285872008708,81.25442331652266,23.194789350997173,217.62823678214457,61.040221313666166
211.1328125,16.6796875,168.1640625,6269531.25,0.903125,25363281250.0,0.2509765625,1220.703125,1.171875,183.59375,-66.40625,101.17594192800816,55.43821267198051,104.37024382059718,49.1823948653443,69.83881626623989,38.477674051152455,36.95267703504965,11.237342880752545,57.93573941493508,16.538266063238762,155.1725100112581,43.5226811232493
211.1328125,16.6796875,168.1640625,6269531.25,0.903125,82597656250.0,0.2509765625,1220.703125,1.171875,183.59375,-66.40625,31.068119694422187,17.02342468097278,32.04899470925219,15.102449272200548,21.445421329708946,11.815348196459347,11.347067012938162,3.4506534558867936,17.790340790786168,5.078409153398406,47.6488582408654,13.364519675254563
211.1328125,16.6796875,168.1640625,6269531.25,0.903125,25363281250.0,0.2990234375,1220.703125,1.171875,183.59375,-66.40625,84.81949345811604,46.95916595770506,87.49892236776915,41.219362935923286,74.03714676621237,39.797480773043056,32.944250701306714,9.928026003467705,51.88137383196376,14.809994190532096,138.95676626615887,38.97450023642164
211.1328125,16.6796875,168.1640625,6269531.25,0.903125,25363281250.0,0.2509765625,2451.171875,1.171875,183.59375,-66.40625,13.013378986081499,7.533038551939692,13.113311265987198,7.431489283833006,10.820783808182744,5.55923001560312,0.5703476103182622,0.23375311931264037,2.486559754156417,0.7086304621612757,6.1432754618792735,1.7225829443836602
211.1328125,16.6796875,168.1640625,6269531.25,0.903125,25363281250.0,0.2509765625,1220.703125,-23.203125,183.59375,-66.40625,101.6462397626401,56.32558369538127,103.89858430372414,49.13277085399391,77.6042336563693,39.65064847201229,36.855934436859286,11.25170280118543,55.55473072132267,15.895678101361106,157.69125133262477,44.21559593660314
211.1328125,16.6796875,168.1640625,6269531.25,0.903125,25363281250.0,0.2509765625,1220.703125,1.171875,-449.21875,-66.40625,53.775840639718716,21.237108502499947,75.93743785846145,37.65382059447742,41.15254390785659,19.05454538070864,35.15753543126829,12.049966926312456,59.823254173344814,17.542881573991522,34.95542256434467,10.076685589476199
211.1328125,16.6796875,168.1640625,6269531.25,0.903125,25363281250.0,0.2509765625,1220.703125,1.171875,183.59375,-386.71875,92.5809422033573,46.3026785640397,93.3922720106405,36.5722655700723,63.39607986714307,26.645299479444578,20.525010037246716,8.580282890696799,20.27653948634465,6.086839908522325,89.00692081517428,25.398296216990133
88.0859375,65.8984375,181.8359375,8792968.75,0.903125,82597656250.0,0.2990234375,2451.171875,-23.203125,-449.21875,-386.71875,6.867590942255233,3.4920332950206987,7.720432489649805,3.8480432091062844,6.240383024470528,3.1779951309078873,1.6800545145695034,0.6993380677582982,4.179324375625114,1.1874714134823727,3.9479439843848287,1.1137488069133286
86.1328125,61.6796875,293.1640625,15769531.25,0.503125,74863281250.0,0.32597656249999996,3470.703125,-28.828125,-316.40625,433.59375,4.142049321102372,2.285813092678862,4.201798245134685,2.3772743008355977,4.040848965374231,2.3268325080633536,0.2554074400703162,0.11023740044638744,1.7056988597785525,0.48039572227773486,0.15211753540098918,0.061612957951579006
213.0859375,61.6796875,293.1640625,15769531.25,0.503125,74863281250.0,0.32597656249999996,3470.703125,-28.828125,-316.40625,433.59375,10.207956691855749,5.6354092971639815,10.37109365990577,5.868117043392698,9.966181282016986,5.739830735791483,0.6169434260788071,0.2654440624004424,4.1838743849927695,1.1783854708060626,0.3749064881336798,0.1540081974838186
86.1328125,20.8984375,293.1640625,15769531.25,0.503125,74863281250.0,0.32597656249999996,3470.703125,-28.828125,-316.40625,433.59375,1.403677672162343,0.7745977357375574,1.4241366048315192,0.805709508103178,1.3694852598598284,0.7885673955034592,0.0864673493250447,0.03730958108372486,0.578208825876275,0.16284793833409422,0.05158587223424566,0.020920570545991786
86.1328125,61.6796875,56.8359375,15769531.25,0.503125,74863281250.0,0.32597656249999996,3470.703125,-28.828125,-316.40625,433.59375,0.7928955061378389,0.4382986697254211,0.8041047409037166,0.45543736149705133,0.77339279036398,0.44577337971915987,0.04801178560990357,0.020728405802423727,0.3209821186931451,0.0904032163035592,0.028646341098300866,0.01159755644176435
86.1328125,61.6796875,293.1640625,18292968.75,0.503125,74863281250.0,0.32597656249999996,3470.703125,-28.828125,-316.40625,433.59375,4.804859294209166,2.651588484769658,4.874169230112888,2.7576852986903897,4.687464876107881,2.6991718194849352,0.2962776918130521,0.12787756905881403,1.9786444786581519,0.5572685576979519,0.17645935553203682,0.07147225218906231
86.1328125,61.6796875,293.1640625,15769531.25,0.503125,74863281250.0,0.32597656249999996,3470.703125,-28.828125,-316.40625,433.59375,4.142049321102372,2.285813092678862,4.201798245134685,2.3772743008355977,4.040848965374231,2.3268325080633536,0.2554074400703162,0.11023740044638744,1.7056988597785525,0.48039572227773486,0.15211753540098918,0.061612957951579006
86.1328125,61.6796875,293.1640625,15769531.25,0.503125,33097656250.0,0.32597656249999996,3470.703125,-28.828125,-316.40625,433.59375,9.368862886690305,5.170259402949414,9.504008422991415,5.377134660157468,9.139958742050883,5.263040837605827,0.5777037163870657,0.24934495214859143,3.858104407843262,1.0866026221471483,0.3440732404059909,0.13936177730933696
86.1328125,61.6796875,293.1640625,15769531.25,0.503125,74863281250.0,0.2240234375,3470.703125,-28.828125,-316.40625,433.59375,6.062632019964954,3.336159505172595,6.150061141000291,3.4648972635209527,3.7483257326600223,2.0971808772265774,0.3738189607658406,0.161277071879629,2.1689377977953255,0.6108630688084292,0.193430083128219,0.07834599441105528
86.1328125,61.6796875,293.1640625,15769531.25,0.503125,74863281250.0,0.32597656249999996,4701.171875,-28.828125,-316.40625,433.59375,1.7016372707433127,0.9794943268005549,1.7148980745025735,0.9998125270871454,1.653579510961155,0.9752615006588302,0.05855919533233625,0.025418215048966134,0.4038598324426837,0.11374321323076961,0.035923848418386924,0.014501596145461431
86.1328125,61.6796875,293.1640625,15769531.25,0.503125,74863281250.0,0.32597656249999996,3470.703125,6.796875,-316.40625,433.59375,4.141847047502371,2.28576983845745,4.202116219397403,2.37749083367941,4.040905303196413,2.3269257012403166,0.2559187676132559,0.11050163618190319,1.7054472315163836,0.480323256072869,0.1521165144788073,0.06150988842576497
86.1328125,61.6796875,293.1640625,15769531.25,0.503125,74863281250.0,0.32597656249999996,3470.703125,-28.828125,50.78125,433.59375,4.281749001775332,2.508871718620015,4.248014771238263,2.453193507830105,4.2450067468818755,2.4958408353698855,0.10503908459213501,0.037534242383077794,0.8909183954040896,0.25078685203622597,0.15870865651993335,0.0662571118451156
86.1328125,61.6796875,293.1640625,15769531.25,0.503125,74863281250.0,0.32597656249999996,3470.703125,-28.828125,-316.40625,113.28125,4.151866405869786,2.3189441688748427,4.2321913348940425,2.4756853342935488,4.060365279276235,2.3851478002109117,0.17112238871971752,0.06896340182861188,1.6681088332235188,0.4703090386073292,0.6646811630472491,0.1876112519443457
213.0859375,20.8984375,56.8359375,18292968.75,0.503125,33097656250.0,0.2240234375,4701.171875,6.796875,50.78125,113.28125,1.0743051251623905,0.6404875271954388,1.0756348044804478,0.6429224563016461,0.6309796481976099,0.3856634303673788,0.009944429279159126,0.0033696308122795194,0.10458550172930756,0.02945367303759939,0.08998471767282556,0.02535068271215573
101.7578125,44.8046875,152.5390625,12207031.25,0.8531250000000001,56300781250.0,0.2041015625,4876.953125,-10.078125,121.09375,496.09375,1.8506562658190036,1.1047275620275399,1.8405677277487358,1.0830300534545412,1.0043130506975262,0.5878537179027459,0.024952419411099245,0.008568857907377379,0.13160026090162333,0.03713190938941933,0.05754934486888077,0.020034736772534156
197.4609375,44.8046875,152.5390625,12207031.25,0.8531250000000001,56300781250.0,0.2041015625,4876.953125,-10.078125,121.09375,496.09375,3.5850088757844008,2.1400781442131773,3.569416455355865,2.1003444833568854,1.9459389531659297,1.1393137479973623,0.047590706644250795,0.0164400717784418,0.25434436867701216,0.07176483427943213,0.11163321993793121,0.03884727278160257
101.7578125,37.7734375,152.5390625,12207031.25,0.8531250000000001,56300781250.0,0.2041015625,4876.953125,-10.078125,121.09375,496.09375,1.560250422542141,0.9313726093026304,1.551779206368656,0.9130989344101759,0.8467312664728633,0.49561314700086134,0.021031778685627445,0.007223294839078282,0.11095202219887704,0.031305867393249656,0.04852338528568615,0.0168923631103244
101.7578125,44.8046875,197.4609375,12207031.25,0.8531250000000001,56300781250.0,0.2041015625,4876.953125,-10.078125,121.09375,496.09375,2.398749121250008,1.4318627630691856,2.38564730250007,1.4036890083582207,1.3022374907883483,0.7619890019751264,0.03240387490603658,0.011127729146670396,0.17089479242083028,0.048219150899237,0.0747332385449512,0.026016409023446346
101.7578125,44.8046875,152.5390625,2855468.75,0.8531250000000001,56300781250.0,0.2041015625,4876.953125,-10.078125,121.09375,496.09375,0.43290551370038133,0.2584178713094821,0.43054560287498417,0.2533423901040862,0.23492890881916534,0.13751074169181032,0.00583686994864433,0.0020044272416937167,0.030783933030107725,0.008685896244372968,0.013461942751728588,0.00468652562583119
101.7578125,44.8046875,152.5390625,12207031.25,0.753125,56300781250.0,0.2041015625,4876.953125,-10.078125,121.09375,496.09375,1.6337295240380214,0.975235686625044,1.6248235252287373,0.9560814757602358,0.8865913744252887,0.5189477875991273,0.022027593692582097,0.007564449654497976,0.11617458929410703,0.0327794511459709,0.05080363411501928,0.017686342718610738
101.7578125,44.8046875,152.5390625,12207031.25,0.8531250000000001,64035156250.0,0.2041015625,4876.953125,-10.078125,121.09375,496.09375,1.6271279667693102,0.9712949644057176,1.6182579552273855,0.9522181516769535,0.8830088452207312,0.5168508287764458,0.021938584821092746,0.007533883305010074,0.1157051522219909,0.03264699628071132,0.050598347318683484,0.017614875928904702
101.7578125,44.8046875,152.5390625,12207031.25,0.8531250000000001,56300781250.0,0.3271484375,4876.953125,-10.078125,121.09375,496.09375,1.1916734592316265,0.7131804933725248,1.185176228514184,0.6992876804643745,1.15645829233208,0.7002483159276595,0.016069825339482546,0.005524922155406748,0.10022640548249645,0.02827956252750371,0.04382942658747663,0.0152584017519552
101.7578125,44.8046875,152.5390625,12207031.25,0.8531250000000001,56300781250.0,0.2041015625,3857.421875,-10.078125,121.09375,496.09375,3.702977936912048,2.190627518505542,3.6708008302716415,2.1240265203972735,2.2385633934833944,1.194884961998028,0.07884865690074365,0.02707490515233249,0.41448806682529166,0.11695453133901403,0.18137880945863416,0.06278293675547642
101.7578125,44.8046875,152.5390625,12207031.25,0.8531250000000001,56300781250.0,0.2041015625,4876.953125,-19.453125,121.09375,496.09375,1.8507094059432871,1.104757284928425,1.8405198238093328,1.0830017767576414,1.0043107612605755,0.5878538847579058,0.02486715914986954,0.00855119235089008,0.13161589064407173,0.0371363118189264,0.05756114765864193,0.020036987255468854
101.7578125,44.8046875,152.5390625,12207031.25,0.8531250000000001,56300781250.0,0.2041015625,4876.953125,-10.078125,-136.71875,496.09375,1.8512887026492015,1.081998962148117,1.8407731289081037,1.0754347715022374,0.9733752580351605,0.5781948328030896,0.043567299446663876,0.01912436320045993,0.25977232119721544,0.07309072454850843,0.0558902486980893,0.019587079839207287
101.7578125,44.8046875,152.5390625,12207031.25,0.8531250000000001,56300781250.0,0.2041015625,4876.953125,-10.078125,121.09375,-199.21875,1.8722510126906462,1.110637770765413,1.8704284139391893,1.0997127417029455,0.9605770103858832,0.5899331051194903,0.03346356436855153,0.012512839592999916,0.12510409771401154,0.03533262788547709,0.29429687871206983,0.08253387872877507
197.4609375,37.7734375,197.4609375,2855468.75,0.753125,64035156250.0,0.3271484375,3857.421875,-19.453125,-136.71875,-199.21875,0.9166053790560671,0.5310403101419768,0.9251026135782259,0.5347960641539998,0.8964663662470677,0.5299707569169282,0.045193973777601225,0.01780377941948531,0.21640302427306052,0.06097834572798125,0.25141344878921146,0.07054390209910857
226.7578125,89.8046875,277.5390625,2707031.25,0.453125,6800781250.0,0.2791015625,2626.953125,19.921875,-378.90625,-3.90625,67.11413030843579,35.20924085110261,69.95875567254075,40.50672018083221,53.09675703676556,30.639059470638866,7.7710058706092315,2.7280952903652165,41.472723320824564,11.715367268064059,22.038783239089543,6.192188207648743
72.4609375,89.8046875,277.5390625,2707031.25,0.453125,6800781250.0,0.2791015625,2626.953125,19.921875,-378.90625,-3.90625,21.6224245427555,11.318696270347498,22.424774365185975,12.988972602470028,17.070751852756374,9.836420499394261,2.5437749855858867,0.8907528588000935,13.466674861165181,3.8042917878445066,7.01687184249982,1.9717444124654795
226.7578125,82.7734375,277.5390625,2707031.25,0.453125,6800781250.0,0.2791015625,2626.953125,19.921875,-378.90625,-3.90625,61.864640360256146,32.4549930020967,64.49642784391625,37.34308459875584,48.9468500782594,28.24422104557233,7.164947921616691,2.5153289812417348,38.23398067675382,10.800479917547696,20.32816297373241,5.711552561687688
226.7578125,89.8046875,72.4609375,2707031.25,0.453125,6800781250.0,0.2791015625,2626.953125,19.921875,-378.90625,-3.90625,17.224179984180854,9.068368058810268,17.935951018564815,10.393461948746493,13.618617832307859,7.876457098732105,1.9214094070558305,0.6773427276710621,10.440320233860504,2.948965838784508,5.544107391393261,1.5575698972123548
226.7578125,89.8046875,277.5390625,12355468.75,0.453125,6800781250.0,0.2791015625,2626.953125,19.921875,-378.90625,-3.90625,306.32322390415936,160.70249467826488,319.3067015761131,184.8813216911577,242.34493868295743,139.84321083063597,35.468530402217894,12.451609528752064,189.2903663257837,53.47143819464159,100.58971339861507,28.262469409513674
226.7578125,89.8046875,277.5390625,2707031.25,0.353125,6800781250.0,0.2791015625,2626.953125,19.921875,-378.90625,-3.90625,52.30273603347067,27.43892562879031,54.51958200687657,31.5673060719589,41.37885203554834,23.877336001256495,6.056025264681678,2.126032881457031,32.320122312090874,9.129906905456819,17.175051765635303,4.825636327340055
226.7578125,89.8046875,277.5390625,2707031.25,0.453125,14535156250.0,0.2791015625,2626.953125,19.921875,-378.90625,-3.90625,31.401693326252822,16.473874851322126,32.73265079975636,18.95248584650064,24.84317495324075,14.335555640521973,3.635936904254413,1.2764348026137708,19.404464203589242,5.481444346600249,10.311615592382397,2.897231838085585
226.7578125,89.8046875,277.5390625,2707031.25,0.453125,6800781250.0,0.2521484375,2626.953125,19.921875,-378.90625,-3.90625,73.71137044258525,38.647418248710636,76.83802206108645,44.43862260874961,50.81611357746539,29.565247353061437,8.358995948750465,2.957272027592965,43.91076839261109,12.404075198120113,23.334370858175397,6.5562065969511885
226.7578125,89.8046875,277.5390625,2707031.25,0.453125,6800781250.0,0.2791015625,1607.421875,19.921875,-378.90625,-3.90625,245.43026344057327,107.40920016390152,272.3569454035389,150.5102181265672,201.1724721933496,99.94358916135073,93.53906845741379,30.172446056445793,270.9541875442674,77.04538463749141,148.343572871968,41.950986323070666
226.7578125,89.8046875,277.5390625,2707031.25,0.453125,6800781250.0,0.2791015625,2626.953125,10.546875,-378.90625,-3.90625,67.09713255382886,35.20377198692145,69.99319867089997,40.53345783063173,53.1078925080489,30.654389120601845,7.797472068766252,2.735415868476029,41.42543657762303,11.70207126181511,22.00429531319183,6.18265537741749
226.7578125,89.8046875,277.5390625,2707031.25,0.453125,6800781250.0,0.2791015625,2626.953125,19.921875,363.28125,-3.90625,73.92288246658117,43.31164779544494,74.91002658161882,43.35458278189418,70.4751926515278,36.630701383868576,2.8791303015790257,0.9937956188232592,2.5769764108301008,1.0272890243912547,29.748195174333915,8.34015007565431
226.7578125,89.8046875,277.5390625,2707031.25,0.453125,6800781250.0,0.2791015625,2626.953125,19.921875,-378.90625,300.78125,67.93359610229615,34.874297326669,72.2572474422473,39.767976216477024,54.44930169351476,30.60070864116997,6.377739763604709,2.583748215543273,44.79399824953103,12.626189971908028,5.444816239373709,1.8255316684346403
72.4609375,82.7734375,72.4609375,12355468.75,0.353125,14535156250.0,0.2521484375,1607.421875,10.546875,363.28125,300.78125,55.11820139278792,26.036306790586075,54.0904646356256,25.43231418097356,82.79059026593973,27.046561333022467,5.703352386844334,1.7555859695022804,3.5475627244788166,1.2956143494675705,13.112951000445088,3.8806917259238802
289.2578125,22.3046875,90.0390625,16957031.25,0.25312500000000004,31550781250.0,0.2416015625,1501.953125,4.921875,-128.90625,-253.90625,30.091747900240676,14.518403046063197,32.409138894335086,14.60177567443599,20.15616915520857,9.391078446090134,10.903008838442371,3.6393320125104496,18.32971575729776,5.207891539432428,25.435964375651185,7.18292062473785
134.9609375,22.3046875,90.0390625,16957031.25,0.25312500000000004,31550781250.0,0.2416015625,1501.953125,4.921875,-128.90625,-253.90625,14.559382012539777,6.9662202654288015,15.31629538638048,6.8901747236430895,9.638576907360035,4.466211067192503,5.435662327079047,1.8042451906763142,9.121310897624173,2.592108427503522,11.905821508402607,3.36340983432648
289.2578125,15.2734375,90.0390625,16957031.25,0.25312500000000004,31550781250.0,0.2416015625,1501.953125,4.921875,-128.90625,-253.90625,20.60682126301738,9.942019105805528,22.196238340587474,9.99983223845036,13.803766347099382,6.430945474774027,7.467126764785334,2.492479113002959,12.550356430336725,3.5658655752005757,17.420202593878223,4.919346923097425
289.2578125,22.3046875,259.9609375,16957031.25,0.25312500000000004,31550781250.0,0.2416015625,1501.953125,4.921875,-128.90625,-253.90625,90.7092540804608,43.305173537802986,98.20221349321488,43.62559217808429,60.97376664797157,27.867746910123348,34.404025099188786,11.45288273010854,54.66285397274841,15.556671624362467,76.2034630867669,21.542004827125577
289.2578125,22.3046875,90.0390625,17105468.75,0.25312500000000004,31550781250.0,0.2416015625,1501.953125,4.921875,-128.90625,-253.90625,30.355163339127838,14.64549342057377,32.69284017928894,14.729595871540011,20.332611087458726,9.47328553684144,10.998450979852372,3.6711897910120386,18.490169385212365,5.2534800855044,25.658624280344746,7.245798068584898
289.2578125,22.3046875,90.0390625,16957031.25,0.953125,31550781250.0,0.2416015625,1501.953125,4.921875,-128.90625,-253.90625,113.30843345152353,54.66806085246018,122.03441188607658,54.981994823493544,75.89668632516808,35.36146822293198,41.05453945339412,13.703657577971445,69.01930007377551,19.609961969467783,95.77739672313099,27.04679988327215
289.2578125,22.3046875,90.0390625,16957031.25,0.25312500000000004,39285156250.0,0.2416015625,1501.953125,4.921875,-128.90625,-253.90625,24.167350879014016,11.66005184478994,26.02849904042403,11.727010253795315,16.187866984848327,7.54218361430546,8.756448482459882,2.9228283449385404,14.721001707437008,4.182573328427535,20.428187756004235,5.768763039276883
289.2578125,22.3046875,90.0390625,16957031.25,0.25312500000000004,31550781250.0,0.2896484375,1501.953125,4.921875,-128.90625,-253.90625,25.453730046190277,12.295060394304265,27.41517699231819,12.346504640357601,21.75001436088701,10.118202408230129,9.713251152748253,3.194046982917728,16.547209474748147,4.701440729676726,22.962398123852928,6.484404547883093
289.2578125,22.3046875,90.0390625,16957031.25,0.25312500000000004,31550781250.0,0.2416015625,2732.421875,4.921875,-128.90625,-253.90625,5.554499810882835,3.0781450972544695,5.6874881807317195,3.0897964360804417,3.5954480773664015,2.0805584774678576,0.5723523459206354,0.22015034279677173,1.9068384832439975,0.5379336206670896,2.5081932236678472,0.7047342264122757
289.2578125,22.3046875,90.0390625,16957031.25,0.25312500000000004,31550781250.0,0.2416015625,1501.953125,-4.453125,-128.90625,-253.90625,30.095155981113002,14.56272308882828,32.415666759714824,14.636913889671423,20.15953054135641,9.437965446025098,10.950331730493817,3.664582113780995,18.316804983167167,5.203792967683164,25.632020659405736,7.23646259970865
289.2578125,22.3046875,90.0390625,16957031.25,0.25312500000000004,31550781250.0,0.2416015625,1501.953125,4.921875,-386.71875,-253.90625,22.444917721548578,10.165966815224687,29.518292237730346,13.202063955610669,16.70597345186205,7.366192105071404,10.983363160479394,4.002208821803018,18.353545224067098,5.2918044769398795,16.683877553124837,4.736223615075738
289.2578125,22.3046875,90.0390625,16957031.25,0.25312500000000004,31550781250.0,0.2416015625,1501.953125,4.921875,-128.90625,50.78125,30.533700151732287,15.08832071474654,30.834642130471504,17.269742731397688,22.200206759206605,11.588766652004027,9.516701384555834,2.836424118228147,30.111418682515755,8.47873308421842,22.556657742430097,6.352610030111258
134.9609375,15.2734375,259.9609375,17105468.75,0.953125,39285156250.0,0.2896484375,2732.421875,-4.453125,-386.71875,50.78125,12.65849777344665,6.662940677928578,13.22980718575714,7.63399257855224,10.584563035782244,6.08091631964434,1.1943376873726157,0.4324273655430812,7.670909901851691,2.165918527576535,3.423561480943339,0.963433481841104
164.2578125,67.3046875,215.0390625,7457031.25,0.653125,81050781250.0,0.3166015625,3751.953125,-25.078125,371.09375,246.09375,3.0516239778597156,1.8154058583864912,3.0629201530630064,1.8132654778138062,2.9062566263312797,1.7433603306646526,0.09248186646280816,0.027452065733087172,0.05976527810949137,0.022441048334578318,0.2401693467058121,0.07061590230899792
259.9609375,67.3046875,215.0390625,7457031.25,0.653125,81050781250.0,0.3166015625,3751.953125,-25.078125,371.09375,246.09375,4.811650433537831,2.862730073660222,4.83816357315189,2.8644647111283352,4.582251502249033,2.751095798327095,0.14983772694333436,0.04490116466563825,0.09372438083021638,0.03514517810347557,0.37826233366871215,0.11120640997567267
164.2578125,60.2734375,215.0390625,7457031.25,0.653125,81050781250.0,0.3166015625,3751.953125,-25.078125,371.09375,246.09375,2.732939854557467,1.6258218185275806,2.743167204975193,1.6239685832146724,2.6028587827554825,1.5613363765425379,0.08288866469026189,0.02460888729638158,0.0535273215605764,0.020098100967497357,0.21512418813216846,0.06325172034677465
164.2578125,67.3046875,134.9609375,7457031.25,0.653125,81050781250.0,0.3166015625,3751.953125,-25.078125,371.09375,246.09375,1.9078452350255282,1.1350389749036516,1.914866453015837,1.1337079804696983,1.8146638754043463,1.0897462974203656,0.05750818990666215,0.01706991201933597,0.03715523696099039,0.013952853594007369,0.1492699359448134,0.0438914994552192
164.2578125,67.3046875,215.0390625,7605468.75,0.653125,81050781250.0,0.3166015625,3751.953125,-25.078125,371.09375,246.09375,3.1123687191686047,1.851542800564955,3.123889752757293,1.8493598141977374,2.964107727326873,1.7780631554762072,0.09432278365798177,0.027998518586862614,0.06095494839139848,0.022887753330237817,0.2449500880231619,0.07202156196732265
164.2578125,67.3046875,215.0390625,7457031.25,0.5531250000000001,81050781250.0,0.3166015625,3751.953125,-25.078125,371.09375,246.09375,2.5843896845988987,1.5374489805474119,2.5939563018763265,1.5356363137466211,2.461279535218357,1.4764343470222185,0.07832196346371784,0.023248878635198228,0.05061461351856449,0.01900509835033666,0.203397006540329,0.05980389812771595
164.2578125,67.3046875,215.0390625,7457031.25,0.653125,88785156250.0,0.3166015625,3751.953125,-25.078125,371.09375,246.09375,2.785786700541653,1.6572597191104452,2.796098827748881,1.655305794322613,2.6530827902568404,1.5914903207778999,0.08442545854357004,0.025060623516029116,0.05455892276359879,0.02048613277725221,0.21924738329002136,0.06446431242066954
164.2578125,67.3046875,215.0390625,7457031.25,0.653125,81050781250.0,0.2146484375,3751.953125,-25.078125,371.09375,246.09375,4.379747625061709,2.595923128629866,4.395956464694648,2.592947189204661,2.838927608537995,1.5293351940148796,0.13270421955239461,0.039391740110188866,0.07465169405026512,0.028030694868867407,0.2999910509524931,0.08820500633489968
164.2578125,67.3046875,215.0390625,7457031.25,0.653125,81050781250.0,0.3166015625,4982.421875,-25.078125,371.09375,246.09375,1.3139295348338005,0.78784860775498,1.3166915133584687,0.78729113518466,1.2195924029573533,0.7445713845284789,0.02314661291189469,0.006856366786990431,0.014752981325680009,0.005573482314870089,0.059400933774749365,0.017487155385819738
164.2578125,67.3046875,215.0390625,7457031.25,0.653125,81050781250.0,0.3166015625,3751.953125,25.546875,371.09375,246.09375,3.051676635740009,1.8153343470168726,3.062912284072031,1.8131622068204205,2.906257716575906,1.7432818580863363,0.08933172893117414,0.02633096439972226,0.05976800001287843,0.02247738259708678,0.24016079256700235,0.07062453486547683
164.2578125,67.3046875,215.0390625,7457031.25,0.653125,81050781250.0,0.3166015625,3751.953125,-25.078125,113.28125,246.09375,3.0541270289820734,1.8220558834201757,3.0648834644113045,1.8150532396043715,2.8533264180401545,1.7441134546999477,0.02290752197486711,0.009905927007024922,0.42924652202766844,0.12113409840158217,0.23536031381840486,0.06949753541176792
164.2578125,67.3046875,215.0390625,7457031.25,0.653125,81050781250.0,0.3166015625,3751.953125,-25.078125,371.09375,-449.21875,3.0219760060132224,1.7655251239034178,2.992880578161257,1.669852016814724,2.7666854731239265,1.630463959967605,0.15196168006477387,0.047203379440343855,0.05289647041078371,0.02132255505018632,1.1948482030178063,0.3359217469835934
259.9609375,60.2734375,134.9609375,7605468.75,0.5531250000000001,88785156250.0,0.2146484375,4982.421875,25.546875,113.28125,-449.21875,1.3162967722532621,0.778316711214033,1.3113468066715015,0.7539898431667115,0.7192106938539355,0.4324288114443042,0.03549960762398723,0.012781107338176263,0.08495554994972124,0.02398505285622701,0.27525866183135367,0.07735088804750685
133.0078125,11.0546875,246.2890625,9832031.25,0.753125,68675781250.0,0.2603515625,939.453125,12.421875,-253.90625,-378.90625,38.32579773969278,14.664607164039591,52.025837431508386,17.313862309592217,32.296354292225914,11.260845332976341,18.52017767886101,9.360510922454981,11.839166383818645,4.896026659224155,14.81570964262551,4.965563608910167
291.2109375,11.0546875,246.2890625,9832031.25,0.753125,68675781250.0,0.2603515625,939.453125,12.421875,-253.90625,-378.90625,81.63707699654347,31.232243087090097,110.3801023585131,36.75050781403581,68.71655365349673,24.080406364927924,38.34516271046366,19.06119611466834,24.38859703887595,9.584871455025162,32.838338321857584,10.964581835177256
133.0078125,26.5234375,246.2890625,9832031.25,0.753125,68675781250.0,0.2603515625,939.453125,12.421875,-253.90625,-378.90625,91.94789202582662,35.18647349639311,124.74728634127143,41.524877574651526,77.4582070871326,27.01495398941313,44.46075111357928,22.45220119517375,28.437868779812828,11.750369273088136,35.56473484877919,11.914110771504308
133.0078125,11.0546875,103.7109375,9832031.25,0.753125,68675781250.0,0.2603515625,939.453125,12.421875,-253.90625,-378.90625,15.634010024695456,6.047229728583892,20.382482026079465,6.9130497381516225,12.87941592364537,4.605014133553535,7.838560209311477,3.676079614087967,5.270214996064467,1.980172709892327,6.596120661973928,2.127042403545767
133.0078125,11.0546875,246.2890625,9980468.75,0.753125,68675781250.0,0.2603515625,939.453125,12.421875,-253.90625,-378.90625,38.904415266156164,14.886003696512178,52.81128908919504,17.5752555427128,32.783943272402546,11.430854122270384,18.79978306296777,9.501829720648583,12.01790628154813,4.969943629049549,15.0393874203052,5.040530401575477
133.0078125,11.0546875,246.2890625,9832031.25,0.453125,68675781250.0,0.2603515625,939.453125,12.421875,-253.90625,-378.90625,23.059089926371175,8.823103895376518,31.301852396550686,10.417054086684114,19.43141648287451,6.775197399508588,11.142845491430899,5.631842671186608,7.123149898978022,2.945742180861006,8.914016175023647,2.987579764696988
133.0078125,11.0546875,246.2890625,9832031.25,0.753125,76410156250.0,0.2603515625,939.453125,12.421875,-253.90625,-378.90625,34.44639078071361,13.180228953068864,46.75968753557328,15.561321673991147,29.02725856610724,10.121002085734732,16.645531607384868,8.413022980812896,10.640784427887919,4.400441935270174,13.31603656392818,4.462940228426443
133.0078125,11.0546875,246.2890625,9832031.25,0.753125,68675781250.0,0.2333984375,939.453125,12.421875,-253.90625,-378.90625,41.71953213639449,15.965518344832445,56.61525047625895,18.833123615463386,30.494875954526485,10.746964553993825,19.642599970777354,10.10764056856968,12.435880682758448,5.142794803267012,15.562446828849886,5.215836534526075
133.0078125,11.0546875,246.2890625,9832031.25,0.753125,68675781250.0,0.2603515625,2169.921875,12.421875,-253.90625,-378.90625,4.877731607830969,2.47019010297752,5.1338205057957165,2.4611384407600148,3.5424586807171567,1.7779137969360497,1.1560091040172664,0.45252127229519895,2.5220808895470213,0.7155797203122911,3.115100617988869,0.8791918022570046
133.0078125,11.0546875,246.2890625,9832031.25,0.753125,68675781250.0,0.2603515625,939.453125,-26.953125,-253.90625,-378.90625,38.68070969611891,14.86154361523408,52.36752203415006,17.505805236495352,32.57224913279783,11.403843544376796,19.010082489544185,9.46970484028767,12.177094920307214,4.983454971734289,15.219138838939523,5.042947039999969
133.0078125,11.0546875,246.2890625,9832031.25,0.753125,68675781250.0,0.2603515625,939.453125,12.421875,-11.71875,-378.90625,63.36541633570838,24.831379081074495,60.31689465752847,20.63425638306637,44.862727251637466,16.16845263354503,20.618514345906483,8.417197966928644,12.646798342516874,4.069739137718252,25.791960337976732,8.26210283638292
133.0078125,11.0546875,246.2890625,9832031.25,0.753125,68675781250.0,0.2603515625,939.453125,12.421875,-253.90625,-74.21875,42.523751165184144,17.19024654592762,51.83559193629912,23.54993442186802,32.30676363846356,14.694035620657774,31.62250059284003,10.340190329745393,30.32671286511726,9.604874317577202,23.230340578857003,7.237568677018879
291.2109375,26.5234375,103.7109375,9980468.75,0.453125,76410156250.0,0.2333984375,2169.921875,-26.953125,-11.71875,-74.21875,6.77527616370887,3.826327415388337,6.923640978301145,3.8704939385975083,5.147172972489834,2.6300159471837086,0.8101877886878981,0.26929972206914576,2.898866749456828,0.8168602725196541,3.621897688663757,1.0162987329139266
258.0078125,56.0546875,121.2890625,19332031.25,0.353125,19175781250.0,0.3353515625,3189.453125,-17.578125,246.09375,121.09375,19.66416543037248,11.66661485705278,19.57608710799529,11.681571244737205,20.686277356761906,12.27033345596007,0.3885493061861058,0.1376457159443099,1.822613136458987,0.5327952271861767,3.9745654596779456,1.1203295269603177
166.2109375,56.0546875,121.2890625,19332031.25,0.353125,19175781250.0,0.3353515625,3189.453125,-17.578125,246.09375,121.09375,12.734656599654434,7.555017116348036,12.63861329424745,7.541618638437142,13.394340616083634,7.935751463712508,0.24031788233987456,0.08491868743145425,1.1970868283719935,0.349769402694784,2.577825423843361,0.7266150553098292
258.0078125,71.5234375,121.2890625,19332031.25,0.353125,19175781250.0,0.3353515625,3189.453125,-17.578125,246.09375,121.09375,25.087860669061588,14.884438350498568,24.97170887932058,14.901247202848063,26.3880334850881,15.653289494287158,0.4943362859443875,0.1750655466553596,2.32564969977508,0.6798296921002521,5.068276923371004,1.4286191864139042
258.0078125,56.0546875,228.7109375,19332031.25,0.353125,19175781250.0,0.3353515625,3189.453125,-17.578125,246.09375,121.09375,37.34538442962778,22.15623354855782,37.17628323681553,22.184573618735566,39.38854616052232,23.31330818217216,0.7453744949582323,0.2643982794910887,3.497907109404906,1.0225067800294756,7.630651437954723,2.1508624065450026
258.0078125,56.0546875,121.2890625,19480468.75,0.353125,19175781250.0,0.3353515625,3189.453125,-17.578125,246.09375,121.09375,19.815153162511127,11.756194845852134,19.726398546690742,11.771266073450077,20.845113190174104,12.364548988658894,0.3915327116488403,0.1387026036399826,1.8366077412650976,0.5368861988234921,4.005083440576665,1.128931774287958
258.0078125,56.0546875,121.2890625,19332031.25,0.8531250000000001,19175781250.0,0.3353515625,3189.453125,-17.578125,246.09375,121.09375,47.507231526475124,28.185715539605397,47.29444053524526,28.22184911339166,49.97658157872568,29.644256933425666,0.9387076158301512,0.3325423048920056,4.40330430312658,1.287195548865719,9.60226876541663,2.7066368217713874
258.0078125,56.0546875,121.2890625,19332031.25,0.353125,26910156250.0,0.3353515625,3189.453125,-17.578125,246.09375,121.09375,14.012394846523227,8.313458024861678,13.949631530432406,8.324115726580773,14.740736760682857,8.743659012238059,0.2768745164853522,0.09808431115845809,1.2987672937838828,0.3796620366173524,2.832216844470756,0.7983303306500508
258.0078125,56.0546875,121.2890625,19332031.25,0.353125,19175781250.0,0.30839843749999996,3189.453125,-17.578125,246.09375,121.09375,22.420635280831114,13.281938294887194,22.32021522099376,13.299819376428072,21.54608380134865,12.460239918394937,0.4429622877983552,0.1563100072008499,1.9971760487120462,0.5838243153846978,4.355234131324718,1.2276304022789486
258.0078125,56.0546875,121.2890625,19332031.25,0.353125,19175781250.0,0.3353515625,4419.921875,-17.578125,246.09375,121.09375,7.485659778944519,4.46908485197585,7.46816182982974,4.4729461412675295,7.548096155707742,4.60833816146751,0.07923001714509978,0.02720841375630076,0.3737843782788995,0.10912850912330996,0.8068058027832933,0.22740339332210144
258.0078125,56.0546875,121.2890625,19332031.25,0.353125,19175781250.0,0.3353515625,3189.453125,3.046875,246.09375,121.09375,19.65306971544084,11.659598919134739,19.585934709867445,11.687039580855968,20.680828639231784,12.269203347881547,0.3521780236479481,0.12473044681065354,1.8408283546071893,0.5376669792055437,3.9891280693822004,1.1244169035168368
258.0078125,56.0546875,121.2890625,19332031.25,0.353125,19175781250.0,0.3353515625,3189.453125,-17.578125,488.28125,121.09375,19.549518401166235,11.329544599516336,19.6128561449314,11.568041520588997,20.69272068550509,12.050879714989447,0.8173399622184486,0.26116546090107223,1.7580296933096622,0.5524398067048714,3.992115048521427,1.1241546570975576
258.0078125,56.0546875,121.2890625,19332031.25,0.353125,19175781250.0,0.3353515625,3189.453125,-17.578125,246.09375,425.78125,19.09865988288138,11.495026690125933,19.204807610471246,11.19169528095392,21.28284869999555,11.983626418290813,0.6468322471742705,0.21486074482084908,1.8906164821484488,0.5495602275331409,0.8165808019213483,0.3332475041944304
166.2109375,71.5234375,228.7109375,19480468.75,0.8531250000000001,26910156250.0,0.30839843749999996,4419.921875,3.046875,488.28125,425.78125,22.895409724548514,13.447810414984803,22.74298265710519,13.369148571741091,20.370955983578302,12.30265663711877,0.9111386584925484,0.29713583905370144,1.0766839444120009,0.33762231674592846,0.5064398911673432,0.20230338289635222
195.5078125,33.5546875,183.7890625,5082031.25,0.5531250000000001,43925781250.0,0.22285156250000002,4314.453125,-2.578125,496.09375,371.09375,1.5265060074579122,0.8930882544215135,1.522312568889434,0.8934096291404996,0.9514563936131737,0.5407535987358904,0.05966206081452654,0.019055641967622598,0.07100048452842214,0.022074602507808846,0.029008925451567816,0.010084286538620615
103.7109375,33.5546875,183.7890625,5082031.25,0.5531250000000001,43925781250.0,0.22285156250000002,4314.453125,-2.578125,496.09375,371.09375,0.8115286655786608,0.474736665164372,0.8081275489901958,0.47425365700942396,0.5057056101374421,0.28728615329380713,0.03171573873363961,0.010124440431125295,0.03786658197573329,0.011772919033127067,0.01541492198460972,0.005358496050404138
195.5078125,49.0234375,183.7890625,5082031.25,0.5531250000000001,43925781250.0,0.22285156250000002,4314.453125,-2.578125,496.09375,371.09375,2.2301520732769555,1.304760669529441,2.2238777550521442,1.3051467247479909,1.3899513287894762,0.7899859334546707,0.0871471616228044,0.027833430237538526,0.10372295363009913,0.0322483517576056,0.04237230634361908,0.01472963351789223
195.5078125,33.5546875,166.2109375,5082031.25,0.5531250000000001,43925781250.0,0.22285156250000002,4314.453125,-2.578125,496.09375,371.09375,1.3796165208599087,0.8071738347240289,1.3758302864845298,0.8074636947719923,0.859705951962463,0.4887052495684752,0.05387387680660002,0.017206714860909796,0.06410748066893707,0.01993177697245444,0.026195475551472423,0.009105942789916749
195.5078125,33.5546875,183.7890625,14730468.75,0.5531250000000001,43925781250.0,0.22285156250000002,4314.453125,-2.578125,496.09375,371.09375,4.424638089257331,2.588651658280959,4.412483241569605,2.589583175625537,2.757834020226963,1.5673957116318546,0.17293284498968461,0.0552335325594964,0.2057977149551729,0.06398410919058198,0.0840835187377881,0.02922970371801564
195.5078125,33.5546875,183.7890625,5082031.25,0.25312500000000004,43925781250.0,0.22285156250000002,4314.453125,-2.578125,496.09375,371.09375,0.6985705457858244,0.4087014045657774,0.6966515145765207,0.40884847435243205,0.43541224792467276,0.24746351128591595,0.02730297698291893,0.008720378527556104,0.03249174715707454,0.010101936740861676,0.013275270969361578,0.004614842992250112
195.5078125,33.5546875,183.7890625,5082031.25,0.5531250000000001,2160156250.0,0.22285156250000002,4314.453125,-2.578125,496.09375,371.09375,31.04079575743982,18.160537831772007,30.955524117833065,18.167072838489904,19.347427027450518,10.995975077369055,1.2132004952248658,0.38748769245192777,1.4437621130598677,0.44887686293003703,0.5898831224283555,0.20505931668497068
195.5078125,33.5546875,183.7890625,5082031.25,0.5531250000000001,43925781250.0,0.2708984375,4314.453125,-2.578125,496.09375,371.09375,1.3115123284856045,0.7682744070043313,1.3079092242215187,0.7685654779350551,0.9970083738932335,0.5934526266813603,0.05126269274777404,0.016372783892671706,0.06501745732829317,0.020214432846806244,0.026564418330581017,0.009234509793360391
195.5078125,33.5546875,183.7890625,5082031.25,0.5531250000000001,43925781250.0,0.22285156250000002,3294.921875,-2.578125,496.09375,371.09375,3.39404977182745,1.944527246631445,3.3780808966240063,1.9465868673535562,2.4732642893972967,1.2324093587221145,0.21602412202013843,0.06946108995955094,0.2686761169556844,0.08289611655149626,0.10315210377830544,0.0365367984998813
195.5078125,33.5546875,183.7890625,5082031.25,0.5531250000000001,43925781250.0,0.22285156250000002,4314.453125,-11.953125,496.09375,371.09375,1.5266291911415548,0.8931760528180384,1.5221925806396925,0.8933607626479444,0.9514545491764421,0.5407641018979221,0.06004375172079562,0.019228382431104623,0.07102155674061925,0.0220784022067274,0.028990155848236446,0.010081332319054477
195.5078125,33.5546875,183.7890625,5082031.25,0.5531250000000001,43925781250.0,0.22285156250000002,4314.453125,-2.578125,-261.71875,371.09375,1.505551260369908,0.8628148501807809,1.5195808113621214,0.882732397537877,0.8773266677577299,0.5239687849716527,0.04776086077640308,0.01993759865394551,0.33208032263280624,0.0935141064848686,0.029530704087544025,0.010047409178189434
195.5078125,33.5546875,183.7890625,5082031.25,0.5531250000000001,43925781250.0,0.22285156250000002,4314.453125,-2.578125,496.09375,175.78125,1.5300257780925286,0.8978941446967101,1.5328924739692609,0.9080292951297554,0.9424040836023923,0.5453895906671177,0.04135392573944867,0.012708750100651393,0.07040665457477961,0.022005281760030516,0.11910536759475375,0.03383128857108128
103.7109375,49.0234375,166.2109375,14730468.75,0.25312500000000004,2160156250.0,0.2708984375,3294.921875,-11.953125,-261.71875,175.78125,54.063788392301184,30.13178899680872,54.96342812426372,31.8480660038007,40.60020333349999,24.176424287230006,1.8321500457580784,0.8402828029028272,20.37576963755622,5.741423811113087,6.814291844607663,1.9449635143294393
70.5078125,78.5546875,58.7890625,14582031.25,0.953125,93425781250.0,0.2978515625,2064.453125,27.421875,-3.90625,-128.90625,6.540031265186758,3.643264064546137,6.554728102748157,3.5867218935321508,5.562852865974062,3.2762729178692025,0.9869674873072602,0.32321342276037635,3.211815132525248,0.9051877834388345,4.424352641256031,1.2418873861054822
228.7109375,78.5546875,58.7890625,14582031.25,0.953125,93425781250.0,0.2978515625,2064.453125,27.421875,-3.90625,-128.90625,20.92943886759324,11.661393463816694,21.102505788017414,11.546671768346279,17.855560434059367,10.50079236492324,3.0416914080590556,0.9969550384207635,10.210858662212425,2.877445836588946,14.188387153048541,3.9825564916139995
70.5078125,94.0234375,58.7890625,14582031.25,0.953125,93425781250.0,0.2978515625,2064.453125,27.421875,-3.90625,-128.90625,7.824506874744699,4.359324804688874,7.83953058355828,4.290477097518671,6.654251182416857,3.920042787071034,1.1800946544164084,0.3865984966913665,3.839420698120327,1.0820713708004066,5.286261695922871,1.4838163306342669
70.5078125,78.5546875,291.2109375,14582031.25,0.953125,93425781250.0,0.2978515625,2064.453125,27.421875,-3.90625,-128.90625,33.606898334080114,18.646144724552727,33.66838599871836,18.32913133356824,28.58975589711249,16.74823456818842,5.504466010668268,1.7832975141516576,17.115702260107845,4.8238815669047765,23.576850269945627,6.618455736168597
70.5078125,78.5546875,58.7890625,5230468.75,0.953125,93425781250.0,0.2978515625,2064.453125,27.421875,-3.90625,-128.90625,2.3458617369635864,1.3068123713976099,2.35113338590404,1.286531105127123,1.9953549390675778,1.1751753112849883,0.35401807273089225,0.11593430835149852,1.1520547716183518,0.32468428663932475,1.586983173490979,0.4454559898192448
70.5078125,78.5546875,58.7890625,14582031.25,0.653125,93425781250.0,0.2978515625,2064.453125,27.421875,-3.90625,-128.90625,4.481529621062402,2.496531768820139,4.491600568768408,2.4577864778630145,3.8119221278314055,2.2450525896218467,0.6763154257285813,0.22148067330137264,2.200883156386153,0.6202762188154635,3.0317695148279022,0.8509982416263795
70.5078125,78.5546875,58.7890625,14582031.25,0.953125,51660156250.0,0.2978515625,2064.453125,27.421875,-3.90625,-128.90625,11.827442553457217,6.588729423950848,11.854021325779032,6.486474671274741,10.060245897580463,5.925037381979412,1.7848999163650463,0.5845213937361,5.8084674876829,1.6370038727037133,8.00130375205448,2.2459146021538614
70.5078125,78.5546875,58.7890625,14582031.25,0.953125,93425781250.0,0.3458984375,2064.453125,27.421875,-3.90625,-128.90625,5.171516006807517,2.891269479631511,5.18245227335328,2.8427734941600487,5.475818668507251,3.1729634268072235,0.822373127900689,0.2656443928644483,2.725575427537773,0.7681505560092744,3.7545457456911993,1.0538768900677409
70.5078125,78.5546875,58.7890625,14582031.25,0.953125,93425781250.0,0.2978515625,1044.921875,27.421875,-3.90625,-128.90625,47.03376023997334,21.79869013093961,46.22940817100498,21.08953034268211,40.2882051543007,18.081294488548888,33.204679615735266,9.726973256493633,37.62512261918342,10.699582536631102,51.799679582874596,14.683593310250338
70.5078125,78.5546875,58.7890625,14582031.25,0.953125,93425781250.0,0.2978515625,2064.453125,18.046875,-3.90625,-128.90625,6.540241073378205,3.643336995947716,6.554508163114192,3.5866039721616976,5.562858527225339,3.2762328294863914,0.9868774107732485,0.323174049122164,3.212363631676001,0.9053408811725746,4.424129683385811,1.2418248743368727
70.5078125,78.5546875,58.7890625,14582031.25,0.953125,93425781250.0,0.2978515625,2064.453125,27.421875,238.28125,-128.90625,6.674973940117098,3.8294173258521655,6.657276562775422,3.6329166783543223,6.48745409311455,3.4527155691211036,0.3900280896212162,0.17925657567038966,1.2693267146393008,0.37086282882979843,4.95342274725615,1.3891261588067665
70.5078125,78.5546875,58.7890625,14582031.25,0.953125,93425781250.0,0.2978515625,2064.453125,27.421875,-3.90625,-324.21875,6.542942074789346,3.5123116939295427,6.519226534884189,3.208824285217086,5.567829758625818,2.958966488103097,1.1110242050509789,0.4015663386153791,2.608603360212149,0.7366065688900819,4.9546047292671505,1.394769907680612
228.7109375,94.0234375,291.2109375,5230468.75,0.653125,51660156250.0,0.3458984375,1044.921875,18.046875,238.28125,-324.21875,326.9574137285953,156.5664679589814,336.42362362188305,138.278166835215,343.3179956112679,144.35407385441312,82.88067388373916,35.27226797888003,63.87342774405954,22.94118073804235,323.020256926975,93.1868173892969
78.3203125,36.3671875,269.7265625,6863281.25,0.22812500000000002,16082031250.0,0.34941406249999996,4173.828125,21.796875,402.34375,-160.15625,0.9865524254010496,0.5844627606315246,0.9913302282712783,0.5805987699720113,1.062713398690227,0.6380471421562087,0.026986976420078843,0.007841545520024347,0.017204673966605154,0.007742615303592414,0.24253382922474875,0.06800007787798999
283.3984375,36.3671875,269.7265625,6863281.25,0.22812500000000002,16082031250.0,0.34941406249999996,4173.828125,21.796875,402.34375,-160.15625,3.5496585724568246,2.1031501430081034,3.577589050869913,2.09551753050068,3.829449694725621,2.2991200313808133,0.10116429226393354,0.02924183087090051,0.061199679114257145,0.027175729719151675,0.8717790807041963,0.2444216284478933
78.3203125,18.0859375,269.7265625,6863281.25,0.22812500000000002,16082031250.0,0.34941406249999996,4173.828125,21.796875,402.34375,-160.15625,0.49064483280561183,0.2906721970885194,0.4930413256944609,0.28876172089504004,0.5285331244987859,0.31732794281643856,0.013431203629487543,0.0039021568423635994,0.008556486824902832,0.0038499849408592354,0.12063708801661308,0.033823450573446635
78.3203125,36.3671875,252.1484375,6863281.25,0.22812500000000002,16082031250.0,0.34941406249999996,4173.828125,21.796875,402.34375,-160.15625,0.9213125768656786,0.5458246875498154,0.9257674747589303,0.5422232754664497,0.9924327193141459,0.5958553915374932,0.025165596674765707,0.007312248851653749,0.016044031072653366,0.007220087505570671,0.22617815868988903,0.06341433797166468
78.3203125,36.3671875,269.7265625,11761718.75,0.22812500000000002,16082031250.0,0.34941406249999996,4173.828125,21.796875,402.34375,-160.15625,1.6906712310088563,1.001603512954764,1.6988590309190776,0.9949817281648982,1.821189552337094,1.093431955055404,0.046248028458086184,0.013438186431868704,0.0294839347259238,0.013268648081455182,0.4156342400658614,0.11653285969870683
78.3203125,36.3671875,269.7265625,6863281.25,0.42812500000000003,16082031250.0,0.34941406249999996,4173.828125,21.796875,402.34375,-160.15625,1.8514750997252576,1.0968684685824501,1.8604416612762344,1.0896168696735007,1.9944073372679607,1.1974309380191863,0.05064679136370969,0.014716325154018302,0.03228822374554668,0.014530661597152886,0.455166227449186,0.12761658451074837
78.3203125,36.3671875,269.7265625,6863281.25,0.22812500000000002,73316406250.0,0.34941406249999996,4173.828125,21.796875,402.34375,-160.15625,0.21640131788460343,0.12820252466940094,0.21744933399716834,0.12735495423169965,0.23310730792304676,0.13995631542741283,0.005919621819034826,0.0017200513029964435,0.003773863430151496,0.0016983508553939989,0.05320005194300658,0.014915888999077458
78.3203125,36.3671875,269.7265625,6863281.25,0.22812500000000002,16082031250.0,0.2849609375,4173.828125,21.796875,402.34375,-160.15625,1.3414640954825616,0.7930703739068223,1.3479602728689326,0.7880847449388606,1.072510444300787,0.6503157965599752,0.03668939348149131,0.010657939229395643,0.021286241519984848,0.009579442171848373,0.30007157797152195,0.08413214245723327
78.3203125,36.3671875,269.7265625,6863281.25,0.22812500000000002,16082031250.0,0.34941406249999996,2873.046875,21.796875,402.34375,-160.15625,2.988482704886154,1.747140947801968,3.019358348626102,1.7162310893355424,3.2294975305020883,1.9304854968058052,0.1658783931442915,0.04843816792084651,0.10383433166713973,0.047626104100248846,1.4674087661981194,0.4115063213701567
78.3203125,36.3671875,269.7265625,6863281.25,0.22812500000000002,16082031250.0,0.34941406249999996,4173.828125,-2.578125,402.34375,-160.15625,0.9865145471436965,0.5844399591103382,0.9913655712152226,0.5806177570219965,1.0627120343159675,0.6380446691002138,0.026895299872251744,0.007820854783646188,0.01720714156223354,0.007751339122921288,0.24255731910313003,0.06800671548508748
78.3203125,36.3671875,269.7265625,6863281.25,0.22812500000000002,16082031250.0,0.34941406249999996,4173.828125,21.796875,332.03125,-160.15625,0.992131115814703,0.5875871068372929,0.9931895108147772,0.5816524346221282,1.0667123740189315,0.6402596799329954,0.022584413179825194,0.006969047076513296,0.01713936701713212,0.007443048255704967,0.24251546637320265,0.06799779421670686
78.3203125,36.3671875,269.7265625,6863281.25,0.22812500000000002,16082031250.0,0.34941406249999996,4173.828125,21.796875,402.34375,-417.96875,0.9768171275797314,0.5749850701937714,0.970042255348342,0.553022288061114,1.0417048358337324,0.6160360767465335,0.042522631228133906,0.012934975529592078,0.01623242841607871,0.007403264652936526,0.331862307573794,0.09324937187034353
283.3984375,18.0859375,252.1484375,11761718.75,0.42812500000000003,73316406250.0,0.2849609375,2873.046875,-2.578125,332.03125,-417.96875,4.706807805072558,2.7010668507100912,4.687914767533046,2.4920591707000623,3.7030540018125477,2.1561989595212028,0.3309445656131115,0.10704291758599566,0.12189799143094336,0.057879220661078895,2.6638865446293343,0.7492440146558462
203.3203125,81.3671875,144.7265625,16363281.25,0.628125,65582031250.0,0.2744140625,1923.828125,-8.203125,-97.65625,339.84375,67.63934457159746,35.017019272565875,68.12035378412116,36.98398900880526,71.83197879061214,31.68964931759343,5.755896969478325,2.2133637718439636,54.47068959348896,15.29726746813511,5.433503978454611,2.3419297384688047
158.3984375,81.3671875,144.7265625,16363281.25,0.628125,65582031250.0,0.2744140625,1923.828125,-8.203125,-97.65625,339.84375,53.02322989763887,27.408125938484964,53.186171205742355,28.864707786320515,56.037814775761234,24.75372582434294,4.547576114746723,1.7477800825828864,43.04746734960312,12.088749286355643,4.31766988038328,1.84418276661178
203.3203125,63.0859375,144.7265625,16363281.25,0.628125,65582031250.0,0.2744140625,1923.828125,-8.203125,-97.65625,339.84375,52.46071810432832,27.156895974597955,52.86837422405786,28.702479310895708,55.77469721331513,24.59167291118854,4.466142277402829,1.7176310253431044,42.275936003887395,11.872527068990369,4.213187526480642,1.8179822988356802
203.3203125,81.3671875,127.1484375,16363281.25,0.628125,65582031250.0,0.2744140625,1923.828125,-8.203125,-97.65625,339.84375,59.281940281946945,30.707182051315367,59.702010851726484,32.4187531055701,62.9133551911555,27.77435563569728,5.0298036154906995,1.934025311408711,47.57626287029494,13.361272119899985,4.746148826398926,2.0468416955321014
203.3203125,81.3671875,144.7265625,2261718.75,0.628125,65582031250.0,0.2744140625,1923.828125,-8.203125,-97.65625,339.84375,9.349052400800893,4.840022477635626,9.415537083076186,5.1118953535684515,9.928554719447227,4.380116246093721,0.7955751600209956,0.3059292489610062,7.528892163912654,2.114375236106524,0.7510142763249507,0.32369952699294297
203.3203125,81.3671875,144.7265625,16363281.25,0.828125,65582031250.0,0.2744140625,1923.828125,-8.203125,-97.65625,339.84375,89.17625030583747,46.16671695139282,89.81041668055775,48.75998550912135,94.70385263438914,41.779885916230135,7.588620382645553,2.918116415615176,71.81459075758494,20.168039199282603,7.1635748969675195,3.0876188094240455
203.3203125,81.3671875,144.7265625,16363281.25,0.628125,23816406250.0,0.2744140625,1923.828125,-8.203125,-97.65625,339.84375,186.25503624939316,96.42459185945687,187.5795669479433,101.84093676707093,197.80008068157903,87.26218179318946,15.849721866585465,6.0948276800866505,149.99317821635003,42.12331040225035,14.961964621006139,6.448853268681772
203.3203125,81.3671875,144.7265625,16363281.25,0.628125,65582031250.0,0.2099609375,1923.828125,-8.203125,-97.65625,339.84375,82.5401788524013,42.559811657142355,83.12685831579334,44.7309846192617,74.23011056384499,29.569390584643543,7.0235871426121665,2.6921607216798744,61.067259359186124,17.14981409148729,6.091518193687774,2.625544706839189
203.3203125,81.3671875,144.7265625,16363281.25,0.628125,65582031250.0,0.2744140625,623.046875,-8.203125,-97.65625,339.84375,3683.0227100385873,1141.4369959740595,1997.059456150058,751.7744151011968,1952.6205289673264,658.7055103394277,529.8582814845818,224.44528999260828,1360.3218258455922,388.5253135434121,299.0660079050426,110.39453139597876
203.3203125,81.3671875,144.7265625,16363281.25,0.628125,65582031250.0,0.2744140625,1923.828125,27.421875,-97.65625,339.84375,67.76738190830135,35.0898559075346,68.01549177325977,36.93957755462701,71.48563960021949,31.652730624333216,5.971453897666649,2.2904914789053152,54.68227381794976,15.3556186461691,6.2024933279734205,2.4769571309838954
203.3203125,81.3671875,144.7265625,16363281.25,0.628125,65582031250.0,0.2744140625,1923.828125,-8.203125,-167.96875,339.84375,66.31588461081894,33.103266618640355,67.67359080883351,36.20675112869373,64.27795742128876,29.816800305401912,6.876042591039911,2.7125793110478282,57.990225664066934,16.29438391915023,5.2245700823568475,2.2244039012052417
203.3203125,81.3671875,144.7265625,16363281.25,0.628125,65582031250.0,0.2744140625,1923.828125,-8.203125,-97.65625,82.03125,67.21391437845766,35.89104003350618,66.80748733516508,38.54643152852494,62.07686689380404,31.398959427858998,9.976768412728807,3.0516440760075514,49.13859730361119,13.827558890615137,32.712542315649436,9.215119658420617
158.3984375,63.0859375,127.1484375,2261718.75,0.828125,23816406250.0,0.2099609375,623.046875,27.421875,-167.96875,82.03125,416.2224872156557,159.36917260412466,417.3546738168934,169.9491287578303,247.32189069718567,106.68933017052264,264.7429677743795,92.89239336856498,119.77294770065336,53.13214172500196,110.59401086795425,47.12902889372342
265.8203125,13.8671875,207.2265625,2113281.25,0.828125,90332031250.0,0.3119140625,798.828125,-23.203125,-347.65625,89.84375,15.533477178255243,6.591193870251578,22.89064274442715,9.297466226327856,17.204732335123836,6.5769432517132165,11.979397194176356,4.430162917029304,13.993275925041365,4.467420984791279,5.756194389999235,2.044537410921807
95.8984375,13.8671875,207.2265625,2113281.25,0.828125,90332031250.0,0.3119140625,798.828125,-23.203125,-347.65625,89.84375,4.882150646323426,2.186697279793476,8.202040834926478,3.3566841665505147,5.976903213181642,2.2885279479616476,3.7251152734664728,1.5519660540716598,4.203498318774801,1.4634269267267876,1.7384235294680195,0.675380024778847
265.8203125,40.5859375,207.2265625,2113281.25,0.828125,90332031250.0,0.3119140625,798.828125,-23.203125,-347.65625,89.84375,45.320504955128804,19.25881053253979,66.80311728419485,27.16438978102762,50.23732628743894,19.22759528691871,34.940454633982725,12.921130989704347,40.866338426051385,13.048945448037125,16.81380436579459,5.97020027928261
265.8203125,13.8671875,189.6484375,2113281.25,0.828125,90332031250.0,0.3119140625,798.828125,-23.203125,-347.65625,89.84375,14.231084516098015,6.026638351103029,20.674801859296025,8.442691258515346,15.595422362595531,5.994149542798486,10.98281191504706,4.016905747617002,13.02962171251301,4.1256596404358215,5.359606370502215,1.8789212722931339
265.8203125,13.8671875,207.2265625,7011718.75,0.828125,90332031250.0,0.3119140625,798.828125,-23.203125,-347.65625,89.84375,51.538986201419895,21.869118294087954,75.94954478049304,30.848339882178376,57.0840934224534,21.82183574274533,39.746798453875336,14.698969382749727,46.42870662744779,14.822589034566263,19.098648669221124,6.783631520526142
265.8203125,13.8671875,207.2265625,2113281.25,0.22812500000000002,90332031250.0,0.3119140625,798.828125,-23.203125,-347.65625,89.84375,4.279033335896727,1.8156873680315673,6.305724227710121,2.56118880951673,4.739416831939773,1.811761725943641,3.2999848874523545,1.2203845016722237,3.85475148123781,1.2306480448670318,1.5856686432828082,0.5632121924426109
265.8203125,13.8671875,207.2265625,2113281.25,0.828125,48566406250.0,0.3119140625,798.828125,-23.203125,-347.65625,89.84375,28.891792789121897,12.25941914659115,42.57589587910223,17.293003014866215,32.00027630095221,12.232913431663164,22.28131264500348,8.239967622963297,26.027065532581165,8.309266490251616,10.70634563409735,3.802777095436884
265.8203125,13.8671875,207.2265625,2113281.25,0.828125,90332031250.0,0.3224609375,798.828125,-23.203125,-347.65625,89.84375,15.036345852388171,6.318954606639781,21.78662506756587,8.852463446347514,17.173065386536,6.516993948463248,11.556215147883176,4.249485238681138,13.522058259273354,4.316982467053687,5.562356971320996,1.9756884757967674
265.8203125,13.8671875,207.2265625,2113281.25,0.828125,90332031250.0,0.3119140625,1748.046875,-23.203125,-347.65625,89.84375,2.606928410968241,1.1834773270712498,2.879719567123987,1.5695670028477844,2.4999977120936734,1.2867643216372135,0.6495386127325868,0.2158547889951459,2.930927332080605,0.828381282498803,1.2104299752011283,0.3433257602050729
265.8203125,13.8671875,207.2265625,2113281.25,0.828125,90332031250.0,0.3119140625,798.828125,-17.578125,-347.65625,89.84375,15.130760578376067,6.530529844834174,22.865405779822453,9.315846837733535,17.16820615947881,6.603793125238678,12.3085367433929,4.504986837280716,13.861738608813283,4.43086635433464,5.973125593190542,2.1190086577245513
265.8203125,13.8671875,207.2265625,2113281.25,0.828125,90332031250.0,0.3119140625,798.828125,-23.203125,82.03125,89.84375,26.372502184809818,14.420478310456676,32.618689615856994,15.695033724275651,24.35837107030802,12.087092948942319,69.35142273023722,19.388788931002402,51.48360470286404,14.512046221729575,82.12500411715409,23.076803929503146
265.8203125,13.8671875,207.2265625,2113281.25,0.828125,90332031250.0,0.3119140625,798.828125,-23.203125,-347.65625,332.03125,24.302838812097793,8.243092746557238,23.82236446255406,8.786652002578792,17.303352787144036,6.152512334312024,8.396453331037996,3.400241972451898,18.62712411679279,5.5384828022644745,2.5443203441648397,1.0409007276194988
95.8984375,40.5859375,189.6484375,7011718.75,0.22812500000000002,48566406250.0,0.3224609375,1748.046875,-17.578125,82.03125,332.03125,4.842267390054635,2.7819762874820575,5.623469910590091,2.791365109327158,8.033963996200752,3.1861807258420902,0.22354235472901102,0.10115385844832747,3.9401081649869707,1.1063127186120159,0.747876493659661,0.2654426144072926
140.8203125,58.8671875,82.2265625,11613281.25,0.42812500000000003,40832031250.0,0.2369140625,3048.828125,6.796875,152.34375,-410.15625,4.377335076619178,2.5184243417922776,4.352155244631947,2.3346817260680424,2.7191720946268267,1.5893756777911032,0.2544531967658116,0.09677840116944236,0.5533698228606185,0.1571413397396634,2.026188005372854,0.5698911510307791
220.8984375,58.8671875,82.2265625,11613281.25,0.42812500000000003,40832031250.0,0.2369140625,3048.828125,6.796875,152.34375,-410.15625,6.836038144921772,3.933416752757283,6.816630038175743,3.657095828148447,4.252641996090787,2.4851403699848214,0.3946693313376844,0.15031545597373294,0.8614304833409421,0.2446001349185897,3.1674099363383688,0.8908735459041512
140.8203125,85.5859375,82.2265625,11613281.25,0.42812500000000003,40832031250.0,0.2369140625,3048.828125,6.796875,152.34375,-410.15625,6.362825961206062,3.6608677086351675,6.323808835836952,3.392764795133875,3.9517857872027853,2.3100943818653747,0.36982671376637133,0.14061817588407305,0.8040536290873068,0.22833001803907196,2.9424291019242923,0.8275936905568686
140.8203125,58.8671875,64.6484375,11613281.25,0.42812500000000003,40832031250.0,0.2369140625,3048.828125,6.796875,152.34375,-410.15625,3.4397324761133485,1.9790546923581718,3.419962078262375,1.8347752670300947,2.136738824740285,1.2490032086787473,0.1998147908691237,0.07599146842371496,0.4346038222177348,0.12341476660069287,1.5913168662989823,0.44757738464152586
140.8203125,58.8671875,82.2265625,16511718.75,0.42812500000000003,40832031250.0,0.2369140625,3048.828125,6.796875,152.34375,-410.15625,6.223678226999416,3.580686072235438,6.187877638432305,3.3194415257617274,3.866108457446215,2.259768244205514,0.3617805794581519,0.1375991596849085,0.7867790922407785,0.22342295428172124,2.8808263365997484,0.8102690532819051
140.8203125,58.8671875,82.2265625,11613281.25,0.628125,40832031250.0,0.2369140625,3048.828125,6.796875,152.34375,-410.15625,6.422221535769742,3.6949145452572822,6.385278862562201,3.425335963063332,3.989442270218921,2.3318577462482604,0.3733218434301324,0.14198874916100668,0.8118783532480607,0.2305504327567324,2.972728387444844,0.8361176741400483
140.8203125,58.8671875,82.2265625,11613281.25,0.42812500000000003,98066406250.0,0.2369140625,3048.828125,6.796875,152.34375,-410.15625,1.8225964371997714,1.048599468024484,1.812112279312398,0.9720943271296254,1.1321850589577462,0.661770323041243,0.10594699326002903,0.04029574297646609,0.23040727975949193,0.06542913460660034,0.8436464138682509,0.23728628566917886
140.8203125,58.8671875,82.2265625,11613281.25,0.42812500000000003,40832031250.0,0.2474609375,3048.828125,6.796875,152.34375,-410.15625,4.237768534089883,2.4390438519853292,4.213390734468371,2.2606737760724234,2.7875777520535654,1.623762189624014,0.24634697204675202,0.09388117243034788,0.5432231022593275,0.15425995878359972,1.989035340505937,0.55944149142924
140.8203125,58.8671875,82.2265625,11613281.25,0.42812500000000003,40832031250.0,0.2369140625,3998.046875,6.796875,152.34375,-410.15625,1.9715836242394287,1.1544201760964603,1.9613087013128008,1.104311794983035,1.2222535363785223,0.7290698431030802,0.07012176747521937,0.026023201080496328,0.16207054367185666,0.04595311557863472,0.5928362531746124,0.16661777446746595
140.8203125,58.8671875,82.2265625,11613281.25,0.42812500000000003,40832031250.0,0.2369140625,3048.828125,12.421875,152.34375,-410.15625,4.377595411584585,2.5185377934789375,4.351940899498308,2.3345646788316565,2.7191866019512365,1.5893655710738734,0.2539763575428871,0.09668357881629497,0.554203733074663,0.15737176921418602,2.026074948746889,0.5698590343910681
140.8203125,58.8671875,82.2265625,11613281.25,0.42812500000000003,40832031250.0,0.2369140625,3048.828125,6.796875,-417.96875,-410.15625,3.9515265585127843,2.120787985559417,4.2092853961828975,2.216982719519885,2.5411844209357564,1.3925491932760832,0.5809540844568852,0.25762163520282155,1.6190697592005143,0.45835298858886997,1.6430759662499868,0.46270018914799305
140.8203125,58.8671875,82.2265625,11613281.25,0.42812500000000003,40832031250.0,0.2369140625,3048.828125,6.796875,152.34375,-167.96875,4.451519749055839,2.5881812058193883,4.448344545785465,2.5329391707049607,2.9992364172563293,1.7063872020609983,0.16239916772150806,0.06625194530960578,0.6276786537683438,0.17800801712071457,1.6012629449373281,0.4491972663731287
220.8984375,85.5859375,64.6484375,16511718.75,0.628125,98066406250.0,0.2474609375,3998.046875,12.421875,-417.96875,-167.96875,2.799950227089707,1.5891136709510612,2.9175757354915435,1.6864061408643947,1.8814287210596121,1.1131551219237663,0.17584912913531384,0.0707809536351244,0.8430309783116802,0.23797055942893086,0.5971694749324691,0.1675443264205081
172.0703125,25.1171875,113.4765625,13988281.25,0.528125,3707031250.0,0.2931640625,1361.328125,-15.703125,-222.65625,214.84375,412.456598818164,172.3057992554729,446.67889149466447,226.6843018517821,360.0978551306687,171.21643636024945,112.1660225666206,39.9885883031302,602.7835571496207,169.58685542825194,175.27395632445365,51.14176216486072
189.6484375,25.1171875,113.4765625,13988281.25,0.528125,3707031250.0,0.2931640625,1361.328125,-15.703125,-222.65625,214.84375,452.8671916764269,189.42360723627445,491.50932623863866,249.76035727778196,395.81294436045613,189.07836894845013,122.80486946290975,43.753895025012525,662.4248215251821,186.35627401414578,192.6779646626529,56.22203356356633
172.0703125,51.8359375,113.4765625,13988281.25,0.528125,3707031250.0,0.2931640625,1361.328125,-15.703125,-222.65625,214.84375,850.7304476784085,355.5003254154378,920.457865214474,467.1459857771095,742.3616827077037,352.9427041675068,230.6463371595807,82.29944075413049,1242.0175412933436,349.43117722548243,361.10721260813585,105.35569466423067
172.0703125,25.1171875,158.3984375,13988281.25,0.528125,3707031250.0,0.2931640625,1361.328125,-15.703125,-222.65625,214.84375,581.7910212179713,242.1080092664851,630.9616473083381,319.34716682552613,508.39817681091705,239.7954253336339,161.8828920868824,57.49374094603941,854.465688387287,240.40655901811766,248.46477081513578,72.52484206460629
172.0703125,25.1171875,113.4765625,18886718.75,0.528125,3707031250.0,0.2931640625,1361.328125,-15.703125,-222.65625,214.84375,556.8912748633965,232.64410483111186,603.0975817862895,306.0649537708367,486.1974670641673,231.17326718844066,151.4444901171769,53.99185267959635,813.867215531532,228.97303713923435,236.65165563494367,69.05066184504373
172.0703125,25.1171875,113.4765625,13988281.25,0.7281250000000001,3707031250.0,0.2931640625,1361.328125,-15.703125,-222.65625,214.84375,568.6531806191258,237.5576995652379,615.8353947825851,312.52924456488313,496.4662736416914,236.05579687537357,154.64309620131723,55.13219570786592,831.0566202121993,233.80909653717583,241.64989244732374,70.50905671250032
172.0703125,25.1171875,113.4765625,13988281.25,0.528125,85691406250.0,0.2931640625,1361.328125,-15.703125,-222.65625,214.84375,17.842973618928642,7.453991133402187,19.3234383930545,9.806418491924202,15.577921526143253,7.4068650273910155,4.85232964469722,1.7299161371049165,26.07656451360669,7.3363689566217385,7.582394336140151,2.212405173654229
172.0703125,25.1171875,113.4765625,13988281.25,0.528125,3707031250.0,0.2662109375,1361.328125,-15.703125,-222.65625,214.84375,456.37060524584916,190.72902708058865,494.21834612866843,249.53415675240444,349.2359238639248,167.9899040697983,120.09128722043111,43.370924152859274,642.6276519551615,180.79657517808846,186.85959440283324,54.52224127058613
172.0703125,25.1171875,113.4765625,13988281.25,0.528125,3707031250.0,0.2931640625,2310.546875,-15.703125,-222.65625,214.84375,93.52158072897208,48.92467196096007,96.20346489748331,53.79963587813,83.60200588866131,45.816522580026884,5.857944222987916,2.791129629282196,63.58849455514421,17.90431740702038,18.471568906269596,5.367163542319083
172.0703125,25.1171875,113.4765625,13988281.25,0.528125,3707031250.0,0.2931640625,1361.328125,-10.078125,-222.65625,214.84375,412.2286347214969,172.3414564581682,446.9465873457306,226.75234142017692,360.11523746208735,171.2503059260669,112.85753748707805,40.18758221221033,601.9479052246037,169.35216291833092,177.9036279625197,51.84659034753741
172.0703125,25.1171875,113.4765625,13988281.25,0.528125,3707031250.0,0.2931640625,1361.328125,-15.703125,457.03125,214.84375,689.5178489256941,277.2261633973889,644.3948290399783,278.8821945353282,1122.378004108577,357.34660052101384,82.84237631161254,28.060498280241827,221.3146769730797,64.82757330177462,454.7142986268067,127.69192097569639
172.0703125,25.1171875,113.4765625,13988281.25,0.528125,3707031250.0,0.2931640625,1361.328125,-15.703125,-222.65625,-292.96875,380.8035587625714,170.37017139359708,432.6408590124156,180.65033691968176,340.64170045705964,144.28570458657083,188.13463034515405,64.66777897777907,261.38283817572494,75.41728183360388,308.56316672012736,87.84134676055263
189.6484375,51.8359375,158.3984375,18886718.75,0.7281250000000001,85691406250.0,0.2662109375,2310.546875,-10.078125,457.03125,-292.96875,26.171317513885313,14.922348489437745,26.41838681819099,14.122256211480549,19.867355356492844,11.319921425464127,3.016405583812834,0.9109621242641273,2.4224121421336258,0.8497449271293708,18.943754254863038,5.3202375506998205
297.0703125,70.1171875,238.4765625,4488281.25,0.9281250000000001,53207031250.0,0.2181640625,3611.328125,14.296875,277.34375,-285.15625,13.258679352477785,7.741263712260289,13.216332858431201,7.5370713284704225,7.639007450538904,4.519021869518504,0.4429765116181342,0.15310606298184368,0.5794211122448956,0.17719290332090148,4.12526914176015,1.158097523826191
64.6484375,70.1171875,238.4765625,4488281.25,0.9281250000000001,53207031250.0,0.2181640625,3611.328125,14.296875,277.34375,-285.15625,2.9118085765030854,1.699698530382482,2.886160434699615,1.6457108639171463,1.6777007534152721,0.9901417724302168,0.09425443071905819,0.033587258785689036,0.12554518175740562,0.038577574078118945,0.9051185259747225,0.2540981495000169
297.0703125,96.8359375,238.4765625,4488281.25,0.9281250000000001,53207031250.0,0.2181640625,3611.328125,14.296875,277.34375,-285.15625,18.30757680567058,10.689263336887686,18.243679776853437,10.40459628981616,10.546771133033623,6.239096502717076,0.6100996171416706,0.21116862607425424,0.7988225666836911,0.2443445989703508,5.691068678645113,1.5976677651034537
297.0703125,70.1171875,283.3984375,4488281.25,0.9281250000000001,53207031250.0,0.2181640625,3611.328125,14.296875,277.34375,-285.15625,15.810966922406509,9.230280769580206,15.760665023121856,8.98548060724038,9.11467696864055,5.388952275084367,0.5307392445431237,0.1834690457402002,0.6940385839821319,0.21225484021096427,4.9408453332582365,1.387062339531932
297.0703125,70.1171875,238.4765625,9386718.75,0.9281250000000001,53207031250.0,0.2181640625,3611.328125,14.296875,277.34375,-285.15625,27.72898736640915,16.18995361232504,27.64042459426473,15.762908966331093,15.976096521884237,9.451009184032172,0.9264339054990224,0.3202035416408793,1.2117919344860604,0.37057836960846496,8.627521103263392,2.422026414059475
297.0703125,70.1171875,238.4765625,4488281.25,0.328125,53207031250.0,0.2181640625,3611.328125,14.296875,277.34375,-285.15625,4.687411892290124,2.7368104033243443,4.672440909546383,2.6646211767319667,2.7006591996854707,1.5976339942742184,0.1566078576427748,0.0541284061046922,0.2048458477633468,0.0626439557195106,1.4584284844606583,0.4094284175143098
297.0703125,70.1171875,238.4765625,4488281.25,0.9281250000000001,36191406250.0,0.2181640625,3611.328125,14.296875,277.34375,-285.15625,19.492333670814883,11.380869187770902,19.430077697214397,11.08067442688566,11.230536479631995,6.643669388527958,0.6512447992175513,0.22508987413661014,0.8518397161238769,0.26050129909703174,6.064791255252564,1.7025846057243978
297.0703125,70.1171875,238.4765625,4488281.25,0.9281250000000001,53207031250.0,0.3412109375,3611.328125,14.296875,277.34375,-285.15625,8.225430716314236,4.8232274123062755,8.199958308244396,4.690577271656509,8.505133735747783,5.0460299144483916,0.27491584515305867,0.09546312300231626,0.42655897309954355,0.13044609746485178,3.03694589596644,0.8525697115151613
297.0703125,70.1171875,238.4765625,4488281.25,0.9281250000000001,53207031250.0,0.2181640625,4560.546875,14.296875,277.34375,-285.15625,6.636598680574234,3.9204504717802204,6.6168280011620535,3.855481902773756,3.7014130885613965,2.25802459912793,0.14304090339408046,0.04909866599764623,0.19133930432059215,0.05826843692131594,1.368670503304215,0.3841028431144978
297.0703125,70.1171875,238.4765625,4488281.25,0.9281250000000001,53207031250.0,0.2181640625,3611.328125,19.921875,277.34375,-285.15625,13.26345409772299,7.7439807753913,13.211825736213596,7.534825973453231,7.639856996479205,4.519228354167756,0.44851439524821995,0.15367200469359246,0.5850917979112492,0.17865379706538656,4.12281447169118,1.15740392354473
297.0703125,70.1171875,238.4765625,4488281.25,0.9281250000000001,53207031250.0,0.2181640625,3611.328125,14.296875,-42.96875,-285.15625,13.178601185531981,7.592019273543974,13.272646837381291,7.49125652486128,7.401016974918094,4.435689921423967,0.6912202704990101,0.26523566501962775,2.4078775573012585,0.6784355391474023,3.9520736495812,1.1098517629523776
297.0703125,70.1171875,238.4765625,4488281.25,0.9281250000000001,53207031250.0,0.2181640625,3611.328125,14.296875,277.34375,207.03125,13.222791316686958,7.849578140826165,13.23177413793595,7.856957206719004,8.796946335768656,4.735307529036811,0.2572796720570976,0.07443824586066441,0.6398982778252572,0.19388402809739932,1.2462904720239332,0.3578197145997045
64.6484375,96.8359375,283.3984375,9386718.75,0.328125,36191406250.0,0.3412109375,4560.546875,19.921875,-42.96875,207.03125,1.6056271842210057,0.9500412802613896,1.6052511478544393,0.9554274960878497,1.6642532231117484,1.0053826084194917,0.015619000715653803,0.006573702908031185,0.254200420462094,0.071537487066927,0.1105873738278023,0.031822252153234254
234.5703125,47.6171875,50.9765625,18738281.25,0.7281250000000001,77957031250.0,0.3306640625,4736.328125,29.296875,27.34375,-35.15625,0.9927417406592927,0.5916579200382576,0.9982904745084241,0.5929293642767316,0.9839674431148339,0.5956370432210226,0.014873401973356121,0.005574991863320425,0.11655498212168136,0.03281836040382804,0.14365558559306293,0.040269648459385195
127.1484375,47.6171875,50.9765625,18738281.25,0.7281250000000001,77957031250.0,0.3306640625,4736.328125,29.296875,27.34375,-35.15625,0.5392598951513135,0.32138479596429304,0.5418006608980032,0.3217974060359448,0.53426025730921,0.32342125581818953,0.008402264735340515,0.0031388334628941533,0.06336996066332894,0.017843562085159612,0.0779940267199693,0.02186346388371741
234.5703125,29.3359375,50.9765625,18738281.25,0.7281250000000001,77957031250.0,0.3306640625,4736.328125,29.296875,27.34375,-35.15625,0.6116349103423798,0.3645238344460506,0.6150735158689398,0.3653186613200087,0.6062389077235504,0.36698159237801076,0.009152335966785408,0.003431240145623869,0.07182001700977883,0.020222329308419093,0.08852366332456972,0.024815022481419112
234.5703125,47.6171875,95.8984375,18738281.25,0.7281250000000001,77957031250.0,0.3306640625,4736.328125,29.296875,27.34375,-35.15625,1.868641642989969,1.113667971177331,1.879095115286201,1.1160628980938703,1.8521308208398664,1.1211733567281466,0.02802375230836639,0.010503455154628378,0.21956388968470872,0.0618226017525161,0.27061610277707404,0.07585936771566362
234.5703125,47.6171875,50.9765625,4636718.75,0.7281250000000001,77957031250.0,0.3306640625,4736.328125,29.296875,27.34375,-35.15625,0.24565029104910985,0.14640357537740495,0.24702330482416077,0.14671818957608512,0.24347912340573433,0.14738819476826223,0.003680368593365386,0.001379511224048644,0.028841101475596365,0.008120782530611607,0.03554704609109145,0.009964576343817014
234.5703125,47.6171875,50.9765625,18738281.25,0.9281250000000001,77957031250.0,0.3306640625,4736.328125,29.296875,27.34375,-35.15625,1.2654261672781542,0.7541734002204397,1.2724990168626693,0.7557940823613273,1.2542417622536723,0.7592455014448228,0.018958799940286583,0.0071063201004556474,0.14857008450703588,0.041832845664965354,0.18311463056283125,0.051330839452521024
234.5703125,47.6171875,50.9765625,18738281.25,0.7281250000000001,11441406250.0,0.3306640625,4736.328125,29.296875,27.34375,-35.15625,6.764133464778936,4.03131345517361,6.8019402525655925,4.039976552704244,6.704349014080826,4.058425562158399,0.10134123700316418,0.03798569908374383,0.7941576572899948,0.2236107950082609,0.9788100108162365,0.27438080379103796
234.5703125,47.6171875,50.9765625,18738281.25,0.7281250000000001,77957031250.0,0.22871093750000002,4736.328125,29.296875,27.34375,-35.15625,1.468521178930901,0.8733146779872617,1.4767285915230879,0.8752441246369196,0.8740024112131184,0.5377176204791324,0.021193200506702727,0.00807958352736363,0.14963123391058614,0.04213163326661127,0.18442251149759556,0.051697465680469346
234.5703125,47.6171875,50.9765625,18738281.25,0.7281250000000001,77957031250.0,0.3306640625,3435.546875,29.296875,27.34375,-35.15625,2.561567665319106,1.5111396860777886,2.588639610816463,1.5165153218717575,2.546061727619396,1.5425386718254444,0.0795361187926364,0.028441414223381856,0.5401132672554784,0.15214069866710633,0.6668839562965692,0.18701148759788522
234.5703125,47.6171875,50.9765625,18738281.25,0.7281250000000001,77957031250.0,0.3306640625,4736.328125,-25.078125,27.34375,-35.15625,0.9925997218041361,0.5916072316841279,0.9984229178949311,0.5930388555538181,0.9839627044000795,0.5956758956711455,0.01630797590662697,0.006112545803257252,0.11589517161846014,0.0326347619845503,0.14321190849224558,0.04014569461629428
234.5703125,47.6171875,50.9765625,18738281.25,0.7281250000000001,77957031250.0,0.3306640625,4736.328125,29.296875,207.03125,-35.15625,0.9994056623877502,0.595644315235276,1.0005164963425297,0.5942649028782446,0.9883633069829374,0.5986627216505451,0.00874372328470651,0.0038442204616620985,0.05653751297127385,0.01617452863828729,0.14561292987374433,0.040814245595608915
234.5703125,47.6171875,50.9765625,18738281.25,0.7281250000000001,77957031250.0,0.3306640625,4736.328125,29.296875,27.34375,457.03125,0.9890426678469434,0.5870695677147828,0.9844881876758664,0.5796662444194424,0.975662627787944,0.5877615107080502,0.016070707971341067,0.0059423987756289836,0.11943572408950688,0.03361100191928251,0.024127551527984906,0.01002787086683684
127.1484375,29.3359375,95.8984375,4636718.75,0.9281250000000001,11441406250.0,0.22871093750000002,3435.546875,-25.078125,207.03125,457.03125,5.038161154537359,3.0165334995018065,5.044567864434588,2.91938882451226,3.684578997346589,1.914563648625449,0.12088578366711482,0.04544279136083772,0.4882126366665088,0.13942418018885006,0.20965748458812358,0.08423827290548633
109.5703125,92.6171875,175.9765625,9238281.25,0.328125,28457031250.0,0.2556640625,2486.328125,-0.703125,-472.65625,464.84375,14.950352204467567,7.27578601781611,16.193713333168155,8.518903169656333,10.737050496087178,5.769219671765198,2.326554950399991,1.0357496062156546,11.437741464727102,3.2237293899444532,1.056068939225156,0.428128090566407
252.1484375,92.6171875,175.9765625,9238281.25,0.328125,28457031250.0,0.2556640625,2486.328125,-0.703125,-472.65625,464.84375,34.09688556854565,16.65220529948715,37.144340113522986,19.559981295477908,24.5602266204093,13.247917073355554,5.269514345843675,2.3457263487039457,25.82754036843085,7.279206443593163,2.438565959514629,0.9843735727341538
109.5703125,74.3359375,175.9765625,9238281.25,0.328125,28457031250.0,0.2556640625,2486.328125,-0.703125,-472.65625,464.84375,12.001858087064669,5.840567122508717,13.00589374025696,6.841347877206183,8.621551924739281,4.632569105894374,1.8691473396554872,0.8321063120575979,9.185444605240665,2.58891164233706,0.8492414027014467,0.3441897557209263
109.5703125,92.6171875,220.8984375,9238281.25,0.328125,28457031250.0,0.2556640625,2486.328125,-0.703125,-472.65625,464.84375,18.847344953384724,9.158625915279107,20.42817738619224,10.737709974168547,13.540695263139263,7.2664301339813235,2.952822704984203,1.3144850431041437,14.498816310661004,4.086482849378939,1.3387251532821058,0.5427013286682785
109.5703125,92.6171875,175.9765625,14136718.75,0.328125,28457031250.0,0.2556640625,2486.328125,-0.703125,-472.65625,464.84375,22.87751569892944,11.133644650518606,24.780147379592194,13.035902989846202,16.430184247500843,8.828247776794184,3.5601701334027767,1.5849377695113969,17.502404380907983,4.933055671124303,1.6160310744422153,0.6551355432388274
109.5703125,92.6171875,175.9765625,9238281.25,0.528125,28457031250.0,0.2556640625,2486.328125,-0.703125,-472.65625,464.84375,24.062947833857326,11.710550828675451,26.06416717433731,13.711377482589716,17.281538417511744,9.28569642407922,3.7446455868342707,1.6670636519090056,18.409317214656,5.188669208577263,1.6997681021814413,0.6890823552925978
109.5703125,92.6171875,175.9765625,9238281.25,0.328125,60941406250.0,0.2556640625,2486.328125,-0.703125,-472.65625,464.84375,6.981175297067255,3.397481003768372,7.5617717859194915,3.977963565857727,5.013743533362931,2.6939789314024396,1.0864016930750553,0.4836507840062203,5.340936258607585,1.5053437988427243,0.49313904379560675,0.19991751424756585
109.5703125,92.6171875,175.9765625,9238281.25,0.328125,28457031250.0,0.3037109375,2486.328125,-0.703125,-472.65625,464.84375,12.471587684988899,6.073309254227296,13.509067094340722,7.131547546086427,11.362779653483486,6.006360584812187,1.9408907217231026,0.8646686162850179,10.198499679511391,2.874448880626486,0.9416473323377975,0.3817418157156696
109.5703125,92.6171875,175.9765625,9238281.25,0.328125,28457031250.0,0.2556640625,1185.546875,-0.703125,-472.65625,464.84375,76.85385628347704,31.87905883846344,112.47931608862586,46.32552134766013,65.49086104142798,22.31340521198546,42.81914470518364,19.214462463446832,125.36730297525462,35.6291340355805,11.617763098319255,5.378085109802352
109.5703125,92.6171875,175.9765625,9238281.25,0.328125,28457031250.0,0.2556640625,2486.328125,4.921875,-472.65625,464.84375,14.950575689166907,7.2759871454303715,16.19384682311238,8.519072749577372,10.737175513097343,5.769352867324088,2.326956077634108,1.0359591182442125,11.437804607292673,3.2237454381369917,1.054596391814418,0.42782180711851087
109.5703125,92.6171875,175.9765625,9238281.25,0.328125,28457031250.0,0.2556640625,2486.328125,-0.703125,-292.96875,464.84375,16.4438216118186,8.413019464361307,16.691648311910985,8.93172191385447,12.599240698025048,6.507480619252524,1.8540245175050172,0.8038356083848422,10.560260741883233,2.9715049845235826,1.2391411000099892,0.48683070166288334
109.5703125,92.6171875,175.9765625,9238281.25,0.328125,28457031250.0,0.2556640625,2486.328125,-0.703125,-472.65625,-42.96875,14.847624997143793,7.502666246470742,16.104099433846244,9.179765891909428,10.575773769264526,5.970997419558515,2.2848880091609742,0.8175416195318056,10.336574134887538,2.9254741793861023,5.278339739307493,1.4833754936959451
252.1484375,74.3359375,220.8984375,14136718.75,0.528125,60941406250.0,0.3037109375,1185.546875,4.921875,-292.96875,-42.96875,250.63287019969178,105.04810427280334,286.32966907343854,145.48872303887643,226.59917860553549,106.89961293722499,172.32407565309123,52.90357153980062,282.06704675556534,81.28653226234526,200.99790084431913,57.547442007454535
93.9453125,19.4921875,66.6015625,5675781.25,0.6781250000000001,47019531250.0,0.2837890625,1080.078125,-19.453125,214.84375,402.34375,19.299949229099383,6.685570494430134,25.076825959195364,7.775319656167172,40.61124802656917,11.695721527833769,1.0999172549742362,0.4835807867619982,19.86003337330945,5.560093179037199,2.283960020642452,0.8377874514596416
299.0234375,19.4921875,66.6015625,5675781.25,0.6781250000000001,47019531250.0,0.2837890625,1080.078125,-19.453125,214.84375,402.34375,51.612429291191575,18.674625575093014,71.41343111928103,22.537864455490976,111.37855596064175,32.30852626005263,3.1057928865007756,1.524182408171122,41.34161432239458,11.596614783221513,11.71558083190559,3.656369157872033
93.9453125,91.2109375,66.6015625,5675781.25,0.6781250000000001,47019531250.0,0.2837890625,1080.078125,-19.453125,214.84375,402.34375,89.45032531483474,31.0669662721928,113.57749629933852,35.40477074589511,185.46051599399286,53.481529591188064,5.12355826877856,2.2735591606513266,90.72560400945653,25.402762058292694,8.961601415380503,3.546398640859299
93.9453125,19.4921875,111.5234375,5675781.25,0.6781250000000001,47019531250.0,0.2837890625,1080.078125,-19.453125,214.84375,402.34375,33.13909311254511,11.411645616718499,43.887233628618766,13.516155663834207,70.68366163635567,20.318699443862577,1.8725336090463838,0.8335886866403208,35.566605515365325,9.95482071167209,4.140806615944241,1.4811246473753688
93.9453125,19.4921875,66.6015625,5824218.75,0.6781250000000001,47019531250.0,0.2837890625,1080.078125,-19.453125,214.84375,402.34375,19.80469669689414,6.860416797794446,25.732654855581753,7.97866593760857,41.67334535967972,12.001597245698658,1.128683157031374,0.4962277722382239,20.379428602618297,5.705505113519933,2.343691941347485,0.8596979285108918
93.9453125,19.4921875,66.6015625,5675781.25,0.778125,47019531250.0,0.2837890625,1080.078125,-19.453125,214.84375,402.34375,22.14602469145505,7.67146107425393,28.77479107760205,8.921910573205647,46.60000349592499,13.420436223182524,1.262117034509607,0.5548922391877306,22.788701889189173,6.380014753826093,2.6207651849768223,0.9613321447624458
93.9453125,19.4921875,66.6015625,5675781.25,0.6781250000000001,42378906250.0,0.2837890625,1080.078125,-19.453125,214.84375,402.34375,21.41335504384453,7.4176617237953275,27.822818146449865,8.626741884162987,45.05830882992101,12.976440227720072,1.220361692149035,0.5365344207073622,22.034770182922465,6.168941063330331,2.5340609059335595,0.9295278415724681
93.9453125,19.4921875,66.6015625,5675781.25,0.6781250000000001,47019531250.0,0.2380859375,1080.078125,-19.453125,214.84375,402.34375,21.41001397380224,7.555942359910388,27.76069618972648,8.699016374593663,44.16137399224268,12.610240574693382,1.283683129426772,0.5623594661000321,21.809876686365424,6.1059789940975,2.5081975176207743,0.9200408006501912
93.9453125,19.4921875,66.6015625,5675781.25,0.6781250000000001,47019531250.0,0.2837890625,2591.796875,-19.453125,214.84375,402.34375,0.7095575692819448,0.4272625971345788,0.7149188835870489,0.41132635650321353,0.7803548845528118,0.37047844662132473,0.02746492344580866,0.009573123825318304,0.1270452159746956,0.0363081347058956,0.03907352858285114,0.01417823016979558
93.9453125,19.4921875,66.6015625,5675781.25,0.6781250000000001,47019531250.0,0.2837890625,1080.078125,-21.328125,214.84375,402.34375,19.30071184740185,6.686059098726628,25.058285297862884,7.770539395650249,40.593492168305126,11.690947097899805,1.0999561631329378,0.48290634112754843,19.875002910236628,5.564267410805319,2.3031997860873283,0.8418438134962724
93.9453125,19.4921875,66.6015625,5675781.25,0.6781250000000001,47019531250.0,0.2837890625,1080.078125,-19.453125,394.53125,402.34375,27.34531667498536,8.466488171779853,28.04761766877319,8.503077982375212,51.52343730520277,14.640720839882505,2.0736808612420132,0.7582838494577877,3.6079063363710824,1.0998192417973613,2.352498552954386,0.8260245691645203
93.9453125,19.4921875,66.6015625,5675781.25,0.6781250000000001,47019531250.0,0.2837890625,1080.078125,-19.453125,214.84375,144.53125,15.899355227117171,6.3005259892252585,10.668012500684439,5.35279161167594,23.04502695669342,7.353321073305139,5.666847308942399,1.6136533380124503,13.065419761292649,3.679868615254886,21.161213232397557,5.924030993595874
299.0234375,91.2109375,111.5234375,5824218.75,0.778125,42378906250.0,0.2380859375,2591.796875,-21.328125,394.53125,144.53125,27.356092218046218,15.992517899165904,27.671451908042584,16.216124556976965,24.750935063101416,11.517822558850563,1.4482223302546406,0.44604432017776313,0.9913181677856366,0.4237477791378383,6.834957516538494,1.9283502212952113
218.9453125,64.4921875,191.6015625,15175781.25,0.278125,96519531250.0,0.2087890625,3330.078125,10.546875,-285.15625,-97.65625,5.024370425466322,2.825503581145303,5.157296610295663,2.98378931178562,2.751870199053687,1.6317179366874563,0.34112632180419405,0.12841043235920424,1.6811741448849182,0.474285052135671,1.254978948283974,0.3520753539431435
174.0234375,64.4921875,191.6015625,15175781.25,0.278125,96519531250.0,0.2087890625,3330.078125,10.546875,-285.15625,-97.65625,4.002236781114586,2.2500869679263316,4.102297274015319,2.373385073368409,2.190775748522059,1.2987427394833682,0.27288544632583234,0.1027531183944266,1.342326155041733,0.378693476318684,0.9981009050649002,0.2800111699909919
218.9453125,46.2109375,191.6015625,15175781.25,0.278125,96519531250.0,0.2087890625,3330.078125,10.546875,-285.15625,-97.65625,3.6004432941873366,2.0247381083297307,3.6963447107386416,2.138505185274566,1.9721507680080739,1.1693810484757674,0.2444844417326597,0.09202204010675932,1.2048915119134336,0.33991848142050235,0.8998451343100038,0.25244519888297545
218.9453125,64.4921875,236.5234375,15175781.25,0.278125,96519531250.0,0.2087890625,3330.078125,10.546875,-285.15625,-97.65625,6.221918867203454,3.4978541984643874,6.387350485447669,3.6947459015130857,3.408485677396075,2.0205361960405437,0.42490661556832365,0.15984617786503044,2.08982781468898,0.5895781375461516,1.560141033065948,0.43768968927868845
218.9453125,64.4921875,191.6015625,15324218.75,0.278125,96519531250.0,0.2087890625,3330.078125,10.546875,-285.15625,-97.65625,5.073514846616314,2.853140424410045,5.207741210344888,3.012974380987126,2.778786818761291,1.6476781121299593,0.3444629499196533,0.12966644173620542,1.6976180618747831,0.47892413372670195,1.2672541606481413,0.35551907683885503
218.9453125,64.4921875,191.6015625,15175781.25,0.37812500000000004,96519531250.0,0.2087890625,3330.078125,10.546875,-285.15625,-97.65625,6.830885634622752,3.841414981107659,7.011605503885115,4.0566124351242685,3.7413066751179342,2.2184030375189017,0.46377848245289294,0.17458047545464841,2.2856412531581465,0.6448145090833279,1.7062073341838293,0.4786642452485433
218.9453125,64.4921875,191.6015625,15175781.25,0.278125,91878906250.0,0.2087890625,3330.078125,10.546875,-285.15625,-97.65625,5.278141611447104,2.968214276030751,5.417781639547449,3.1344947113180077,2.8908618149065752,1.7141328386382535,0.3583559493839474,0.13489619374871717,1.76608698380007,0.4982402684078184,1.3183654960736666,0.36985799585821744
218.9453125,64.4921875,191.6015625,15175781.25,0.278125,96519531250.0,0.31308593749999997,3330.078125,10.546875,-285.15625,-97.65625,3.5037565039890306,1.9756819143988875,3.596479231048719,2.0870525115170415,3.2350104064951273,1.9067919512515883,0.2527742594097017,0.09267982192635421,1.350142163514003,0.38089584494332135,1.0078670300491919,0.2827498754599831
218.9453125,64.4921875,191.6015625,15175781.25,0.278125,96519531250.0,0.2087890625,4841.796875,10.546875,-285.15625,-97.65625,1.6919296736385554,0.9882738089190299,1.7165915016110331,1.0148197604172822,0.8991293487468776,0.5482227408362561,0.05237687190789836,0.020494924202503054,0.2985383954390911,0.08413498739857062,0.22170692690236024,0.06215442754826686
218.9453125,64.4921875,191.6015625,15175781.25,0.278125,96519531250.0,0.2087890625,3330.078125,8.671875,-285.15625,-97.65625,5.024244050943403,2.825455034447365,5.157475302775917,2.983957924375545,2.7522226851444627,1.6317825489168447,0.34146860152944075,0.12857267383709356,1.6807857706147544,0.4741763838108646,1.2547229729003262,0.3520036071601703
218.9453125,64.4921875,191.6015625,15175781.25,0.278125,96519531250.0,0.2087890625,3330.078125,10.546875,-105.46875,-97.65625,5.1877733380809525,2.987319497935499,5.254292152994125,3.0389563270099207,2.9841575249888748,1.7068935271436771,0.2603170892938895,0.09672270586642971,1.3033320192325872,0.3671895194469178,1.3389186202926642,0.37553455116406104
218.9453125,64.4921875,191.6015625,15175781.25,0.278125,96519531250.0,0.2087890625,3330.078125,10.546875,-285.15625,-355.46875,5.005112505823042,2.774447010025406,5.160390875214483,2.8125036147815283,2.6912374543362083,1.5490359983249467,0.4941876617114001,0.20859239823482686,1.522064315960461,0.4298635954821022,1.7375237873379137,0.48860626658512973
174.0234375,46.2109375,236.5234375,15324218.75,0.37812500000000004,91878906250.0,0.31308593749999997,4841.796875,8.671875,-105.46875,-355.46875,1.2180538817445523,0.7140331194154949,1.2210985445963018,0.705489933327601,1.1126113505935642,0.6579220359069594,0.04790879280629867,0.01846186320008896,0.17455850766132486,0.04916240454414698,0.2729065967390279,0.0766443857727308
281.4453125,41.9921875,129.1015625,10425781.25,0.478125,71769531250.0,0.3212890625,4455.078125,25.546875,-35.15625,-347.65625,1.3218864954588503,0.7741843219707951,1.3240268014618146,0.7604636845739916,1.2536241772267036,0.7397172597343967,0.051336266162533936,0.019316405550926306,0.18917708466435532,0.05327804367909706,0.3430004336992078,0.09633541225932495
111.5234375,41.9921875,129.1015625,10425781.25,0.478125,71769531250.0,0.3212890625,4455.078125,25.546875,-35.15625,-347.65625,0.526076963263273,0.3080802670631272,0.5258390897005716,0.30200484725538035,0.4983962452486526,0.29409552134963796,0.021052869380085094,0.007950420859708247,0.07532232656675349,0.021213952625552583,0.13641989127907617,0.038315143927590466
281.4453125,68.7109375,129.1015625,10425781.25,0.478125,71769531250.0,0.3212890625,4455.078125,25.546875,-35.15625,-347.65625,2.162759939668115,1.2666688356669842,2.1660634307926983,1.2441188049937781,2.0509805031774646,1.2102263648551412,0.08407106957495966,0.03163690613057524,0.3094131072056463,0.08714028020377691,0.560975625960113,0.15755605093290226
281.4453125,41.9921875,174.0234375,10425781.25,0.478125,71769531250.0,0.3212890625,4455.078125,25.546875,-35.15625,-347.65625,1.7842245080553336,1.0448924805225386,1.7871191756333231,1.02633662717031,1.6920927580390976,0.9983777051402972,0.0694181721658953,0.026123731275851516,0.25575445414354925,0.07202847856509215,0.46371470242102736,0.13023968821405318
281.4453125,41.9921875,129.1015625,10574218.75,0.478125,71769531250.0,0.3212890625,4455.078125,25.546875,-35.15625,-347.65625,1.3407069101562792,0.7852068038872021,1.3428776888561753,0.7712908183371282,1.2714727042910032,0.750249015399405,0.05206716841587838,0.019591423689156055,0.19187050138119516,0.054036592071680684,0.3478839168316807,0.09770699175196426
281.4453125,41.9921875,129.1015625,10425781.25,0.9781250000000001,71769531250.0,0.3212890625,4455.078125,25.546875,-35.15625,-347.65625,2.7042514580301975,1.5837888416788162,2.7086299925329937,1.555719825304963,2.5646037089670477,1.513277792789975,0.10502125038479172,0.03951656821856167,0.3870093300649884,0.10899364491213975,0.7016936976983795,0.19707832704031839
281.4453125,41.9921875,129.1015625,10425781.25,0.478125,67128906250.0,0.3212890625,4455.078125,25.546875,-35.15625,-347.65625,1.4132685819648214,0.8277037269461401,1.4155568474400884,0.8130345811276082,1.340287285899693,0.7908539547919738,0.05488514508025813,0.020651749734487575,0.20225490698505671,0.05696115778388423,0.3667120726421615,0.10299508463430766
281.4453125,41.9921875,129.1015625,10425781.25,0.478125,71769531250.0,0.2005859375,4455.078125,25.546875,-35.15625,-347.65625,2.0121437871695522,1.1755946483832362,2.0154011170975528,1.155194456527355,1.0125955073082282,0.6103767130779514,0.07812985130471903,0.02885853421370548,0.24451081075184783,0.06886171059439598,0.4433270249450619,0.12451322948248855
281.4453125,41.9921875,129.1015625,10425781.25,0.478125,71769531250.0,0.3212890625,3716.796875,25.546875,-35.15625,-347.65625,2.258243345599035,1.3039891903317142,2.263469650318163,1.2708317283175175,2.1431866870638827,1.2471610748724953,0.12218975008871039,0.04696013010122055,0.43561484861785255,0.12273981562208834,0.790252961312839,0.2220471278818201
281.4453125,41.9921875,129.1015625,10425781.25,0.478125,71769531250.0,0.3212890625,4455.078125,-6.328125,-35.15625,-347.65625,1.3210274712888315,0.7738127230161971,1.3249233188555263,0.7610427740085772,1.2536420003457143,0.7398383794964414,0.053388451785273294,0.020192413146535908,0.18740768637885338,0.052782646142498946,0.34284737798752074,0.09629244463527521
281.4453125,41.9921875,129.1015625,10425781.25,0.478125,71769531250.0,0.3212890625,4455.078125,25.546875,144.53125,-347.65625,1.326533000210068,0.7836718955300224,1.3241599615714938,0.7634659169486467,1.2538473173686135,0.7463225427971417,0.0339201755633833,0.012925276930596807,0.10810563819687771,0.030598271764544487,0.34970065041296156,0.09820471023402433
281.4453125,41.9921875,129.1015625,10425781.25,0.478125,71769531250.0,0.3212890625,4455.078125,25.546875,-35.15625,-105.46875,1.321761291754793,0.7825935767457411,1.3325579451838319,0.7858008701367096,1.255154168726365,0.7576128941305256,0.030765319424126324,0.011764982036996205,0.1990744247785517,0.05604664081592586,0.24273534935744806,0.06804976842892053
111.5234375,68.7109375,174.0234375,10574218.75,0.9781250000000001,67128906250.0,0.2005859375,3716.796875,-6.328125,144.53125,-105.46875,6.796055384197997,3.9932853302508478,6.8036439854204085,3.958764582271603,3.783792172024425,2.139553210832008,0.1478927893426137,0.059460652531248104,0.6827566394435969,0.19330974712769167,1.4899791079642288,0.41774622113765786
156.4453125,86.9921875,254.1015625,19925781.25,0.878125,22269531250.0,0.2462890625,2205.078125,-4.453125,464.84375,152.34375,372.91078048297857,210.5489687589988,373.8807908093465,215.61184984459317,409.4530928521351,169.54477740760115,30.641969598869437,9.72254315620087,52.94227068590454,16.79946599149981,133.02292807711666,37.4821557388242
236.5234375,86.9921875,254.1015625,19925781.25,0.878125,22269531250.0,0.2462890625,2205.078125,-4.453125,464.84375,152.34375,558.3945508305795,315.3764685505713,563.4213834811882,324.96522678139763,611.04526257417,254.08233455493126,45.849838259761384,14.517114507339153,78.07186079198372,24.794316284269257,199.31304554941403,56.16358286274869
156.4453125,23.7109375,254.1015625,19925781.25,0.878125,22269531250.0,0.2462890625,2205.078125,-4.453125,464.84375,152.34375,101.71595800218707,57.42968858414408,102.12588186939107,58.89262696244783,111.87548808510971,46.297088226438,8.385742298303072,2.660373240657003,14.469283879965209,4.590111076840372,36.486337772215684,10.280532524124709
156.4453125,86.9921875,299.0234375,19925781.25,0.878125,22269531250.0,0.2462890625,2205.078125,-4.453125,464.84375,152.34375,443.2010111028885,250.17267481994617,444.3710807687024,256.2056183695791,490.64609783639764,202.13663809458825,36.84543833759924,11.70363007235977,64.03713569311037,20.291050745198806,160.94060788175716,45.342869000464056
156.4453125,86.9921875,254.1015625,1074218.75,0.878125,22269531250.0,0.2462890625,2205.078125,-4.453125,464.84375,152.34375,20.10399228245817,11.350905000730183,20.156286507071215,11.623849972017863,22.074024805790465,9.14032812920806,1.6519391569670838,0.524152003127865,2.854170640780974,0.9056759748407075,7.171398788709484,2.020700417207735
156.4453125,86.9921875,254.1015625,19925781.25,0.578125,22269531250.0,0.2462890625,2205.078125,-4.453125,464.84375,152.34375,245.5106561898613,138.61764847122694,246.14927508800383,141.95086199733,269.5687621980249,111.6220064783139,20.17353870388201,6.400962576146481,34.8552315903642,11.060146649208061,87.57737257746113,24.676864098514155
156.4453125,86.9921875,254.1015625,19925781.25,0.878125,17628906250.0,0.2462890625,2205.078125,-4.453125,464.84375,152.34375,471.0756391609707,265.9737803888881,472.3009945499853,272.3694119131455,517.237332672285,214.17566496803326,38.70814728188669,12.281900849435223,66.8787691514163,21.221749527485137,168.03982117607842,47.34894080811805
156.4453125,86.9921875,254.1015625,19925781.25,0.878125,22269531250.0,0.2755859375,2205.078125,-4.453125,464.84375,152.34375,337.64471146212156,191.30834027595364,338.5231610661829,195.8080582985726,400.33980060543144,172.87023591669916,27.748405613041598,8.815115703738025,49.86804310311525,15.823962276640266,125.2986134729275,35.30565904644913
156.4453125,86.9921875,254.1015625,19925781.25,0.878125,22269531250.0,0.2462890625,1466.796875,-4.453125,464.84375,152.34375,1655.2226515512552,727.8096819202394,1403.1265356797355,724.5154052482975,2373.9971510934256,766.758288138422,197.59109589594289,72.29047176607519,510.06417230288105,150.87694508301396,1308.335295927364,366.55657462654153
156.4453125,86.9921875,254.1015625,19925781.25,0.878125,22269531250.0,0.2462890625,2205.078125,23.671875,464.84375,152.34375,373.1101013729125,210.64154981995856,373.6774538805171,215.48043736923083,409.69970727169033,169.5711887183922,30.280839649070128,9.657008554615297,52.430361343905496,16.68207956646698,132.60790781671187,37.36791854292538
156.4453125,86.9921875,254.1015625,19925781.25,0.878125,22269531250.0,0.2462890625,2205.078125,-4.453125,-355.46875,152.34375,334.0927043307029,164.3860523004216,358.8678666426862,197.86405384837772,227.6921077171969,127.43315187385836,36.13344022607596,15.066924368946252,264.2239363318585,74.55621297567599,86.01464032435645,24.52037931927782
156.4453125,86.9921875,254.1015625,19925781.25,0.878125,22269531250.0,0.2462890625,2205.078125,-4.453125,464.84375,394.53125,368.82054667985517,206.82373682217286,361.61851006353555,204.15846014764858,439.4762502637869,170.0333022112672,44.52015491304591,14.672952778325534,55.60794746009517,17.1990094787064,22.074623150941477,8.189351951109463
236.5234375,23.7109375,299.0234375,1074218.75,0.578125,17628906250.0,0.2755859375,1466.796875,23.671875,-355.46875,394.53125,19.267174585375805,7.588935667281587,22.478136375573914,10.579166926445462,16.02386912486333,6.752598364976665,5.493669460015271,2.2859358747068743,28.590708893001718,8.050942524278959,2.2362905523479992,0.7914768150914097
125.1953125,53.2421875,222.8515625,17550781.25,0.9781250000000001,34644531250.0,0.3400390625,3892.578125,18.046875,-410.15625,-472.65625,11.7414784418254,6.56400940757225,12.125461281311482,6.649731685772349,12.308725559299877,6.904477159825402,1.223941232112181,0.5371212108932557,3.8498387061710657,1.0878988569403074,4.245508527939261,1.1948259989089243
205.2734375,53.2421875,222.8515625,17550781.25,0.9781250000000001,34644531250.0,0.3400390625,3892.578125,18.046875,-410.15625,-472.65625,19.209335962132293,10.740300678864015,19.86136772783828,10.892280125485406,20.149610768739237,11.303178353819776,1.9939689748497587,0.873747802819021,6.287017459536741,1.7765824603557918,6.953786248338101,1.9570248609781193
125.1953125,57.4609375,222.8515625,17550781.25,0.9781250000000001,34644531250.0,0.3400390625,3892.578125,18.046875,-410.15625,-472.65625,12.671637635649542,7.084037511687042,13.08572436206997,7.176407036133246,13.283658976062554,7.451406580615235,1.3209020885747276,0.5796819519044666,4.1547149211252385,1.1740514699357503,4.581478050160095,1.2893785325263523
125.1953125,53.2421875,205.2734375,17550781.25,0.9781250000000001,34644531250.0,0.3400390625,3892.578125,18.046875,-410.15625,-472.65625,10.80587886882228,6.041567514028214,11.158747846637086,6.120360878425943,11.327645826161534,6.354872931864163,1.1250895835781334,0.49367048500832883,3.539801969428277,1.000281513317675,3.9035974521415233,1.0985961501753096
125.1953125,53.2421875,222.8515625,3449218.75,0.9781250000000001,34644531250.0,0.3400390625,3892.578125,18.046875,-410.15625,-472.65625,2.30752848077717,1.290011196725194,2.382991834275103,1.3068580188152645,2.419008383899797,1.356922620103679,0.24053863965169286,0.10555932099237589,0.7566008407631984,0.21380251294865152,0.8343610127243193,0.23481668307068326
125.1953125,53.2421875,222.8515625,17550781.25,0.478125,34644531250.0,0.3400390625,3892.578125,18.046875,-410.15625,-472.65625,5.739444733544042,3.208605237567266,5.927142415465355,3.250507820840796,6.016725273395784,3.3750319663044297,0.5982843722465292,0.2625544577209844,1.8818700384797855,0.5317844252775302,2.075280526436763,0.5840523253452568
125.1953125,53.2421875,222.8515625,17550781.25,0.9781250000000001,5253906250.0,0.3400390625,3892.578125,18.046875,-410.15625,-472.65625,77.42391992605907,43.28341965483888,79.95592275386733,43.848676818672836,81.1643769408406,45.528481732707434,8.070732184091401,3.541805218893892,25.386036791844738,7.173661681935751,27.995104189065653,7.878744821058175
125.1953125,53.2421875,222.8515625,17550781.25,0.9781250000000001,34644531250.0,0.2943359375,3892.578125,18.046875,-410.15625,-472.65625,14.58040589143169,8.143358429186874,15.057178944615181,8.250710169582986,12.378035262949005,6.974777016159215,1.5197421225179408,0.6613335212045298,4.471330637820033,1.26352189303134,4.930874720458363,1.387710629856192
125.1953125,53.2421875,222.8515625,17550781.25,0.9781250000000001,34644531250.0,0.3400390625,3154.296875,18.046875,-410.15625,-472.65625,21.183860025572375,11.417158913606503,22.25181833584263,11.643968633983691,22.41048908272613,12.05323283457948,3.2673111301339985,1.4395017593970598,9.289277402747,2.629805703394355,10.251287149379557,2.8887212657403136
125.1953125,53.2421875,222.8515625,17550781.25,0.9781250000000001,34644531250.0,0.3400390625,3892.578125,-28.828125,-410.15625,-472.65625,11.743397376859178,6.565829873645749,12.124887542503819,6.650363185859974,12.309421886069023,6.905952052898647,1.2280423064611665,0.5396641476950914,3.8470978868107055,1.087127689964391,4.241393813793433,1.19365927621956
125.1953125,53.2421875,222.8515625,17550781.25,0.9781250000000001,34644531250.0,0.3400390625,3892.578125,18.046875,269.53125,-472.65625,12.481324149320479,7.305865141041955,12.329663175499599,6.87209704925565,12.731361026586386,7.442651029101951,0.45287675345949646,0.16955691527807132,0.5741329625531972,0.17395620541970927,4.867753135557695,1.3688562542077962
125.1953125,53.2421875,222.8515625,17550781.25,0.9781250000000001,34644531250.0,0.3400390625,3892.578125,18.046875,-410.15625,19.53125,11.959381217651362,6.73556900922558,12.2267301740773,7.2380568827422005,12.473579010298225,7.339706255224233,0.5640548246329768,0.2115728720668333,4.420085743019513,1.247087634217366,2.0863123195334663,0.5856798577463707
205.2734375,57.4609375,205.2734375,3449218.75,0.478125,5253906250.0,0.2943359375,3154.296875,-28.828125,269.53125,19.53125,30.307678824595705,17.85302440348469,30.33915730347725,17.80155544924529,27.176321578920184,15.697479085597728,0.5038443319650227,0.249576009878126,2.157503860713442,0.6499866464183104,8.001220814022618,2.244438451574049
250.1953125,98.2421875,97.8515625,8050781.25,0.578125,84144531250.0,0.2650390625,1642.578125,-11.953125,89.84375,27.34375,38.75980217339951,22.303675243523934,39.689979236485286,22.28694901814634,43.74408914797528,19.187575666726612,7.216737686239294,2.1473160658247603,23.945620119246485,6.746432013878335,32.61267229027558,9.152413600184818
80.2734375,98.2421875,97.8515625,8050781.25,0.578125,84144531250.0,0.2650390625,1642.578125,-11.953125,89.84375,27.34375,12.791462935636439,7.338800138769701,12.871209898925253,7.211307632169995,14.249147021095164,6.259560010566359,2.474311910568089,0.7327411422638813,8.412392993193235,2.368797504121725,10.73959289347097,3.013961397988045
250.1953125,12.4609375,97.8515625,8050781.25,0.578125,84144531250.0,0.2650390625,1642.578125,-11.953125,89.84375,27.34375,4.924765950042878,2.8342750994686665,5.058409957192388,2.8390109104599497,5.570948646605204,2.442162182466256,0.9298892242562988,0.276542089842302,3.038988668466134,0.8562578237818309,4.186163556097849,1.174796228306663
250.1953125,98.2421875,80.2734375,8050781.25,0.578125,84144531250.0,0.2650390625,1642.578125,-11.953125,89.84375,27.34375,31.73163652324983,18.260882912678913,32.490762386174794,18.249194947065032,35.80375545064831,15.707993172843302,5.871713067003726,1.7478651889317602,19.548906366928456,5.5077471260058966,26.61467129666579,7.469153403067566
250.1953125,98.2421875,97.8515625,12949218.75,0.578125,84144531250.0,0.2650390625,1642.578125,-11.953125,89.84375,27.34375,62.34291324833544,35.87417924904504,63.83904957251269,35.847276077222276,70.3598522685774,30.8621122441527,11.607707632160723,3.4538344290194463,38.515153175789465,10.851247999032838,52.455608268929424,14.721131045420996
250.1953125,98.2421875,97.8515625,8050781.25,0.878125,84144531250.0,0.2650390625,1642.578125,-11.953125,89.84375,27.34375,58.87299681473113,33.877474288812024,60.28586035379655,33.852068508643896,66.44372459773541,29.14437168837934,10.961639404504005,3.261598997279771,36.37145542436897,10.247283221080064,49.536004938202375,13.901774171091535
250.1953125,98.2421875,97.8515625,8050781.25,0.578125,54753906250.0,0.2650390625,1642.578125,-11.953125,89.84375,27.34375,59.56516363110501,34.27577002359628,60.99463813463149,34.250065548968415,67.22490007394846,29.487020577652707,11.0905148390726,3.299945450091401,36.79907276797378,10.367760006488778,50.118397218008596,14.065216619931595
250.1953125,98.2421875,97.8515625,8050781.25,0.578125,84144531250.0,0.21933593750000002,1642.578125,-11.953125,89.84375,27.34375,44.61974731908488,25.53738452092057,45.69029984836135,25.55089878127827,45.23092926918272,18.3433512527813,7.895170135797861,2.3641135290478035,25.95593854187952,7.312818538720929,35.35062000639003,9.920790680435084
250.1953125,98.2421875,97.8515625,8050781.25,0.578125,84144531250.0,0.2650390625,904.296875,-11.953125,89.84375,27.34375,199.52364252448626,106.28341071297369,214.17063596641347,99.40050062636277,151.18714438397703,72.99266721759346,229.876614192005,64.8497846697853,259.8244409931484,73.28946266950773,429.1164938573089,120.58539564527183
250.1953125,98.2421875,97.8515625,8050781.25,0.578125,84144531250.0,0.2650390625,1642.578125,1.171875,89.84375,27.34375,38.73932412475623,22.25547846137045,39.73059303723479,22.272603155260214,43.24559838489433,19.097875340287697,7.08035600251909,2.107235501098063,24.151086270227857,6.803074193312251,32.815556433948394,9.209099092803518
250.1953125,98.2421875,97.8515625,8050781.25,0.578125,84144531250.0,0.2650390625,1642.578125,-11.953125,-230.46875,27.34375,35.54379801887222,17.049697116271098,36.261429342636234,20.433094603226944,26.05459700919863,14.43540988514712,10.157255317935887,3.1363259227109483,34.854910614570755,9.838048958966509,21.60495420988535,6.089508851268566
250.1953125,98.2421875,97.8515625,8050781.25,0.578125,84144531250.0,0.2650390625,1642.578125,-11.953125,89.84375,-480.46875,37.78993581274596,19.22339500605228,35.971278395374846,14.783237700088996,26.825278948116413,12.2148555982112,7.159583723669148,2.8779399756183603,10.064530969825759,2.8652565110457,33.133543298448174,9.394862227173464
80.2734375,12.4609375,80.2734375,12949218.75,0.878125,54753906250.0,0.21933593750000002,904.296875,1.171875,-230.46875,-480.46875,19.895167767021913,7.439262554056402,21.518907907881715,6.937651221434925,11.83318273157561,4.097034932934096,9.03385505888563,4.577254779308363,4.220248163093936,1.7924060031275744,6.070895940559656,2.2092465045067415
187.6953125,30.7421875,285.3515625,12800781.25,0.37812500000000004,59394531250.0,0.30253906249999996,517.578125,-26.953125,339.84375,277.34375,3433.0176622418517,999.2305460449867,5410.395782857062,1553.5272810991112,2153.991639436936,650.0690067078924,3191.4517993470354,897.6466113815019,507.42317859466164,169.63039424620183,437.60692403873037,134.51489698045543
142.7734375,30.7421875,285.3515625,12800781.25,0.37812500000000004,59394531250.0,0.30253906249999996,517.578125,-26.953125,339.84375,277.34375,5052.1573490964565,1426.7977258189494,6631.642653226355,1873.1963629680324,1715.883820677487,516.5704080782441,2654.512346395768,747.0731378859422,455.28819784869575,143.6074432956101,327.60649493441935,100.31825165684809
187.6953125,79.9609375,285.3515625,12800781.25,0.37812500000000004,59394531250.0,0.30253906249999996,517.578125,-26.953125,339.84375,277.34375,8369.580742275162,2450.0292992099066,13424.246895185488,3863.2133893564082,5511.455638947584,1671.0365042510468,8816.161560618973,2477.056692973353,1271.4309145828095,427.75273092297743,1030.3254279341209,323.1608795555821
187.6953125,30.7421875,267.7734375,12800781.25,0.37812500000000004,59394531250.0,0.30253906249999996,517.578125,-26.953125,339.84375,277.34375,3346.666901743245,969.6327076621554,5482.696198680166,1565.575371584791,2298.9695498689953,681.3320300288965,3204.830206531826,899.8423781692335,434.83334475401233,148.14129997642104,363.0942907433069,114.26532083910179
187.6953125,30.7421875,285.3515625,17699218.75,0.37812500000000004,59394531250.0,0.30253906249999996,517.578125,-26.953125,339.84375,277.34375,4746.720484472942,1381.6031748946705,7480.776103791684,2148.011019426327,2978.253316536088,898.829011105725,4412.7153197563075,1241.1464132345393,701.5973213953042,234.54236079631997,605.0646850227303,185.98931895588757
187.6953125,30.7421875,285.3515625,12800781.25,0.278125,59394531250.0,0.30253906249999996,517.578125,-26.953125,339.84375,277.34375,2525.112164789461,734.9712280826761,3979.547311357673,1142.677091056371,1584.340957932953,478.149930553739,2347.4314887759183,660.2524662227576,373.2286189663213,124.76946353646251,321.87616726815696,98.9407093492606
187.6953125,30.7421875,285.3515625,12800781.25,0.37812500000000004,79503906250.0,0.30253906249999996,517.578125,-26.953125,339.84375,277.34375,2564.6849876866972,746.4894832513153,4041.913618549679,1160.5847938442482,1609.1702882935497,485.6433570969147,2384.2197518337184,670.5997507028809,379.0777492522885,126.72481425409023,326.92051687755577,100.49127934888344
187.6953125,30.7421875,285.3515625,12800781.25,0.37812500000000004,59394531250.0,0.33183593749999996,517.578125,-26.953125,339.84375,277.34375,3114.5056250958987,903.6783624570191,4923.788889754044,1410.5960907998488,1946.0009459437688,596.2832623095895,2901.0785274730497,815.4910871160756,461.2315917822656,154.18865367860442,397.7708284992561,122.26977928866657
187.6953125,30.7421875,285.3515625,12800781.25,0.37812500000000004,59394531250.0,0.30253906249999996,2029.296875,-26.953125,339.84375,277.34375,20.405454124517163,11.38579512946999,20.288564792158912,11.251788205185388,29.279351740328384,11.804917061811402,1.7026385301054245,0.5151849932440906,1.206445479659469,0.5298578456625918,4.547921592688369,1.3440117245171161
187.6953125,30.7421875,285.3515625,12800781.25,0.37812500000000004,59394531250.0,0.30253906249999996,517.578125,-13.828125,339.84375,277.34375,3713.410807987581,1075.0324993960483,5659.124759467394,1625.662602365486,2122.1676692516253,648.5964477098313,1161.8035591872722,343.25077869708247,485.58027504011693,166.92944876052456,456.90104476195955,137.56501653197432
187.6953125,30.7421875,285.3515625,12800781.25,0.37812500000000004,59394531250.0,0.30253906249999996,517.578125,-26.953125,19.53125,277.34375,1883.6833614317966,675.9860276906062,1612.8578777204345,570.1078209582913,1472.8346470890153,479.4456393609671,800.3113414983446,251.19201951934764,120.47106593916165,50.92323092751733,219.23041303389695,74.0148897639217
187.6953125,30.7421875,285.3515625,12800781.25,0.37812500000000004,59394531250.0,0.30253906249999996,517.578125,-26.953125,339.84375,-230.46875,781.3003477186245,261.29661776431857,948.2290241071595,333.44395043648217,593.4224698325102,221.5226836582793,296.808258777278,126.27304422573641,475.2530124172103,147.9066255843346,351.18568737992035,110.37786476588778
142.7734375,79.9609375,267.7734375,17699218.75,0.278125,79503906250.0,0.33183593749999996,2029.296875,-13.828125,19.53125,-230.46875,23.70843026943054,12.988985410168402,23.805927077457337,12.230758611251536,23.69560754068089,13.019833221237278,4.195693728667051,1.417189436491335,10.849009583214867,3.061496327454178,19.286386476271264,5.42049542260876
62.6953125,75.7421875,160.3515625,3300781.25,0.778125,9894531250.0,0.2275390625,2767.578125,3.046875,-160.15625,-222.65625,14.11580790393965,7.808151062078915,14.372578738405258,7.888627456194567,8.427547954393766,4.930806106867208,1.4656580235697065,0.5583272014575476,5.120103343957063,1.4445668966468843,5.878952424779715,1.6513187540687908
267.7734375,75.7421875,160.3515625,3300781.25,0.778125,9894531250.0,0.2275390625,2767.578125,3.046875,-160.15625,-222.65625,59.55058794361656,32.983238308201635,61.12897718451276,33.563832817940394,35.69809615196322,20.89675753338713,6.096134592500831,2.3263132144083873,21.284727804729716,6.005171089880948,24.948823673753957,7.007659472954666
62.6953125,34.9609375,160.3515625,3300781.25,0.778125,9894531250.0,0.2275390625,2767.578125,3.046875,-160.15625,-222.65625,6.517409274508553,3.604953709829571,6.639784792961919,3.6439035877593224,3.8922285954794904,2.277045571482515,0.6774773884895613,0.2580261068180476,2.3643659818589273,0.6670761605163225,2.7185404461844094,0.7636032498884976
62.6953125,75.7421875,142.7734375,3300781.25,0.778125,9894531250.0,0.2275390625,2767.578125,3.046875,-160.15625,-222.65625,12.552067507718888,6.9442044024073795,12.77992746616764,7.015679951814194,7.493748260426179,4.385132009472287,1.3001548165893826,0.49546199731865187,4.546864718694003,1.2828291043535724,5.2207622153516935,1.4664359508311056
62.6953125,75.7421875,160.3515625,8199218.75,0.778125,9894531250.0,0.2275390625,2767.578125,3.046875,-160.15625,-222.65625,35.06400093534833,19.395632046513185,35.7018257655771,19.59553731426319,20.93422858730476,12.24823907492813,3.6407292206778874,1.386897983265553,12.718457892267313,3.588338362203326,14.603456969955772,4.101914869574428
62.6953125,75.7421875,160.3515625,3300781.25,0.6781250000000001,9894531250.0,0.2275390625,2767.578125,3.046875,-160.15625,-222.65625,12.301728173312874,6.804693897474397,12.525500346321055,6.8748279437518915,7.344489582744772,4.297128213615198,1.2773003659221944,0.48657430809754154,4.46209809493447,1.258919745270578,5.123424402318067,1.4391010828631634
62.6953125,75.7421875,160.3515625,3300781.25,0.778125,30003906250.0,0.2275390625,2767.578125,3.046875,-160.15625,-222.65625,4.655037289503858,2.574931212113773,4.739713832102659,2.601470296385996,2.7791926791406603,1.6260554444336202,0.4833370360242243,0.18412222383699617,1.6884808970502856,0.4763817145171928,1.9387301773163679,0.5445632605202768
62.6953125,75.7421875,160.3515625,3300781.25,0.778125,9894531250.0,0.2568359375,2767.578125,3.046875,-160.15625,-222.65625,12.899542019483269,7.14208213330429,13.134215169731837,7.214563697242231,9.028842037665298,5.225914456493861,1.3671024149272604,0.515936389671599,4.863052595321106,1.3720435553600219,5.583804256770887,1.5684155989067066
62.6953125,75.7421875,160.3515625,3300781.25,0.778125,9894531250.0,0.2275390625,4279.296875,3.046875,-160.15625,-222.65625,3.925180140614755,2.2810125044763554,3.9549593245549803,2.2922677043856416,2.325380871245631,1.399826133562595,0.1630600918854123,0.06551741838739719,0.7044232260527028,0.19847494898135162,0.8090879534434825,0.22702604287538117
62.6953125,75.7421875,160.3515625,3300781.25,0.778125,9894531250.0,0.2275390625,2767.578125,16.171875,-160.15625,-222.65625,14.115577064138236,7.808128088329886,14.372827645808806,7.888834997303175,8.427553388559172,4.9309176003737125,1.4659894806720317,0.5585230704438489,5.1194129331586655,1.444373546692513,5.878854014402545,1.6512906575341575
62.6953125,75.7421875,160.3515625,3300781.25,0.778125,9894531250.0,0.2275390625,2767.578125,3.046875,-480.46875,-222.65625,12.300234797763572,6.4862775549874065,13.73304226138724,7.446535860018781,7.685842405287819,4.276249619163825,1.977657562259825,0.7889886795602038,6.719206834852669,1.9030494151372737,4.811415929694333,1.352564565889341
62.6953125,75.7421875,160.3515625,3300781.25,0.778125,9894531250.0,0.2275390625,2767.578125,3.046875,-160.15625,269.53125,14.321616382000277,7.871872421540007,14.436896994747487,8.172678096484006,10.253921272624266,5.232146807983309,0.6483941672432558,0.2623490533388455,6.081808124901508,1.7116400537564729,1.3462082005801956,0.4125183149992663
267.7734375,34.9609375,142.7734375,8199218.75,0.6781250000000001,30003906250.0,0.2568359375,4279.296875,16.171875,-480.46875,269.53125,4.288162672375927,2.410227462136661,4.456151448434787,2.5891545711652992,3.026274909196153,1.7838231253007553,0.18555055733108636,0.0713224596169411,1.3073172723417412,0.3686680191436327,0.18508376486195527,0.05674170628384198
58.7890625,51.8359375,93.9453125,8941406.25,0.515625,20722656250.0,0.3095703125,3400.390625,-9.140625,261.71875,-332.03125,1.885070395569107,1.0987252526121254,1.868522527955166,1.0488523852996439,1.6768348006236378,0.9938913203216432,0.069144335570786,0.026405937398995598,0.1158647106272011,0.03471951319629598,0.7654934152182079,0.21502404031883884
162.3046875,51.8359375,93.9453125,8941406.25,0.515625,20722656250.0,0.3095703125,3400.390625,-9.140625,261.71875,-332.03125,5.189456350628246,3.024937576087776,5.153444747918257,2.892922571396945,4.620423174613474,2.738503469192878,0.18879554763945428,0.07253464377695316,0.3161357649347265,0.09479562721580488,2.1081100235633197,0.5921609340385834
58.7890625,81.3671875,93.9453125,8941406.25,0.515625,20722656250.0,0.3095703125,3400.390625,-9.140625,261.71875,-332.03125,2.958506614183767,1.7244044581877371,2.9316096186585754,1.64569326112036,2.631300750328513,1.559667902157896,0.10857353582438804,0.0414198831756434,0.18197736143601506,0.054523499480164196,1.2003743909670017,0.33717988883375477
58.7890625,51.8359375,201.3671875,8941406.25,0.515625,20722656250.0,0.3095703125,3400.390625,-9.140625,261.71875,-332.03125,4.062117000488185,2.367158804554007,4.026362505874599,2.2588176302608547,3.6131565396270653,2.1411837831349176,0.15006812002018874,0.05733158257440025,0.25126266980366035,0.07530117550673435,1.6600448192603618,0.46630390446007614
58.7890625,51.8359375,93.9453125,4933593.75,0.515625,20722656250.0,0.3095703125,3400.390625,-9.140625,261.71875,-332.03125,1.0401240321554315,0.6062428982302814,1.0309934263029163,0.5787245795690039,0.9252260171199889,0.5483987494828464,0.038151723820839985,0.014569986428541475,0.06393059393715816,0.01915716258930617,0.42237579004831655,0.11864367100161356
58.7890625,51.8359375,93.9453125,8941406.25,0.49062500000000003,20722656250.0,0.3095703125,3400.390625,-9.140625,261.71875,-332.03125,1.7936730430566656,1.0454537252127496,1.7779274962967337,0.9979989363154185,1.5955337193812795,0.9457026502454422,0.06579188293705092,0.0251256495251049,0.11024702768770045,0.033036142859505874,0.7283785829652037,0.20459863230337996
58.7890625,51.8359375,93.9453125,8941406.25,0.515625,37738281250.0,0.3095703125,3400.390625,-9.140625,261.71875,-332.03125,1.0351204273361052,0.6033265153821886,1.026033745036969,0.5759405759253298,0.9207751389409375,0.5457606308152694,0.03796819171959627,0.014499896273850702,0.06362305039616004,0.019065005434877363,0.4203439155090149,0.11807292556582547
58.7890625,51.8359375,93.9453125,8941406.25,0.515625,20722656250.0,0.2029296875,3400.390625,-9.140625,261.71875,-332.03125,2.7009988664387774,1.5683533616830239,2.6770538429553055,1.4990955031435242,1.4498123903619318,0.8365051836959055,0.09903943697713247,0.03758011291756471,0.14381693368246462,0.043095554287492496,0.9501677873690277,0.2668983332308095
58.7890625,51.8359375,93.9453125,8941406.25,0.515625,20722656250.0,0.3095703125,1115.234375,-9.140625,261.71875,-332.03125,47.36806965223349,23.590530902446705,46.60596612934616,19.46838745955622,40.82734647929718,17.876102277642218,9.268405115095138,4.304841052328415,8.292568211447945,2.9909519861393887,54.92653154264524,15.609897076161
58.7890625,51.8359375,93.9453125,8941406.25,0.515625,20722656250.0,0.3095703125,3400.390625,28.359375,261.71875,-332.03125,1.8850965467163794,1.098739741824566,1.8685000656793251,1.0488411910655346,1.6768368619157932,0.9938928661919421,0.06919895029064706,0.0264070935420504,0.11593830667641736,0.03473866733964403,0.7654801946492782,0.21502027452614814
58.7890625,51.8359375,93.9453125,8941406.25,0.515625,20722656250.0,0.3095703125,3400.390625,-9.140625,-277.34375,-332.03125,1.8043956291833896,1.0081806230800936,1.852011265112173,1.0213311331513273,1.642027220645939,0.9323355948278637,0.17026413099291376,0.07076189518899667,0.6093225230221443,0.17203467877742737,0.6763683789460769,0.1901276851712139
58.7890625,51.8359375,93.9453125,8941406.25,0.515625,20722656250.0,0.3095703125,3400.390625,-9.140625,261.71875,-214.84375,1.89693899887013,1.1103681620226828,1.887095570961574,1.082064568289042,1.6980762618896739,1.0182103477206026,0.05644211788843821,0.02141945228296349,0.12159018025725014,0.03633556193864173,0.6723979519089621,0.18865646743263773
162.3046875,81.3671875,201.3671875,4933593.75,0.49062500000000003,37738281250.0,0.2029296875,1115.234375,28.359375,-277.34375,-214.84375,132.05226037783174,55.752919435513085,175.89250282182942,71.29272532802216,80.10589259354371,33.28177511520606,79.63336863519912,28.12021759292976,86.40550951849474,26.161731310588006,81.67540613369516,23.784128994764778
183.7890625,96.8359375,218.9453125,18441406.25,0.9156250000000001,70222656250.0,0.2345703125,1150.390625,20.859375,-238.28125,167.96875,761.3218085033756,305.4229391098067,855.7502376306048,401.3942781898418,505.9505650185148,203.07629993912823,365.25040290735615,118.67728003919615,1043.649305610266,295.1474294012324,405.55703706848965,117.59994457611833
287.3046875,96.8359375,218.9453125,18441406.25,0.9156250000000001,70222656250.0,0.2345703125,1150.390625,20.859375,-238.28125,167.96875,1146.4428217584634,463.70771069904526,1310.0092995118669,618.4353026096411,768.0462892206868,315.9891774018778,582.9785142540758,186.28123377916285,1595.5215344396927,450.7116835356399,713.6412106011697,205.06255626394784
183.7890625,36.3671875,218.9453125,18441406.25,0.9156250000000001,70222656250.0,0.2345703125,1150.390625,20.859375,-238.28125,167.96875,286.69974474761676,115.08175437615958,323.80856841138785,151.41032430221534,191.04606720768302,76.58200788482357,140.39978313080658,45.502036476571995,391.2271696249889,110.66252989763714,155.90927501316636,45.18004822940013
183.7890625,96.8359375,76.3671875,18441406.25,0.9156250000000001,70222656250.0,0.2345703125,1150.390625,20.859375,-238.28125,167.96875,254.11412109984067,102.18185032821567,283.0451738658689,135.2172054878589,167.86064308006056,69.30425925937043,114.38388613634658,37.22643980526699,356.53853445514335,100.6807986241479,137.97673456314686,39.832896008940494
183.7890625,96.8359375,218.9453125,14433593.75,0.9156250000000001,70222656250.0,0.2345703125,1150.390625,20.859375,-238.28125,167.96875,595.8661475153509,239.04633764260447,669.7727447670165,314.160529106432,395.99392877428767,158.94236989516602,285.87168793532743,92.88552208109081,816.8363025269925,231.00397196304885,317.41860876256493,92.04232052716739
183.7890625,96.8359375,218.9453125,18441406.25,0.890625,70222656250.0,0.2345703125,1150.390625,20.859375,-238.28125,167.96875,740.5348649264915,297.0837462330884,832.3850434290865,390.43470745428294,492.13621512039833,197.53155454829874,355.27769566073886,115.43694474802354,1015.1537614297808,287.08879651655707,394.48380738743873,114.38902458769189
183.7890625,96.8359375,218.9453125,18441406.25,0.9156250000000001,87238281250.0,0.2345703125,1150.390625,20.859375,-238.28125,167.96875,612.8277504797912,245.85090119451016,688.8381328923738,323.1032525419239,407.2660774341934,163.4667372948421,294.0091565425846,95.52955103499883,840.0879222207385,237.57960589020533,326.45407492859164,94.6623473624179
183.7890625,96.8359375,218.9453125,18441406.25,0.9156250000000001,70222656250.0,0.2779296875,1150.390625,20.859375,-238.28125,167.96875,659.6504755097169,265.8986959718138,741.5588921437331,349.7786761662664,547.7939143975335,220.54531905898773,333.6355682322343,106.98234910246512,958.103748523163,270.9548666934069,372.31445023389,107.96054490604052
183.7890625,96.8359375,218.9453125,18441406.25,0.9156250000000001,70222656250.0,0.2345703125,3365.234375,20.859375,-238.28125,167.96875,36.91519392290375,20.705938028897666,37.417981202789115,21.7349904379854,24.00653579727053,13.837441621358405,1.1204679426419388,0.5206405590304326,12.359884369615965,3.4821508953126754,4.48460725856981,1.2766154769447244
183.7890625,96.8359375,218.9453125,18441406.25,0.9156250000000001,70222656250.0,0.2345703125,1150.390625,-1.640625,-238.28125,167.96875,761.2343712044532,304.48357593839233,858.8908685735029,403.84486722247186,506.99825646209933,203.34913898793064,363.9670137267634,118.14856201308471,1063.51591639777,300.60281477185947,400.8501785017347,116.36124688993696
183.7890625,96.8359375,218.9453125,18441406.25,0.9156250000000001,70222656250.0,0.2345703125,1150.390625,20.859375,222.65625,167.96875,1403.3421944974614,579.8088369701106,1092.484365844232,524.3665464983224,2086.5673153964717,639.7506686725711,388.44481291461415,112.14338666136594,1100.499604206617,309.96160967848976,1716.6951094602514,480.7321788530432
183.7890625,96.8359375,218.9453125,18441406.25,0.9156250000000001,70222656250.0,0.2345703125,1150.390625,20.859375,-238.28125,285.15625,765.6970197699488,303.44625467249324,868.4017015815325,397.0277728267099,511.53799662215266,193.5827854622945,204.09096884386346,93.81096287387858,1191.3960662714298,335.43763775529493,228.33023030538558,71.47241192403081
287.3046875,36.3671875,76.3671875,14433593.75,0.890625,87238281250.0,0.2779296875,3365.234375,-1.640625,222.65625,285.15625,4.018585682236525,2.3952705007182433,4.039092769123325,2.3839608547107107,3.4925623339142913,1.9513371962495683,0.08380968486252072,0.024870145064644626,0.37913933259334154,0.109020016183427,0.26586425528283864,0.08314996939016676
246.2890625,29.3359375,156.4453125,4191406.25,0.715625,94972656250.0,0.3470703125,2275.390625,5.859375,-488.28125,417.96875,2.333128581151322,1.0979058132320452,2.634782536186407,1.3799187806440345,2.64666517635312,1.3520685416669982,0.4138829821961326,0.1763499848233667,2.3339606165300175,0.6580857333872528,0.1733608709964343,0.06325758219334392
224.8046875,29.3359375,156.4453125,4191406.25,0.715625,94972656250.0,0.3470703125,2275.390625,5.859375,-488.28125,417.96875,2.1335347861086182,1.0029693630798664,2.4066138989168078,1.2600012795240447,2.418777171105787,1.2344517482664452,0.37899034589148234,0.16142875872931095,2.1384913778765307,0.6029811160061135,0.15844466998764922,0.057899905874562306
246.2890625,58.8671875,156.4453125,4191406.25,0.715625,94972656250.0,0.3470703125,2275.390625,5.859375,-488.28125,417.96875,4.6807576831356235,2.2027300994024177,5.28349948119118,2.767303360330397,5.308469694422239,2.7118981869451075,0.8296613634778969,0.3534782585469507,4.680654355267301,1.319766405460799,0.3474372620030472,0.1268212725899167
246.2890625,29.3359375,263.8671875,4191406.25,0.715625,94972656250.0,0.3470703125,2275.390625,5.859375,-488.28125,417.96875,3.982454670737947,1.864576358304477,4.510386114133526,2.356395262207844,4.524746492388655,2.3015223743617876,0.7204599044981843,0.3069728243914789,4.0442966080329,1.14034205174781,0.30051703975754634,0.10968589301687871
246.2890625,29.3359375,156.4453125,19183593.75,0.715625,94972656250.0,0.3470703125,2275.390625,5.859375,-488.28125,417.96875,10.678466413824923,5.024991098585808,12.059102549125301,6.315732648408996,12.11348805318749,6.188265245225189,1.89429573678025,0.8071339939119794,10.682274545926298,3.011984190740726,0.7934531570023194,0.2895228202716794
246.2890625,29.3359375,156.4453125,4191406.25,0.290625,94972656250.0,0.3470703125,2275.390625,5.859375,-488.28125,417.96875,0.9475151006422401,0.44587441323397464,1.0700208553071435,0.5604036969427738,1.074846556335547,0.5490933378822308,0.1680834818525779,0.07161811610730615,0.9478530014728893,0.2672575249127272,0.0704041965182026,0.02568976045406544
246.2890625,29.3359375,156.4453125,4191406.25,0.715625,62488281250.0,0.3470703125,2275.390625,5.859375,-488.28125,417.96875,3.545999574515977,1.6686493740770587,4.004467575314128,2.0972660695004315,4.022527375925074,2.0549379542132726,0.6290390039466508,0.26802507851537877,3.5472641413824038,1.0001899378536148,0.26348208142378615,0.09614187634348756
246.2890625,29.3359375,156.4453125,4191406.25,0.715625,94972656250.0,0.2404296875,2275.390625,5.859375,-488.28125,417.96875,3.6454124714733744,1.7145990541754643,4.116406843975369,2.1361535400620317,2.4685021692111784,1.304257116860927,0.6463245740219844,0.2753504635922377,3.1357184587435247,0.884150129613654,0.2329134773557488,0.08498771004716443
246.2890625,29.3359375,156.4453125,4191406.25,0.715625,94972656250.0,0.3470703125,4490.234375,5.859375,-488.28125,417.96875,0.36193597270088435,0.20434146514173984,0.3735702674081897,0.21628564678566764,0.39122893956093235,0.2270974665065953,0.018187649545208868,0.0077695439078551256,0.11701687113850773,0.032987740853943015,0.008366877900531155,0.0030611016743660583
246.2890625,29.3359375,156.4453125,4191406.25,0.715625,94972656250.0,0.3470703125,2275.390625,13.359375,-488.28125,417.96875,2.3344961670275413,1.0987869274029307,2.634299527260464,1.380066996366648,2.6471410089559857,1.3524627707326384,0.41543128274856256,0.17709875421275983,2.3349832439942912,0.6583712932297461,0.173038779894515,0.062295020242610175
246.2890625,29.3359375,156.4453125,4191406.25,0.715625,94972656250.0,0.3470703125,2275.390625,5.859375,-27.34375,417.96875,2.8169751429525087,1.562272116329544,2.799406423934872,1.557943514974614,3.577432946698028,1.787342726526716,0.16655629006691566,0.06822884138920078,1.627086636525514,0.457131332991673,0.2087354416953564,0.08163552529809137
246.2890625,29.3359375,156.4453125,4191406.25,0.715625,94972656250.0,0.3470703125,2275.390625,5.859375,-488.28125,35.15625,2.324660974590049,1.130396814971313,2.6062549456220605,1.4770002990674211,2.626870562483183,1.412768146142098,0.40361969050930074,0.1417400985607133,2.1474937120010424,0.6078087483225753,0.9078680287456583,0.2557457725338159
224.8046875,58.8671875,263.8671875,19183593.75,0.290625,62488281250.0,0.2404296875,4490.234375,13.359375,-27.34375,35.15625,5.2092960143020415,3.0899191198619995,5.2438310992810475,3.1154767603177813,3.307218883309778,2.039419084941344,0.08505584720432163,0.030283383089770837,0.6975282504068385,0.19634744818688946,0.6202164758473891,0.174049885664563
121.2890625,74.3359375,281.4453125,13691406.25,0.31562500000000004,45472656250.0,0.2720703125,4525.390625,-24.140625,11.71875,-82.03125,3.5670308177994263,2.117559518632974,3.5888001933831153,2.118185653203472,2.676195664605822,1.6295950636344625,0.0712661878998574,0.027584372208482897,0.43834315344476743,0.12342992176672156,0.5735450057428421,0.16077659152142365
99.8046875,74.3359375,281.4453125,13691406.25,0.31562500000000004,45472656250.0,0.2720703125,4525.390625,-24.140625,11.71875,-82.03125,2.936080950044567,1.7429816549051773,2.9535546198060314,1.7432377336714804,2.202654098047677,1.3412437945312579,0.058492590292141676,0.022633412106143246,0.36105450924188237,0.10166648560611491,0.4721871427052095,0.13236386421387566
121.2890625,13.8671875,281.4453125,13691406.25,0.31562500000000004,45472656250.0,0.2720703125,4525.390625,-24.140625,11.71875,-82.03125,0.6655353908009011,0.39509305365209335,0.6697135164775166,0.3952757785055414,0.49936732767013237,0.3040775303411493,0.013351178293971255,0.0051692995795923555,0.08178011994578768,0.0230279684886454,0.10706293541568221,0.030011986825980063
121.2890625,74.3359375,138.8671875,13691406.25,0.31562500000000004,45472656250.0,0.2720703125,4525.390625,-24.140625,11.71875,-82.03125,1.7499829375249332,1.0390049824110947,1.760570819895442,1.0393136308408852,1.3128984228731009,0.7994147389607774,0.034627824388754995,0.013412287373111877,0.2134050143668943,0.060090701499657125,0.2792240517490195,0.07827182103714436
121.2890625,74.3359375,281.4453125,9683593.75,0.31562500000000004,45472656250.0,0.2720703125,4525.390625,-24.140625,11.71875,-82.03125,2.522872866569124,1.497697588214306,2.538269808672395,1.4981404377436254,1.8928071476627197,1.1525723716832619,0.050404815921183024,0.019509745707511867,0.3100292945476686,0.08729893753486527,0.40565422802753354,0.1137133153727844
121.2890625,74.3359375,281.4453125,13691406.25,0.690625,45472656250.0,0.2720703125,4525.390625,-24.140625,11.71875,-82.03125,7.805087234986862,4.633471817998882,7.852721215224441,4.634841874831359,5.8558340779988765,3.565747614487289,0.15593888639473777,0.06035788374331405,0.9591469001118175,0.2700793337667868,1.2549846165264165,0.35179828441816463
121.2890625,74.3359375,281.4453125,13691406.25,0.31562500000000004,12988281250.0,0.2720703125,4525.390625,-24.140625,11.71875,-82.03125,12.48836263157989,7.413687325235022,12.564578361254995,7.415879455320788,9.369501874188384,5.705298085945497,0.24950667468939594,0.09657433891096226,1.534662450902417,0.4321346524169641,2.0080112516849398,0.5628873088423739
121.2890625,74.3359375,281.4453125,13691406.25,0.31562500000000004,45472656250.0,0.3154296875,4525.390625,-24.140625,11.71875,-82.03125,2.9869939920817217,1.7750589882358063,3.0052240924438283,1.7754997268679447,2.762292920339245,1.671151801232703,0.06075447694874837,0.023317491402951702,0.3903040631683041,0.1099029370106668,0.5106888162666975,0.1431566945668499
121.2890625,74.3359375,281.4453125,13691406.25,0.31562500000000004,45472656250.0,0.2720703125,2240.234375,-24.140625,11.71875,-82.03125,29.01146308767645,16.475018199692755,29.358474631130775,16.40060953875851,24.426363161567654,13.383011493656463,3.3416307916522996,1.0966087382706113,12.524264052981538,3.528636486898759,16.443633022729497,4.613685811665283
121.2890625,74.3359375,281.4453125,13691406.25,0.31562500000000004,45472656250.0,0.2720703125,4525.390625,-16.640625,11.71875,-82.03125,3.5668969731388773,2.1174781071692763,3.5889371096476457,2.1182601078414582,2.6761968160271814,1.629590752787301,0.07115015052169799,0.027535611498366957,0.4383596376171117,0.12343438092346262,0.5736394147853889,0.1608030426586373
121.2890625,74.3359375,281.4453125,13691406.25,0.31562500000000004,45472656250.0,0.2720703125,4525.390625,-24.140625,472.65625,-82.03125,3.5505934196424396,2.105825846159332,3.581432721356176,2.1140707349592467,2.6652065034151846,1.6266191490583308,0.07792656573516327,0.024159917726591613,0.12760229274986665,0.04169088945116237,0.5859407256781555,0.16420962998957475
121.2890625,74.3359375,281.4453125,13691406.25,0.31562500000000004,45472656250.0,0.2720703125,4525.390625,-24.140625,11.71875,-464.84375,3.5554455276835877,2.0774066010108516,3.529099256388118,1.9986846589919178,2.6510914751346304,1.5606131789984188,0.1537618391741776,0.05585601391001431,0.4010676606196685,0.11298935654924604,0.9534977511893705,0.2680678661887224
99.8046875,13.8671875,138.8671875,9683593.75,0.690625,12988281250.0,0.3154296875,2240.234375,-16.640625,472.65625,-464.84375,8.987232377582314,5.057820700154771,8.952464136543512,4.376595202316423,8.07301496828121,4.470937100696882,1.4060802286389704,0.46044522792345893,0.9439078087720546,0.32945308963171127,7.828590364592635,2.2046208927038484
152.5390625,18.0859375,187.6953125,11316406.25,0.215625,8347656250.0,0.3283203125,1712.890625,13.359375,-113.28125,292.96875,30.879093946748718,15.269648872046867,31.590497914681183,17.048158568967327,37.36523676807534,17.55024866896436,3.1408944281657245,1.3403265822887154,34.287458415962746,9.625285063265709,6.994381137472228,2.180279317048091
68.5546875,18.0859375,187.6953125,11316406.25,0.215625,8347656250.0,0.3283203125,1712.890625,13.359375,-113.28125,292.96875,13.99995388569822,6.897748174160575,14.242810021635263,7.680599020394972,16.779233798407457,7.907031308985802,1.419297883537647,0.6088988693625905,15.697691191882543,4.406600941928828,3.0819332621006565,0.9660959167444922
152.5390625,70.1171875,187.6953125,11316406.25,0.215625,8347656250.0,0.3283203125,1712.890625,13.359375,-113.28125,292.96875,119.61327817418181,59.15949827526315,122.05608526555153,65.94574573845142,144.47521964367746,67.92057167661552,12.112333808160821,5.168149425244052,132.60566253105995,37.22592467342664,26.79469810216623,8.36594136065002
152.5390625,18.0859375,107.6171875,11316406.25,0.215625,8347656250.0,0.3283203125,1712.890625,13.359375,-113.28125,292.96875,17.44166438519139,8.667962208781043,17.735773269635303,9.635633579722905,21.13308070086059,9.938618863094774,1.7426656862045247,0.7386441840487428,18.99010306066527,5.331420805158093,3.8665934386531493,1.2071430989165448
152.5390625,18.0859375,187.6953125,7308593.75,0.215625,8347656250.0,0.3283203125,1712.890625,13.359375,-113.28125,292.96875,19.94297023623294,9.86175803921287,20.402423748142386,11.010391675021701,24.131984119112516,11.334661808640774,2.0285169054532513,0.8656372231488388,22.1442301333332,6.21639915546087,4.517254783641883,1.4081127380728267
152.5390625,18.0859375,187.6953125,11316406.25,0.7906250000000001,8347656250.0,0.3283203125,1712.890625,13.359375,-113.28125,292.96875,113.22334447141195,55.988712530838505,115.83182568716434,62.50991475288019,137.00586814960957,64.35091178620266,11.516612903274321,4.91453080172529,125.72068085853005,35.29271189864093,25.646064170731496,7.994357495842999
152.5390625,18.0859375,187.6953125,11316406.25,0.215625,25363281250.0,0.3283203125,1712.890625,13.359375,-113.28125,292.96875,10.163040776867701,5.025602901519197,10.397180662817446,5.6109525430283655,12.297783917045587,5.776202280236693,1.0337427064515867,0.44113320596811717,11.284814205284514,3.16790916066515,2.302016400859102,0.7175815340415479
152.5390625,18.0859375,187.6953125,11316406.25,0.215625,8347656250.0,0.3341796875,1712.890625,13.359375,-113.28125,292.96875,29.958206509365695,14.819771310754884,30.79842047044887,16.561261197048935,36.788814909155015,17.409526309425093,3.0472440391382194,1.3030566490880997,33.556047010347896,9.41996091260515,6.845178765074077,2.1337701491602576
152.5390625,18.0859375,187.6953125,11316406.25,0.215625,8347656250.0,0.3283203125,3927.734375,13.359375,-113.28125,292.96875,2.666428471676491,1.5467187129424964,2.673951922421259,1.565278971560914,2.613232440554387,1.5625195355362926,0.05871334037372347,0.022702038931210946,0.6314004258847505,0.17770011740460603,0.1237221872675598,0.04004198180864444
152.5390625,18.0859375,187.6953125,11316406.25,0.215625,8347656250.0,0.3283203125,1712.890625,20.859375,-113.28125,292.96875,30.896749842774764,15.275830348199554,31.52877717294631,17.036243076818284,37.277337608223725,17.538059659102473,3.156183146633984,1.3436992001048766,34.31766374086749,9.633692209215686,7.062245895752664,2.1965614300365037
152.5390625,18.0859375,187.6953125,11316406.25,0.215625,8347656250.0,0.3283203125,1712.890625,13.359375,-402.34375,292.96875,24.907682256516132,10.53697438417539,29.243881280939622,14.76091206599819,26.591332592412964,12.492603408296418,5.224189015516361,2.14039018467258,33.217535344951095,9.372030159138822,4.260372116014278,1.4161323956919598
152.5390625,18.0859375,187.6953125,11316406.25,0.215625,8347656250.0,0.3283203125,1712.890625,13.359375,-113.28125,-89.84375,29.77654834863042,15.504380171601316,30.513654556861834,16.324867299374425,29.506846542572184,16.196977339722245,9.181209307437157,2.802905070704113,24.910105376934744,7.028392738679633,25.018585336228256,7.032387446263905
68.5546875,70.1171875,107.6171875,7308593.75,0.7906250000000001,25363281250.0,0.3341796875,3927.734375,20.859375,-402.34375,-89.84375,1.9114633241169918,1.0830113242420862,1.9666548242737432,1.1530346736971104,1.9402659109346199,1.1437729570706636,0.11147832328590235,0.04224089484111372,0.669630749364488,0.18897551363404083,0.4131800346996192,0.11588381957483407
277.5390625,63.0859375,62.6953125,1816406.25,0.6156250000000001,57847656250.0,0.2533203125,3962.890625,-16.640625,386.71875,-207.03125,0.48976639187831916,0.2883864309611045,0.4925285553266272,0.2858294803826792,0.3335510477067478,0.20302612723880262,0.01499058939844595,0.004403388393486453,0.007710749416362482,0.0031771384033027457,0.12233719646643662,0.03431389024873582
193.5546875,63.0859375,62.6953125,1816406.25,0.6156250000000001,57847656250.0,0.2533203125,3962.890625,-16.640625,386.71875,-207.03125,0.3427480147634235,0.20180348318669844,0.3439808650040843,0.1996124037883438,0.23318850585420217,0.14195202498570997,0.01071393513450906,0.0031300274420984434,0.005413196375601287,0.002220847489682192,0.08560847561676399,0.024011866199855708
277.5390625,25.1171875,62.6953125,1816406.25,0.6156250000000001,57847656250.0,0.2533203125,3962.890625,-16.640625,386.71875,-207.03125,0.19501996212558842,0.11483190253357384,0.19615392587421887,0.113832185684711,0.1328282267093153,0.08084959525935732,0.00596191568181637,0.0017522229555562954,0.003071259952908086,0.0012659887367038576,0.048740667465298294,0.01367109300889901
277.5390625,63.0859375,232.6171875,1816406.25,0.6156250000000001,57847656250.0,0.2533203125,3962.890625,-16.640625,386.71875,-207.03125,1.8283743058390303,1.0764043601193594,1.8387816310642644,1.0667546880420948,1.2452408092396339,0.7579949487074279,0.05645106015809889,0.0165826259005801,0.02902781576462028,0.011965872940859313,0.4604976221558206,0.12916384025037939
277.5390625,63.0859375,62.6953125,16808593.75,0.6156250000000001,57847656250.0,0.2533203125,3962.890625,-16.640625,386.71875,-207.03125,4.5321823317256085,2.6686598116680273,4.557742738861242,2.6449983958853083,3.086602490929325,1.8787557537818662,0.13871936813228572,0.04074791453155312,0.07135345105076946,0.029400487203035945,1.1320794761184452,0.31753262309744146
277.5390625,63.0859375,62.6953125,1816406.25,0.390625,57847656250.0,0.2533203125,3962.890625,-16.640625,386.71875,-207.03125,0.3107654770801518,0.18298631406161453,0.3125181188620732,0.1813638834915477,0.21164406580377404,0.12882368479619452,0.009511795303582454,0.002794028168455871,0.004892607497691933,0.0020159507635169704,0.07762512466144458,0.021772773000466896
277.5390625,63.0859375,62.6953125,1816406.25,0.6156250000000001,74863281250.0,0.2533203125,3962.890625,-16.640625,386.71875,-207.03125,0.37844771705327573,0.2228392724290632,0.3805820702234294,0.22086348943319045,0.25773845371715254,0.15688045490630986,0.011583388385159729,0.003402545197972391,0.005958178351521626,0.002455008745865399,0.0945312571078247,0.02651470914132684
277.5390625,63.0859375,62.6953125,1816406.25,0.6156250000000001,57847656250.0,0.2591796875,3962.890625,-16.640625,386.71875,-207.03125,0.48037001823376535,0.28290109065861907,0.48307920326429354,0.2803838978494532,0.33735481291612057,0.20503736247501964,0.014703190777287788,0.004318970647424795,0.007622604763739384,0.0031408192667606648,0.12093871116972406,0.03392163448048278
277.5390625,63.0859375,62.6953125,1816406.25,0.6156250000000001,57847656250.0,0.2533203125,1677.734375,-16.640625,386.71875,-207.03125,5.826375488130258,3.2704558438452143,5.998667721798695,3.0192949575424635,4.526001291010462,2.367691374441481,0.799823033943718,0.23804328999468852,0.4021128218065094,0.17951953882059962,6.291223758187209,1.7654254201561304
277.5390625,63.0859375,62.6953125,1816406.25,0.6156250000000001,57847656250.0,0.2533203125,3962.890625,-9.140625,386.71875,-207.03125,0.48964739965562337,0.288317795843112,0.49266114878366035,0.2859020862302126,0.33355568163637855,0.2030256067862655,0.01521303971078236,0.004448826162850891,0.007695227134293019,0.0031595832610120597,0.12240271266229713,0.03433215723107315
277.5390625,63.0859375,62.6953125,1816406.25,0.6156250000000001,57847656250.0,0.2533203125,3962.890625,-16.640625,97.65625,-207.03125,0.49221304311147407,0.28973658839177396,0.4933619077727466,0.28635245877137455,0.3346663475915402,0.20327505605961044,0.014530527492353422,0.0054714951518539945,0.054410731937505785,0.015357787857568373,0.12017237195315454,0.03371329613383492
277.5390625,63.0859375,62.6953125,1816406.25,0.6156250000000001,57847656250.0,0.2533203125,3962.890625,-16.640625,386.71875,410.15625,0.48716561762852756,0.28814641056240875,0.48598518260267987,0.2849751075823329,0.35981542641266384,0.2048099329523192,0.01828546655500449,0.00586558162927713,0.007994024798814149,0.003116705947243059,0.012015947527347987,0.004392801103481972
193.5546875,25.1171875,232.6171875,16808593.75,0.390625,74863281250.0,0.2591796875,1677.734375,-9.140625,97.65625,410.15625,28.276382094382264,16.130633850139606,34.09335350250421,15.922675512023314,45.334614890896624,15.763691192181847,2.153674366457549,0.7561194690005059,22.773660977696384,6.391159227822646,2.831659374764417,1.226740854038101
215.0390625,40.5859375,250.1953125,16066406.25,0.815625,82597656250.0,0.2908203125,2837.890625,-1.640625,136.71875,-457.03125,18.83844150610616,10.705769732569168,18.62458536358711,9.657463524353844,15.403732519137037,8.645038991436007,1.3964249250279634,0.5335858710624568,2.9522608793388594,0.8375107496656065,10.810662618090646,3.0435867531569443
256.0546875,40.5859375,250.1953125,16066406.25,0.815625,82597656250.0,0.2908203125,2837.890625,-1.640625,136.71875,-457.03125,22.35288513625611,12.704904402658926,22.151200833442505,11.487658814353859,18.298637132979273,10.269375793367855,1.6547359832312545,0.6317041713775826,3.4841453710627324,0.9884161094609554,12.83834364814621,3.6144493971542104
215.0390625,92.6171875,250.1953125,16066406.25,0.815625,82597656250.0,0.2908203125,2837.890625,-1.640625,136.71875,-457.03125,42.97179419317369,24.422483567938812,42.449760581706094,22.018437468871358,35.12280565520005,19.717236411658654,3.1803681950213605,1.2152735000025718,6.737288222930956,1.9112296983544332,24.615411662195,6.930063734002398
215.0390625,40.5859375,170.1171875,16066406.25,0.815625,82597656250.0,0.2908203125,2837.890625,-1.640625,136.71875,-457.03125,12.707823610600396,7.226155743374747,12.56531282755879,6.526430591293624,10.391275137739763,5.838768046822154,0.9330072285622769,0.35601554769627247,1.9777568223526236,0.5610282687528073,7.240554618870763,2.0384025640455885
215.0390625,40.5859375,250.1953125,12058593.75,0.815625,82597656250.0,0.2908203125,2837.890625,-1.640625,136.71875,-457.03125,14.139136622744882,8.035183847420623,13.97862752671855,7.248380719591616,11.561225938870903,6.4885084771609405,1.0480826023732854,0.4004812992875769,2.2158106818670213,0.6285912191144486,8.113910892790132,2.284355046680157
215.0390625,40.5859375,250.1953125,16066406.25,0.9906250000000001,82597656250.0,0.2908203125,2837.890625,-1.640625,136.71875,-457.03125,22.880405967186405,13.002793123465237,22.620664981828018,11.729562977855052,18.708747925541914,10.499913257797756,1.696041000896032,0.6480717284551677,3.5856961637947062,1.0172065426973076,13.130191762202044,3.69661686111399
215.0390625,40.5859375,250.1953125,16066406.25,0.815625,99613281250.0,0.2908203125,2837.890625,-1.640625,136.71875,-457.03125,15.620518632469894,8.877044076513668,15.44319271844435,8.007806212401947,12.77251574907465,7.168320829532738,1.157892045006717,0.442440423654588,2.447965032493635,0.69444981772006,8.964019491766074,2.5236909099840625
215.0390625,40.5859375,250.1953125,16066406.25,0.815625,82597656250.0,0.29667968749999996,2837.890625,-1.640625,136.71875,-457.03125,18.39415765580913,10.45599312553601,18.18533982931163,9.430576334502847,15.469694629082628,8.67167143731292,1.3635183214487403,0.5217926188535793,2.906605123075148,0.8245589177585515,10.643479229591694,2.996518671896893
215.0390625,40.5859375,250.1953125,16066406.25,0.815625,82597656250.0,0.2908203125,552.734375,-1.640625,136.71875,-457.03125,1753.0654072105715,622.3698957495716,939.8988033233073,317.6287343023416,1100.7766509282987,332.76491064971003,404.62222631479494,171.37406360023695,205.32811908252734,59.17044954356638,885.8141413251769,264.0362339005402
215.0390625,40.5859375,250.1953125,16066406.25,0.815625,82597656250.0,0.2908203125,2837.890625,5.859375,136.71875,-457.03125,18.839884553994516,10.705535567779686,18.62411118770126,9.656529775059255,15.404135097155327,8.64413239716304,1.3883051823401285,0.5318069818243543,2.9700809489612503,0.8424331801963334,10.810642535140945,3.0435808137711224
215.0390625,40.5859375,250.1953125,16066406.25,0.815625,82597656250.0,0.2908203125,2837.890625,-1.640625,-152.34375,-457.03125,18.454399861474908,10.048915461652246,18.49909148892077,9.488292494283197,15.193367868165403,8.237540086536145,2.3276570138518924,0.9714438292218598,6.015614516826472,1.6992397946885573,9.838974688233556,2.7721986900246978
215.0390625,40.5859375,250.1953125,16066406.25,0.815625,82597656250.0,0.2908203125,2837.890625,-1.640625,136.71875,160.15625,19.070568775413154,11.279042485136344,19.038354955885865,11.30107390922294,18.48832478665205,9.956438729407829,0.4000595118201476,0.13480607970336872,4.020739480668803,1.136551788672406,3.9590015217310395,1.1221698593963059
256.0546875,92.6171875,170.1171875,12058593.75,0.9906250000000001,99613281250.0,0.29667968749999996,552.734375,5.859375,-152.34375,160.15625,2101.4035264823615,840.3876724049044,2637.8530041894405,862.9650828128455,2095.884866246352,770.5107409197703,1669.6670580258335,546.9113887422542,540.31915766505,222.61844156253534,531.7194035378168,219.95906539149686
90.0390625,85.5859375,125.1953125,6566406.25,0.415625,33097656250.0,0.2158203125,587.890625,28.359375,-363.28125,42.96875,99.45804132612095,54.10448855149529,252.97666366872875,107.16681580323855,94.32599255438282,39.703112155312354,144.32210346448917,62.09394230225482,90.89870687886126,33.398934469455455,51.95654396644974,18.732495078527847
131.0546875,85.5859375,125.1953125,6566406.25,0.415625,33097656250.0,0.2158203125,587.890625,28.359375,-363.28125,42.96875,145.94594937202928,78.59200737350766,361.43044255261947,155.60441164265632,136.5995787196489,58.30920173649099,207.4245896257713,89.2342371833292,128.61887306993927,48.16812572390595,77.1739734114221,27.864073621551633
90.0390625,47.6171875,125.1953125,6566406.25,0.415625,33097656250.0,0.2158203125,587.890625,28.359375,-363.28125,42.96875,55.47052357983477,29.963246726664543,140.05332361788254,59.78563320549148,51.88280550529624,21.94321202840692,81.46789290026584,34.9854442864454,50.334420723229144,18.573170995784317,29.55258361554685,10.611791491002448
90.0390625,85.5859375,295.1171875,6566406.25,0.415625,33097656250.0,0.2158203125,587.890625,28.359375,-363.28125,42.96875,325.06101587996153,131.34619676274775,642.0112775803763,266.5884564296881,190.50160418972524,77.50303109895334,454.73336312764286,191.8381256778537,239.6915683417615,81.85595129768174,137.34422271942682,46.48188657876957
90.0390625,85.5859375,125.1953125,2558593.75,0.415625,33097656250.0,0.2158203125,587.890625,28.359375,-363.28125,42.96875,38.753728178827615,21.08176085736432,98.57210868710133,41.757444587222636,36.75403041232644,15.470278680386432,56.23496595433694,24.19484366923076,35.41859191294118,13.013862033012089,20.244816358134784,7.299098320306807
90.0390625,85.5859375,125.1953125,6566406.25,0.590625,33097656250.0,0.2158203125,587.890625,28.359375,-363.28125,42.96875,141.33511135817187,76.8853258363354,359.4931536345093,152.28968561512843,134.0421999457019,56.42021201018071,205.08930492322142,88.23876011373054,129.17184661732912,47.46164371975248,73.83298353127066,26.619861427381675
90.0390625,85.5859375,125.1953125,6566406.25,0.415625,50113281250.0,0.2158203125,587.890625,28.359375,-363.28125,42.96875,65.6877374819723,35.73367616313193,167.0801520979919,70.77904983247643,62.29824108763626,26.22218951531387,95.31851139251823,41.01036504224843,60.03466703442133,22.05855263541165,34.31505160400097,12.372003336220006
90.0390625,85.5859375,125.1953125,6566406.25,0.415625,33097656250.0,0.2216796875,587.890625,28.359375,-363.28125,42.96875,97.88532710433766,53.344410576995074,248.97015463736145,105.46734302658561,96.14563811538586,40.01490521250212,142.0616243267685,61.16977256274709,90.12696740911228,33.11537404420111,51.515427507619414,18.57345424818639
90.0390625,85.5859375,125.1953125,6566406.25,0.415625,33097656250.0,0.2158203125,2802.734375,28.359375,-363.28125,42.96875,5.363771750358927,2.858575888439942,5.535963828798292,3.2031289961155864,3.1227400901722344,1.794833829951862,0.4373449766353943,0.1609321621299811,2.720394103261938,0.767875857475864,1.2760221097468798,0.35885965887569504
90.0390625,85.5859375,125.1953125,6566406.25,0.415625,33097656250.0,0.2158203125,587.890625,-24.140625,-363.28125,42.96875,99.50811776712295,54.18898872317967,253.57891958461485,107.20457183116814,94.60838482023918,39.76138029494712,144.30466034305724,62.108869450978915,91.14188602758041,33.42719118581323,51.865706023155376,18.715592603321443
90.0390625,85.5859375,125.1953125,6566406.25,0.415625,33097656250.0,0.2158203125,587.890625,28.359375,347.65625,42.96875,928.0861514359584,314.06239524169945,1767.6736715346956,530.3652426576564,944.9671400442995,284.03104076354896,200.16362020737068,83.72519584723298,104.8422612967882,50.98258291511125,454.76641835712763,134.35478365522965
90.0390625,85.5859375,125.1953125,6566406.25,0.415625,33097656250.0,0.2158203125,587.890625,28.359375,-363.28125,-339.84375,93.92244342559643,32.872430629248505,285.5277286591956,89.04818422367178,79.70386251661739,25.094086162654797,122.8235820781704,58.30528984036992,90.04421896350429,26.412046852355207,23.70304375332581,10.305742151890296
131.0546875,47.6171875,295.1171875,2558593.75,0.590625,50113281250.0,0.2216796875,2802.734375,-24.140625,347.65625,-339.84375,3.990971007484633,2.286981455880273,3.9582112297459444,2.142970984404226,2.4074754567338457,1.3632823263344584,0.27794750178981037,0.0862533877468763,0.09940182598483754,0.044698084677423415,2.0512985807353514,0.5763982983639843
105.6640625,23.7109375,265.8203125,3003906.25,0.965625,39285156250.0,0.31894531249999997,1994.140625,9.609375,74.21875,105.46875,6.849030982205222,4.019088348076591,6.80944841592526,4.046820140137573,8.740177192587325,4.208972854398997,0.7087654572274009,0.20820095953217346,3.8998715049379498,1.097702390078686,3.735389694204346,1.051517716699633
146.6796875,23.7109375,265.8203125,3003906.25,0.965625,39285156250.0,0.31894531249999997,1994.140625,9.609375,74.21875,105.46875,9.471762317290978,5.558406388481901,9.440481809149897,5.609809666914329,12.082929214025873,5.8254409652862185,0.9684919349687465,0.2848230890278622,5.361022453292064,1.509007628682376,5.174666397810185,1.4566446416588
105.6640625,30.7421875,265.8203125,3003906.25,0.965625,39285156250.0,0.31894531249999997,1994.140625,9.609375,74.21875,105.46875,8.879596688140298,5.210668150463962,8.827512485968883,5.246162629144559,11.330678647855166,5.456567885001341,0.9187092649651603,0.26987097005053556,5.0555753310909015,1.4230006613491701,4.840958900711292,1.3627393215419696
105.6640625,23.7109375,154.4921875,3003906.25,0.965625,39285156250.0,0.31894531249999997,1994.140625,9.609375,74.21875,105.46875,3.8927160395985028,2.2856327489663277,3.872275544127484,2.300965865195466,4.921332876453992,2.3869958301332392,0.3757192598754081,0.11079848419546881,2.138329683648182,0.6019594168991202,2.0471386977175534,0.5763237158181861
105.6640625,23.7109375,265.8203125,17996093.75,0.965625,39285156250.0,0.31894531249999997,1994.140625,9.609375,74.21875,105.46875,41.03184100782765,24.077945409088226,40.79470591959386,24.24408372641586,52.36150367522732,25.215523979474877,4.246141042193286,1.2473105599021106,23.3637295490886,6.576222251095587,22.378335918334752,6.299534617471013
105.6640625,23.7109375,265.8203125,3003906.25,0.7406250000000001,39285156250.0,0.31894531249999997,1994.140625,9.609375,74.21875,105.46875,5.2531402679049775,3.082601742699521,5.2227808238650075,3.103871757969595,6.703631050625231,3.2282413155099117,0.5436162244753853,0.1596881145926379,2.9911635814572635,0.8419270758855942,2.8650076295353735,0.8065038797987478
105.6640625,23.7109375,265.8203125,3003906.25,0.965625,56300781250.0,0.31894531249999997,1994.140625,9.609375,74.21875,105.46875,4.779067826825638,2.804410706765161,4.751448186981222,2.823761198179669,6.098658296388727,2.9369069587657473,0.4945572887903955,0.14527697564803085,2.7212244310803415,0.7659469185472382,2.6064534902250127,0.7337205076561584
105.6640625,23.7109375,265.8203125,3003906.25,0.965625,39285156250.0,0.32480468749999997,1994.140625,9.609375,74.21875,105.46875,6.65705797267368,3.909159173474569,6.618464730935098,3.9362066836044485,8.624667640901517,4.185479008843187,0.6937097511328366,0.2036419672420223,3.823319941313783,1.0761553123741745,3.662066785622646,1.0308772096239642
105.6640625,23.7109375,265.8203125,3003906.25,0.965625,39285156250.0,0.31894531249999997,4208.984375,9.609375,74.21875,105.46875,0.7450671462232127,0.44373317275319596,0.744288967301289,0.4445412895713789,0.6978388745841003,0.4268085751897651,0.008942636815868805,0.0029787949443323943,0.09553124546649591,0.026921957044564293,0.09090526443110776,0.02559722137291808
105.6640625,23.7109375,265.8203125,3003906.25,0.965625,39285156250.0,0.31894531249999997,1994.140625,9.609375,74.21875,105.46875,6.849030982205222,4.019088348076591,6.80944841592526,4.046820140137573,8.740177192587325,4.208972854398997,0.7087654572274009,0.20820095953217346,3.8998715049379498,1.097702390078686,3.735389694204346,1.051517716699633
105.6640625,23.7109375,265.8203125,3003906.25,0.965625,39285156250.0,0.31894531249999997,1994.140625,9.609375,-464.84375,105.46875,5.456406281032567,2.4767477501366475,6.3291278738078995,3.441032276134224,5.539105283825556,2.819944501079842,1.0710760613256385,0.4007235094767212,5.904066803745411,1.6714994953887266,2.0079398868318687,0.5700998854184175
105.6640625,23.7109375,265.8203125,3003906.25,0.965625,39285156250.0,0.31894531249999997,1994.140625,9.609375,74.21875,472.65625,6.762227729232395,3.842109843963303,7.122446869852699,3.6416393368705857,9.812752525671153,4.080049664885768,0.522972217590423,0.1879370818115005,4.243997380693879,1.191861713650516,1.2295781334883056,0.41566388930085413
146.6796875,30.7421875,154.4921875,17996093.75,0.7406250000000001,56300781250.0,0.32480468749999997,4208.984375,9.609375,-464.84375,472.65625,2.281351922013627,1.275964595609154,2.3430106385050626,1.3431310701591554,2.226579704537295,1.2865606795842333,0.13359841745400897,0.06008464746028989,0.7827990874780223,0.2206356497125695,0.0800233274277274,0.031007100870948216
230.6640625,68.7109375,140.8203125,12503906.25,0.565625,88785156250.0,0.2439453125,4244.140625,-20.390625,-425.78125,-394.53125,3.270975032832678,1.8532474474292164,3.390335478689485,1.9063663808828417,2.15263133803588,1.247106037227862,0.26623901101141806,0.11491564571434741,0.84868760527686,0.23966670741319046,0.8367954811930784,0.23522762404898376
271.6796875,68.7109375,140.8203125,12503906.25,0.565625,88785156250.0,0.2439453125,4244.140625,-20.390625,-425.78125,-394.53125,3.8473312301833467,2.1802220161040973,3.9906726389373333,2.2442153264924665,2.532879824846579,1.4676494387750563,0.31375995142345503,0.13555347679688068,0.9958280331735919,0.281218111968046,0.9837912241209323,0.27654707679837837
230.6640625,75.7421875,140.8203125,12503906.25,0.565625,88785156250.0,0.2439453125,4244.140625,-20.390625,-425.78125,-394.53125,3.6055762187227236,2.042823724015962,3.736988943694936,2.1012980629815496,2.3727814101998366,1.3746489944057518,0.29340452702471803,0.1266337367292566,0.9355046677615652,0.2641834503922529,0.9223071295516587,0.25926538993024734
230.6640625,68.7109375,279.4921875,12503906.25,0.565625,88785156250.0,0.2439453125,4244.140625,-20.390625,-425.78125,-394.53125,6.529650579691011,3.6974833260413535,6.77019957115487,3.8044162683360505,4.297961382308792,2.4886717339554525,0.535737916409988,0.23139054213641322,1.705472193253839,0.48163546238194604,1.681668590063114,0.4727356248819111
230.6640625,68.7109375,140.8203125,8496093.75,0.565625,88785156250.0,0.2439453125,4244.140625,-20.390625,-425.78125,-394.53125,2.2225462969106764,1.2592356132953906,2.303648755435685,1.2953286093158953,1.462659531467679,0.8473775791848172,0.18090279567317522,0.07808232721921449,0.5766621497898063,0.162847575327613,0.5685817468275369,0.15983132843065903
230.6640625,68.7109375,140.8203125,12503906.25,0.340625,88785156250.0,0.2439453125,4244.140625,-20.390625,-425.78125,-394.53125,1.9698136938053141,1.1160440429269864,2.041693741310242,1.1480327929073466,1.2963359991486791,0.7510196577781046,0.16033178011184834,0.06920334465670644,0.5110881158849598,0.14432967463004284,0.5039265604974892,0.14165641448253713
230.6640625,68.7109375,140.8203125,12503906.25,0.565625,6800781250.0,0.2439453125,4244.140625,-20.390625,-425.78125,-394.53125,42.70303935741181,24.19440622206701,44.261306774918616,24.887881373398113,28.1029050443524,16.281144813413025,3.4757877548986307,1.5002399261581862,11.079736117368038,3.128882592070308,10.924482763950305,3.070929734066256
230.6640625,68.7109375,140.8203125,12503906.25,0.565625,88785156250.0,0.2498046875,4244.140625,-20.390625,-425.78125,-394.53125,3.211197023644065,1.8195487030625028,3.32837722617695,1.87169557539027,2.180824508339311,1.2622178315673456,0.2613754768820952,0.11290763025662293,0.8396804137632835,0.2371231048912769,0.8279145017726912,0.2327311338847358
230.6640625,68.7109375,140.8203125,12503906.25,0.565625,88785156250.0,0.2439453125,1958.984375,-20.390625,-425.78125,-394.53125,25.925319356624744,12.429663349109315,30.627474179872628,14.074740816376922,18.351840343738537,8.59370592155776,8.87134763972696,3.7000736284901836,16.83108106340766,4.811559373394971,16.836416032144157,4.766790070506061
230.6640625,68.7109375,140.8203125,12503906.25,0.565625,88785156250.0,0.2439453125,4244.140625,-20.390625,-425.78125,-394.53125,3.270975032832678,1.8532474474292164,3.390335478689485,1.9063663808828417,2.15263133803588,1.247106037227862,0.26623901101141806,0.11491564571434741,0.84868760527686,0.23966670741319046,0.8367954811930784,0.23522762404898376
230.6640625,68.7109375,140.8203125,12503906.25,0.565625,88785156250.0,0.2439453125,4244.140625,-20.390625,35.15625,-394.53125,3.4626745658338267,2.0231514414847087,3.454529050910578,1.960274503969932,2.235531232945009,1.3288985896506342,0.14553155149022215,0.052924543962866936,0.3936649091985849,0.11094085332880954,0.9253374277786391,0.26001922349110373
230.6640625,68.7109375,140.8203125,12503906.25,0.565625,88785156250.0,0.2439453125,4244.140625,-20.390625,-425.78125,-27.34375,3.308967299031395,1.881767816334605,3.3910878331567047,2.0038078476368018,2.1581412627402288,1.2962185778913808,0.14293524880538724,0.05487545302139662,0.9238296662937923,0.2606433937988454,0.48167779699152474,0.13509983478703474
271.6796875,75.7421875,279.4921875,8496093.75,0.340625,6800781250.0,0.2498046875,1958.984375,-20.390625,35.15625,-27.34375,461.1145235515065,263.724795350063,476.53568407292687,265.89657172149174,416.61768680549903,201.70474201734348,67.83315966390143,21.167070188148774,233.43425497361292,65.76219552386429,302.51793751309776,84.88845862920854
293.1640625,46.2109375,203.3203125,7753906.25,0.36562500000000003,64035156250.0,0.2814453125,3119.140625,-5.390625,-175.78125,-144.53125,5.07651592057876,2.8768175986222593,5.191086544943399,2.9689639309919222,4.030980071852706,2.387461738093272,0.38453324199371747,0.14293008619786177,1.7272364282571417,0.48702365251235835,1.7150627522558228,0.4812514313343701
209.1796875,46.2109375,203.3203125,7753906.25,0.36562500000000003,64035156250.0,0.2814453125,3119.140625,-5.390625,-175.78125,-144.53125,3.6442938165699954,2.0638720974247855,3.7117646045926995,2.1223595400473596,2.887971050948165,1.7098087732036553,0.27682346261288243,0.10265392173236607,1.2506823015025004,0.35264831891738396,1.22925712365442,0.3449359094044092
293.1640625,53.2421875,203.3203125,7753906.25,0.36562500000000003,64035156250.0,0.2814453125,3119.140625,-5.390625,-175.78125,-144.53125,5.848732000282345,3.314430210465918,5.98031608918084,3.4203737423483864,4.643990182179053,2.7505384162168167,0.442930840198499,0.16463581481189296,1.9899407954275132,0.5610973481411375,1.9755788077897496,0.5543528819717793
293.1640625,46.2109375,91.9921875,7753906.25,0.36562500000000003,64035156250.0,0.2814453125,3119.140625,-5.390625,-175.78125,-144.53125,2.2825715160151994,1.2941968625618174,2.3335914689894013,1.3352995105776049,1.8122297391383333,1.0737194885036427,0.17084878824493968,0.06360465688953597,0.7710280656013243,0.217401050263709,0.7653804135407203,0.2147650567467304
293.1640625,46.2109375,203.3203125,3746093.75,0.36562500000000003,64035156250.0,0.2814453125,3119.140625,-5.390625,-175.78125,-144.53125,2.4525837621335174,1.3898579733394187,2.5079355146603115,1.4343760250988682,1.9474609012124657,1.1534386936178578,0.18577701716472295,0.06905287287846319,0.8344683802008056,0.23529253539513942,0.8285869921477753,0.23250384012577377
293.1640625,46.2109375,203.3203125,7753906.25,0.940625,64035156250.0,0.2814453125,3119.140625,-5.390625,-175.78125,-144.53125,13.0600965136257,7.401043565686324,13.35484658143558,7.638103788278364,10.370299159210806,6.1421024202228605,0.9892692806846921,0.3677090251756957,4.44357405902051,1.2529411915061528,4.412255456658142,1.2380912891593623
293.1640625,46.2109375,203.3203125,7753906.25,0.36562500000000003,31550781250.0,0.2814453125,3119.140625,-5.390625,-175.78125,-144.53125,10.303246934016048,5.838760789180969,10.535778349790409,6.0257800818064355,8.181237627569816,4.84556893308939,0.780444897363255,0.29008950142893997,3.505582118165077,0.9884584295697773,3.4808745447232514,0.9767431860671448
293.1640625,46.2109375,203.3203125,7753906.25,0.36562500000000003,64035156250.0,0.2873046875,3119.140625,-5.390625,-175.78125,-144.53125,4.963066163344849,2.8130714842672973,5.0750785353744625,2.903162865103966,4.055651210147569,2.398617726257772,0.37741050667342063,0.1400453459080773,1.7024986667444622,0.4800484204191806,1.6904993441140694,0.47435886993326637
293.1640625,46.2109375,203.3203125,7753906.25,0.36562500000000003,64035156250.0,0.2814453125,833.984375,-5.390625,-175.78125,-144.53125,173.27698001350095,71.7028656467973,226.4682794783447,91.91062385866573,160.4726764642519,67.01769416955933,131.40103545388237,41.99947128004427,86.50106548581846,28.75020713761936,101.15021942531689,31.63254055013084
293.1640625,46.2109375,203.3203125,7753906.25,0.36562500000000003,64035156250.0,0.2814453125,3119.140625,24.609375,-175.78125,-144.53125,5.083832037162657,2.878458577791992,5.184491307625257,2.963261471692977,4.03126564499317,2.384840340346934,0.37253504041304636,0.1370797057370789,1.7450042668735621,0.4919933633617926,1.7215924547981905,0.4830868147507934
293.1640625,46.2109375,203.3203125,7753906.25,0.36562500000000003,64035156250.0,0.2814453125,3119.140625,-5.390625,-214.84375,-144.53125,5.03183299181615,2.837798373339504,5.175865889287121,2.9557985168758276,4.0073791694016805,2.3630953608404,0.4062772357705266,0.15141654110491623,1.8219310544586944,0.513897504155837,1.6877534424984382,0.4736168749167481
293.1640625,46.2109375,203.3203125,7753906.25,0.36562500000000003,64035156250.0,0.2814453125,3119.140625,-5.390625,-175.78125,-277.34375,5.080499486706965,2.846962390207928,5.203135871061058,2.871151422040996,4.037298379926273,2.3229643830801097,0.4567156422958826,0.18213087320200033,1.6292113985441288,0.45964380510770686,2.022851888631111,0.5683430328293826
209.1796875,53.2421875,91.9921875,3746093.75,0.940625,31550781250.0,0.2873046875,833.984375,24.609375,-214.84375,-277.34375,142.04643273030553,54.516943667621014,193.9275717263897,67.53610431763083,138.1155971094366,49.98921019024612,77.16147531109675,31.07905811280725,47.357642722414155,19.176893076858534,55.89306903193456,18.46659831496476
168.1640625,91.2109375,78.3203125,17253906.25,0.765625,14535156250.0,0.2064453125,869.140625,24.609375,324.21875,355.46875,10770.702818332878,3132.780072866165,12154.95894357779,3491.3621983003645,21933.54014072163,6137.437814622836,498.3692033929862,201.97449802735366,4102.977036467516,1153.144385021019,3558.008505422033,1001.5874165640278
84.1796875,91.2109375,78.3203125,17253906.25,0.765625,14535156250.0,0.2064453125,869.140625,24.609375,324.21875,355.46875,6662.503410377993,1913.4014884549192,6811.182498797932,1946.2875006859545,12971.68362082456,3627.249874254447,268.0813454872297,119.08753150897884,2743.455288435396,769.0699598247606,1837.8945278188476,517.3427404472816
168.1640625,98.2421875,78.3203125,17253906.25,0.765625,14535156250.0,0.2064453125,869.140625,24.609375,324.21875,355.46875,11533.022657398968,3355.9839964139564,12922.255632389975,3714.234449564778,23387.39581111322,6544.577386197642,536.0606306096121,211.30249169750203,4344.897627756694,1221.4014111220724,3709.7838308517785,1044.8672170442373
168.1640625,91.2109375,216.9921875,17253906.25,0.765625,14535156250.0,0.2064453125,869.140625,24.609375,324.21875,355.46875,44822.19007996344,12771.377772556947,56003.26348916223,15817.29927860457,97961.88802895036,27370.585573644505,3472.4251641552123,1121.330724359626,22046.182932750056,6168.490582984442,24007.18731541071,6712.60536228743
168.1640625,91.2109375,78.3203125,13246093.75,0.765625,14535156250.0,0.2064453125,869.140625,24.609375,324.21875,355.46875,8268.837051611225,2405.0842714713976,9331.552134406224,2680.373378862698,16838.721896578456,4711.807024991179,382.6058339836124,155.05898184531497,3149.9196582887357,885.2869842893989,2731.5387914616513,768.9343286322431
168.1640625,91.2109375,78.3203125,17253906.25,0.540625,14535156250.0,0.2064453125,869.140625,24.609375,324.21875,355.46875,7605.435051312605,2212.126337166721,8582.889376485546,2465.329225738625,15487.765078958542,4333.782620121432,351.90968239586374,142.61872717849872,2897.204193097471,814.2611371781074,2512.3896793388235,707.243359451334
168.1640625,91.2109375,78.3203125,17253906.25,0.765625,81050781250.0,0.2064453125,869.140625,24.609375,324.21875,355.46875,1931.552613958101,561.8138055393032,2179.796724133836,626.1197522712255,3933.428255030372,1100.650928151312,89.37451471518153,36.22088327918372,735.8030532891044,206.797930341858,638.0716973673615,179.6186214774084
168.1640625,91.2109375,78.3203125,17253906.25,0.765625,14535156250.0,0.2123046875,869.140625,24.609375,324.21875,355.46875,10680.995188859324,3104.999335314135,12054.309688019108,3461.120291684838,21770.642832398084,6092.727113448877,490.8592865107199,199.25286659535405,4070.6671918447655,1144.0636820152563,3529.990141937458,993.7001840697537
168.1640625,91.2109375,78.3203125,17253906.25,0.765625,14535156250.0,0.2064453125,3083.984375,24.609375,324.21875,355.46875,60.0359128517393,35.631123075714214,60.19264506235511,34.99993501690966,44.113678523758956,20.868204738771183,2.6010273956881513,0.7955771936544936,1.9917195523941482,0.7436963336911632,2.050228889556509,0.7882066538128176
168.1640625,91.2109375,78.3203125,17253906.25,0.765625,14535156250.0,0.2064453125,869.140625,-5.390625,324.21875,355.46875,10630.793604975996,3095.4542366157207,12596.231800358828,3611.82799875184,22234.843592087756,6221.3577688125915,495.434187045843,223.1618846858039,3571.846872782649,1006.0302703766718,3164.5011300841225,893.0385418816381
168.1640625,91.2109375,78.3203125,17253906.25,0.765625,14535156250.0,0.2064453125,869.140625,24.609375,285.15625,355.46875,9408.39971604349,2775.275222757216,11547.963781662424,3328.245544240043,19971.851785538693,5591.896460935988,442.6919756893625,161.08303565587468,6846.729176889788,1915.9045890900322,3632.7122270825316,1022.6095938205203
168.1640625,91.2109375,78.3203125,17253906.25,0.765625,14535156250.0,0.2064453125,869.140625,24.609375,324.21875,222.65625,8273.926290616844,2500.0563181609846,4690.00002793969,1640.8871219248795,12010.168256584033,3391.1615381786587,1073.850980213459,338.0599210596175,3430.5801208263388,969.4348660797464,10800.187723787056,3016.419472235027
84.1796875,98.2421875,216.9921875,13246093.75,0.540625,81050781250.0,0.2123046875,3083.984375,-5.390625,285.15625,222.65625,8.7924177564907,5.208118568028911,8.766901672482302,5.171186450115573,6.446948478407345,3.1435836056168447,0.2648412906646477,0.07656184874940955,0.5367945515523111,0.16512469863856338,1.032300421795598,0.2982152177233561
136.9140625,34.9609375,172.0703125,19628906.25,0.665625,26910156250.0,0.3001953125,3681.640625,-12.890625,-300.78125,-19.53125,9.422982658833437,5.347386075506788,9.573997835142643,5.632438153610045,8.11350670757306,4.851195223150422,0.4709815977489811,0.17220907158860232,3.126312734763975,0.8816149026584389,1.8974145768736235,0.5323196534794149
52.9296875,34.9609375,172.0703125,19628906.25,0.665625,26910156250.0,0.3001953125,3681.640625,-12.890625,-300.78125,-19.53125,3.648560490627188,2.0701344271746733,3.7033747784084903,2.178631863722005,3.139990284495623,1.877234850527334,0.18204927640682322,0.06655847195771988,1.2133151316363482,0.3421520854610127,0.734997896182788,0.2062033042589131
136.9140625,41.9921875,172.0703125,19628906.25,0.665625,26910156250.0,0.3001953125,3681.640625,-12.890625,-300.78125,-19.53125,11.317867005829429,6.422707682866855,11.498851700260479,6.764846900119829,9.744900109707986,5.826622254698406,0.5655802815727505,0.20680000354148118,3.754927139770145,1.0588828483244686,2.27878601813309,0.6393132632206736
136.9140625,34.9609375,248.2421875,19628906.25,0.665625,26910156250.0,0.3001953125,3681.640625,-12.890625,-300.78125,-19.53125,13.65414735532392,7.745367756179437,13.873977454901885,8.161075695889918,11.756964233276783,7.028728464612265,0.6880436628271919,0.2513811517603219,4.555355570843033,1.2846150685917561,2.7647816761323076,0.7756672654235423
136.9140625,34.9609375,172.0703125,10871093.75,0.665625,26910156250.0,0.3001953125,3681.640625,-12.890625,-300.78125,-19.53125,5.218738455628548,2.961547352862764,5.302375318448155,3.1194179863675138,4.493510282025041,2.6867415534383334,0.2608441366239631,0.09537469576737916,1.7314484260394314,0.48826552718376826,1.0508467198884168,0.29481504390710683
136.9140625,34.9609375,172.0703125,19628906.25,0.44062500000000004,26910156250.0,0.3001953125,3681.640625,-12.890625,-300.78125,-19.53125,6.2377490840165,3.5398189513918172,6.337716876784567,3.7285153974601712,5.370912890928646,3.2113545843390123,0.31177655062256504,0.11399755443189169,2.0695309652662934,0.5836042313372766,1.2560350015923987,0.3523806156835564
136.9140625,34.9609375,172.0703125,19628906.25,0.665625,93425781250.0,0.3001953125,3681.640625,-12.890625,-300.78125,-19.53125,2.714175169824959,1.54024930694344,2.7576732485804096,1.62235507965964,2.336996601098416,1.3973275867493105,0.13566050202336127,0.04960272166968606,0.9004962340506343,0.25393841470142514,0.5465271154443446,0.15332818049168745
136.9140625,34.9609375,172.0703125,19628906.25,0.665625,26910156250.0,0.2310546875,3681.640625,-12.890625,-300.78125,-19.53125,12.008075846632423,6.8031602644913445,12.201094250534679,7.163938421228131,7.248605704229026,4.404675677697893,0.5792174521108433,0.21500512664443863,3.626109125473779,1.0225566393711383,2.200749859571502,0.6174203660711101
136.9140625,34.9609375,172.0703125,19628906.25,0.665625,26910156250.0,0.3001953125,1396.484375,-12.890625,-300.78125,-19.53125,136.7135275308192,59.00935465919533,146.7967462211209,78.89443160719512,119.86996728806035,58.5969019609586,67.91241473156909,20.940974365680514,159.63351936609322,45.431248631501305,98.08974011667348,27.80634140905363
136.9140625,34.9609375,172.0703125,19628906.25,0.665625,26910156250.0,0.3001953125,3681.640625,2.109375,-300.78125,-19.53125,9.422185505847876,5.3469979180464,9.574679658683912,5.632642586110369,8.113295423023388,4.85104608324855,0.4690443535981154,0.1715253970814134,3.1269194683573316,0.8817813442547662,1.8998934199484683,0.5330121104539771
136.9140625,34.9609375,172.0703125,19628906.25,0.665625,26910156250.0,0.3001953125,3681.640625,-12.890625,-339.84375,-19.53125,9.349348996112198,5.277130861162165,9.531471953193652,5.608037935234567,8.071367176090503,4.805685001004545,0.49262104894767283,0.18134109275948998,3.262010301060241,0.9201467260979952,1.8707403422268951,0.5248619397230452
136.9140625,34.9609375,172.0703125,19628906.25,0.665625,26910156250.0,0.3001953125,3681.640625,-12.890625,-300.78125,347.65625,9.481160773374475,5.312011955815166,9.643844522129642,5.5374166985137485,8.216082872505712,4.814711789068596,0.41755376644498265,0.17466229505839218,3.2654363885870255,0.9198493688178828,0.2672498065289444,0.10207748635438532
52.9296875,41.9921875,248.2421875,10871093.75,0.44062500000000004,93425781250.0,0.2310546875,1396.484375,2.109375,-339.84375,347.65625,12.422021204167754,4.840084222831475,14.577529643325372,6.7395437542008,8.221445011345008,3.3452769611551765,3.405345813061553,1.4113383091524365,17.55919169252642,4.950593708755651,1.396769783813733,0.541630503182364
261.9140625,79.9609375,297.0703125,10128906.25,0.265625,76410156250.0,0.2251953125,1431.640625,17.109375,199.21875,480.46875,148.73085530715312,66.19287151229068,171.03632762030378,64.2541932408898,253.07364214720042,75.77452441564064,13.37597146945495,6.083671882622757,90.79499325695637,25.527012419046713,53.39912442898533,15.819601207628473
177.9296875,79.9609375,297.0703125,10128906.25,0.265625,76410156250.0,0.2251953125,1431.640625,17.109375,199.21875,480.46875,105.53122299352752,46.317962105814914,118.36720142160956,44.23437867760309,178.16924826474877,53.198845121833386,8.835229668205256,4.18446613885367,69.93797419135544,19.644353623131632,39.30539845502515,11.570612887846456
261.9140625,86.9921875,297.0703125,10128906.25,0.265625,76410156250.0,0.2251953125,1431.640625,17.109375,199.21875,480.46875,161.6556680336193,71.97864730103333,185.6389428116656,69.80035876014624,274.7597360963816,82.28708692059799,14.426947611534471,6.591933753830396,98.66784475836234,27.740655471857902,57.9333073143775,17.165909603363072
261.9140625,79.9609375,123.2421875,10128906.25,0.265625,76410156250.0,0.2251953125,1431.640625,17.109375,199.21875,480.46875,54.674642800479205,25.47821978951272,61.30368724570404,24.242434398944273,89.28390865125655,27.20484536922438,4.483800649344909,2.069638419017651,30.34458420334353,8.543500483471975,17.520843448946085,5.276730058937416
261.9140625,79.9609375,297.0703125,1371093.75,0.265625,76410156250.0,0.2251953125,1431.640625,17.109375,199.21875,480.46875,20.13286934547271,8.960161164988055,23.152237174981337,8.697733061146288,34.25717253901555,10.257176270686411,1.8106309239408724,0.8235128541460038,12.290413664940871,3.455449810676975,7.228342720622385,2.141411501688235
261.9140625,79.9609375,297.0703125,10128906.25,0.840625,76410156250.0,0.2251953125,1431.640625,17.109375,199.21875,480.46875,470.68941267793156,209.48096984477877,541.2796721160202,203.3456233152866,800.9036439717283,239.80408315067453,42.33101559156916,19.25303219324143,287.3394492484855,80.78548636145372,168.99252319290648,50.06438499825953
261.9140625,79.9609375,297.0703125,10128906.25,0.265625,43925781250.0,0.2251953125,1431.640625,17.109375,199.21875,480.46875,258.72158832042885,115.14439836833421,297.5225971170087,111.77201191507741,440.22885851857615,131.811958389893,23.267885986127897,10.582721715961206,157.94049471759223,44.404970202665424,92.8893083997672,27.518649997547406
261.9140625,79.9609375,297.0703125,10128906.25,0.265625,76410156250.0,0.3060546875,1431.640625,17.109375,199.21875,480.46875,120.87490234485878,51.422412799218165,139.48674091960785,50.63176154913955,220.82342399028465,69.0853234509207,11.16331750326779,4.776183092319696,76.26760004587537,21.442635807374593,44.855150252877586,13.288431162433243
261.9140625,79.9609375,297.0703125,10128906.25,0.265625,76410156250.0,0.2251953125,3646.484375,17.109375,199.21875,480.46875,6.999255482306807,4.184775466658587,7.006489868979181,4.059175845269432,4.873336224797845,2.5866125716477906,0.13916811090953587,0.058722567839320776,0.63041788385467,0.17968984262045157,0.34535806373636013,0.12485596325130158
261.9140625,79.9609375,297.0703125,10128906.25,0.265625,76410156250.0,0.2251953125,1431.640625,-27.890625,199.21875,480.46875,146.57440655515958,66.0166783658062,165.45855324156057,63.038280129580336,245.39778800783338,73.79957940537372,10.987053344166101,5.028380002682442,96.76810683502072,27.1835856443807,61.80762448122838,18.045981862957298
261.9140625,79.9609375,297.0703125,10128906.25,0.265625,76410156250.0,0.2251953125,1431.640625,17.109375,160.15625,480.46875,137.49006465404767,64.2808835375335,166.86869715730347,63.373247358102184,238.43877425915895,71.97477574009754,14.658945223804853,6.200902745244938,107.66662873416406,30.202995429026334,50.2818884018878,15.0048979002218
261.9140625,79.9609375,297.0703125,10128906.25,0.265625,76410156250.0,0.2251953125,1431.640625,17.109375,199.21875,-152.34375,117.51608613788292,63.554638277836034,119.23053689167693,57.014688230579395,69.42152457946047,38.11689033879728,25.71891522055661,8.763321761850683,44.82288354790442,12.877275312209122,141.51176182093397,39.732028570779626
177.9296875,86.9921875,123.2421875,1371093.75,0.840625,43925781250.0,0.3060546875,3646.484375,-27.890625,160.15625,-152.34375,1.2299263730376702,0.7235377496032995,1.2296963436510095,0.713636804283518,1.0855908898573656,0.654970704518514,0.03105268907155582,0.012470175295866668,0.1343162860262102,0.03811267751787649,0.3465177202422162,0.09717784712199375
199.4140625,12.4609375,109.5703125,14878906.25,0.465625,51660156250.0,0.33769531249999996,2556.640625,2.109375,449.21875,230.46875,2.173333637030387,1.253625333602625,2.1870968940901414,1.2723596683478653,2.7308837075816568,1.3859916194957425,0.15296549679497443,0.046623336569130217,0.2087845557451182,0.06987700935727176,0.42316093638413677,0.1219809794548295
240.4296875,12.4609375,109.5703125,14878906.25,0.465625,51660156250.0,0.33769531249999996,2556.640625,2.109375,449.21875,230.46875,2.6098834385650598,1.5055582831548404,2.6334128902083305,1.5320362807809804,3.278089956266908,1.6660803089472742,0.18314029704236953,0.05580970928379481,0.24883427756874055,0.08334697593058503,0.5082753485702626,0.14652744370687038
199.4140625,19.4921875,109.5703125,14878906.25,0.465625,51660156250.0,0.33769531249999996,2556.640625,2.109375,449.21875,230.46875,3.399609292653932,1.9609679000759983,3.4210238821549783,1.9902068455037683,4.271591399896964,2.1679743642672396,0.23926343374506015,0.07292661465813662,0.3265818062901027,0.10930193614375883,0.6618456642426542,0.19078483449427763
199.4140625,12.4609375,185.7421875,14878906.25,0.465625,51660156250.0,0.33769531249999996,2556.640625,2.109375,449.21875,230.46875,3.708628912066375,2.138947254989154,3.7323508768459863,2.1711544437985326,4.679552060118011,2.367068236385915,0.2631681945034624,0.08023453625820173,0.3602716264603483,0.12046658509603048,0.7304249844985917,0.21050633229148666
199.4140625,12.4609375,109.5703125,6121093.75,0.465625,51660156250.0,0.33769531249999996,2556.640625,2.109375,449.21875,230.46875,0.8940965631994265,0.515734024089082,0.8997586854920585,0.523441218246549,1.1234693541035587,0.570188728734531,0.06292909778884875,0.019180564033559215,0.08589272744883175,0.028746987047215764,0.1740858984809509,0.05018225119604039
199.4140625,12.4609375,109.5703125,14878906.25,0.240625,51660156250.0,0.33769531249999996,2556.640625,2.109375,449.21875,230.46875,1.1231321479955692,0.6478466489087392,1.1302447036573215,0.6575281507569507,1.4112620502267623,0.7162507026924307,0.07904928357861095,0.02409393903236931,0.10789537444546378,0.03611093772154313,0.21868048390321163,0.06303715045652264
199.4140625,12.4609375,109.5703125,14878906.25,0.465625,19175781250.0,0.33769531249999996,2556.640625,2.109375,449.21875,230.46875,5.855028997703577,3.3773059761447786,5.892107643989022,3.427776861662359,7.357086378644817,3.7339049027971463,0.41209384703881374,0.12560473133565841,0.5624721429474818,0.18825085531674865,1.1400088375799977,0.3286205853106784
199.4140625,12.4609375,109.5703125,14878906.25,0.465625,51660156250.0,0.2685546875,2556.640625,2.109375,449.21875,230.46875,2.938288235300825,1.6838766306473776,2.956888988375168,1.7094663908190069,3.0146165072478555,1.4074883662214772,0.20674367985679482,0.06298343598968165,0.2556487380645454,0.08556173706506859,0.5181444527768688,0.14936106434794832
199.4140625,12.4609375,109.5703125,14878906.25,0.465625,51660156250.0,0.33769531249999996,4771.484375,2.109375,449.21875,230.46875,0.34301895830955714,0.2039118929186198,0.3436488572313831,0.2048714310046717,0.3503560601861973,0.21236210692151553,0.007691286549356949,0.002316347109185115,0.009585859690621115,0.0033018914673652905,0.019182561977289476,0.005573731638525346
199.4140625,12.4609375,109.5703125,14878906.25,0.465625,51660156250.0,0.33769531249999996,2556.640625,17.109375,449.21875,230.46875,2.1744363488856875,1.2540890385392736,2.186011317697551,1.271583335209483,2.731282495419286,1.3858774047348614,0.15086200376397396,0.04595235770590139,0.20742554237316543,0.0696164462888117,0.4217811611379266,0.12161512272755058
199.4140625,12.4609375,109.5703125,14878906.25,0.465625,51660156250.0,0.33769531249999996,2556.640625,2.109375,-89.84375,230.46875,2.1677173210845697,1.2104611287391007,2.1862787235682086,1.2548715225074698,2.35518280485485,1.3268624192521925,0.08239901050013276,0.03625512791679576,1.0846638157403987,0.30515070803565203,0.3753187605659314,0.10956605005705392
199.4140625,12.4609375,109.5703125,14878906.25,0.465625,51660156250.0,0.33769531249999996,2556.640625,2.109375,449.21875,-402.34375,2.070372092300245,1.1851793004502438,2.0762690470586627,1.087884062891916,2.0911784304746117,1.1946421515254197,0.23097547619509493,0.07189417857427766,0.1470796017567734,0.054539428032135136,1.50638565598109,0.4236190907396039
240.4296875,19.4921875,185.7421875,6121093.75,0.240625,19175781250.0,0.2685546875,4771.484375,17.109375,-89.84375,-402.34375,0.8453314879045551,0.4942118447864795,0.8461764308961911,0.48532395277482193,0.6217291264954831,0.36797974715021636,0.035480833114116477,0.013408660412267355,0.11156456566173403,0.03142140246551591,0.19185596807069108,0.05390492585027339
74.4140625,57.4609375,234.5703125,5378906.25,0.8656250000000001,2160156250.0,0.2626953125,4806.640625,-27.890625,-50.78125,-269.53125,27.529808862891805,16.216224048519432,27.567340343515983,16.077928757833444,19.653012192774987,11.802582272285372,0.8576948475425344,0.32590222970088495,3.3724846353702103,0.9495884362260109,5.256424157407866,1.4751181198296983
115.4296875,57.4609375,234.5703125,5378906.25,0.8656250000000001,2160156250.0,0.2626953125,4806.640625,-27.890625,-50.78125,-269.53125,42.6855543112366,25.144250055593442,42.75172056448178,24.93435673473915,30.47523982039356,18.302155957544638,1.3343876700090047,0.5072594530692345,5.223649182854995,1.4708241578069936,8.14783464607183,2.286537838504444
74.4140625,64.4921875,234.5703125,5378906.25,0.8656250000000001,2160156250.0,0.2626953125,4806.640625,-27.890625,-50.78125,-269.53125,30.897699740186532,18.200058667584965,30.93918093131816,18.044499990385887,22.057055749393466,13.246325323635595,0.9621635150675638,0.365578216700171,3.7851460700354473,1.0657807481108863,5.899116552740524,1.6554777338016047
74.4140625,57.4609375,60.7421875,5378906.25,0.8656250000000001,2160156250.0,0.2626953125,4806.640625,-27.890625,-50.78125,-269.53125,7.097863463989992,4.181707064021939,7.107476655611167,4.146279774053372,5.066970299200639,3.043272450017414,0.21979709307045123,0.08349120922122903,0.8647542109992136,0.24348614230676088,1.3478210987090122,0.3782384063601988
74.4140625,57.4609375,234.5703125,15621093.75,0.8656250000000001,2160156250.0,0.2626953125,4806.640625,-27.890625,-50.78125,-269.53125,79.95040351685137,47.09417572260654,80.0594001697316,46.69254691545095,57.07508769710036,34.27634459467626,2.4908654287019534,0.9464655167566006,9.794165618624161,2.7577372232881756,15.265388674999315,4.283948700943329
74.4140625,57.4609375,234.5703125,5378906.25,0.640625,2160156250.0,0.2626953125,4806.640625,-27.890625,-50.78125,-269.53125,20.374046270371196,12.001176642406078,20.40182227588728,11.898828142078901,14.544648012703513,8.734763053496392,0.6347561146072914,0.24119118082556465,2.49588213086965,0.7027640051492138,3.890133401691742,1.09169391539743
74.4140625,57.4609375,234.5703125,5378906.25,0.8656250000000001,68675781250.0,0.2626953125,4806.640625,-27.890625,-50.78125,-269.53125,0.8659339230521113,0.5100717762829899,0.8671144536695489,0.5057217793687444,0.6181739231331875,0.37124327379408517,0.026978286257381363,0.010251062682702317,0.10607951785221123,0.029868744965188786,0.1653377258999232,0.04639897163220654
74.4140625,57.4609375,234.5703125,5378906.25,0.8656250000000001,2160156250.0,0.34355468749999996,4806.640625,-27.890625,-50.78125,-269.53125,19.313008115848476,11.395050226516988,19.33934072750799,11.296029762675872,20.24199622527146,12.045007049208843,0.6017657496233627,0.23166916992131156,2.657121672198593,0.7481641241897985,4.141444678630377,1.1622197723732746
74.4140625,57.4609375,234.5703125,5378906.25,0.8656250000000001,2160156250.0,0.2626953125,2521.484375,-27.890625,-50.78125,-269.53125,187.50214736115936,103.61761958297986,188.43657440455345,100.23472161647773,134.50930892677098,76.71691027892925,21.517159754223627,8.063441265799307,65.26577547736098,18.408760703224303,101.78571148327165,28.60826548951323
74.4140625,57.4609375,234.5703125,5378906.25,0.8656250000000001,2160156250.0,0.2626953125,4806.640625,-12.890625,-50.78125,-269.53125,27.52936440627505,16.215950028713934,27.56778486271477,16.0781503945204,19.6530122151395,11.802556201400716,0.8572557228831338,0.3257146652102466,3.3725672816738284,0.9496112611705676,5.256744675489214,1.4752081304332663
74.4140625,57.4609375,234.5703125,5378906.25,0.8656250000000001,2160156250.0,0.2626953125,4806.640625,-27.890625,410.15625,-269.53125,27.505876803377454,16.307855287251545,27.495701750293676,16.104886091840687,19.607794692356773,11.867352170444757,0.7305937782724582,0.21271266960830593,0.32589458575894364,0.15548831003019278,5.401968492007027,1.5156085793944207
74.4140625,57.4609375,234.5703125,5378906.25,0.8656250000000001,2160156250.0,0.2626953125,4806.640625,-27.890625,-50.78125,97.65625,27.549310229525595,16.34152583240559,27.53379895381498,16.46246345117796,19.62927593523437,12.028592079233842,0.351437831904919,0.12405317677290968,3.5599055080152224,1.0019170648175253,2.4454131455060093,0.6881531752167447
115.4296875,64.4921875,60.7421875,15621093.75,0.640625,68675781250.0,0.34355468749999996,2521.484375,-12.890625,410.15625,97.65625,3.9460094578389087,2.3171003043769822,3.944914462839131,2.335787826842967,4.9080193866935655,2.597982840047772,0.19347799981723512,0.06381681751549118,0.19508222193402278,0.08785344019523977,1.423868782537686,0.4001613521509961
66.6015625,15.2734375,133.0078125,15472656.25,0.340625,79503906250.0,0.2298828125,2697.265625,-22.265625,417.96875,-300.78125,0.6871485853490253,0.3943843246912222,0.6847090056305926,0.37544890815678955,0.44887556038419474,0.2492041679744646,0.056662729186388226,0.01676593165179298,0.025363428055160078,0.01144928177662415,0.3660621936439148,0.10280331453940686
76.3671875,15.2734375,133.0078125,15472656.25,0.340625,79503906250.0,0.2298828125,2697.265625,-22.265625,417.96875,-300.78125,0.7877070666014706,0.4521019561721701,0.7850160162214629,0.4304524951794064,0.5145444166705434,0.28568604510111806,0.06491095304132097,0.019203741491483982,0.02913359570787229,0.013132802044769704,0.4196208297101562,0.11784457567523444
66.6015625,44.8046875,133.0078125,15472656.25,0.340625,79503906250.0,0.2298828125,2697.265625,-22.265625,417.96875,-300.78125,2.0154760258582023,1.1567845462706485,2.0079719777963563,1.1011037134150357,1.3166282468315167,0.7309133805274676,0.16624193546044422,0.049197527593254145,0.07416243396001417,0.033536066354630835,1.0731429104681878,0.30137637009862134
66.6015625,15.2734375,99.8046875,15472656.25,0.340625,79503906250.0,0.2298828125,2697.265625,-22.265625,417.96875,-300.78125,0.5145996251923433,0.295378059483199,0.5127662965819838,0.2812454818863872,0.33611855994559586,0.18664242019108743,0.04232624031042104,0.012523005541626933,0.01894877269783134,0.008552371389705327,0.27348914669223623,0.07680535295493873
66.6015625,15.2734375,133.0078125,9089843.75,0.340625,79503906250.0,0.2298828125,2697.265625,-22.265625,417.96875,-300.78125,0.4036846145183494,0.23169207865601468,0.4022514153250161,0.22056793973260524,0.26370447589346663,0.14640194366992657,0.033288101695714584,0.009849614479606732,0.01490045369461183,0.006726200124767583,0.21505345231239328,0.06039467632749299
66.6015625,15.2734375,133.0078125,15472656.25,0.465625,79503906250.0,0.2298828125,2697.265625,-22.265625,417.96875,-300.78125,0.9393132038257318,0.5391125172384597,0.9359783654950301,0.5132283239941434,0.6136005366719726,0.34065523879078186,0.07745639127313622,0.022918567120340863,0.03467110807540228,0.015650853070798148,0.5003969436049844,0.14052930152634513
66.6015625,15.2734375,133.0078125,15472656.25,0.340625,59394531250.0,0.2298828125,2697.265625,-22.265625,417.96875,-300.78125,0.9197984319374358,0.5279121447182141,0.9165328767904933,0.5025657104712357,0.6008526327194683,0.3335779303376703,0.07584719020917856,0.0224424207108808,0.033950795870218535,0.015325697599449612,0.4900009093873462,0.13760972448671804
66.6015625,15.2734375,133.0078125,15472656.25,0.340625,79503906250.0,0.2919921875,2697.265625,-22.265625,417.96875,-300.78125,0.5559165314151657,0.3201995416560759,0.5539878356261426,0.3042583910636127,0.45796734327947713,0.2711137379307433,0.04585478545178499,0.013580274328618053,0.022317744448639393,0.010074432535517503,0.32210482243511895,0.09045851757001781
66.6015625,15.2734375,133.0078125,15472656.25,0.340625,79503906250.0,0.2298828125,4630.859375,-22.265625,417.96875,-300.78125,0.1406296973621972,0.08314956652259471,0.1403757591957295,0.0818365891707485,0.08394494721875768,0.051050908696676216,0.004300535126259994,0.001260211704931534,0.002025283753886674,0.0008774862397610959,0.029351309937611772,0.00823743219836518
66.6015625,15.2734375,133.0078125,15472656.25,0.340625,79503906250.0,0.2298828125,2697.265625,26.484375,417.96875,-300.78125,0.6871979056848347,0.394414587427382,0.6847017081456868,0.37545758258521617,0.4489284796218825,0.24922075636008964,0.05684838346460233,0.016836072559498365,0.024977863001449416,0.011380016392076576,0.3660329248305108,0.10279473380068302
66.6015625,15.2734375,133.0078125,15472656.25,0.340625,79503906250.0,0.2298828125,2697.265625,-22.265625,3.90625,-300.78125,0.7026096338376074,0.39424606285599095,0.7022843285037845,0.37636730940832636,0.4212667357864539,0.24595598419941975,0.0599476636593631,0.023882037957795883,0.18233113306208718,0.05142170391952724,0.342598112547104,0.09629324526032529
66.6015625,15.2734375,133.0078125,15472656.25,0.340625,79503906250.0,0.2298828125,2697.265625,-22.265625,417.96875,128.90625,0.7014195239361439,0.4073407022126198,0.7019252357521232,0.41121620453402746,0.5959045037400689,0.2791690819567158,0.033849659163726134,0.010651582664345934,0.031258720917584096,0.012848873461926733,0.17008837222225812,0.04791602338482149
76.3671875,44.8046875,99.8046875,9089843.75,0.465625,59394531250.0,0.2919921875,4630.859375,26.484375,3.90625,128.90625,0.3097737195383332,0.18434598922110934,0.3092605978545365,0.1851385005462814,0.2555542962397581,0.15631996094351552,0.0033309794541030234,0.0011423810884583923,0.03902113326259348,0.010983674335674418,0.027485737790908637,0.007756868875085109
191.6015625,60.2734375,258.0078125,5972656.25,0.7406250000000001,30003906250.0,0.3048828125,4947.265625,7.734375,-82.03125,199.21875,4.3629713839204065,2.5822678586942445,4.370225218468334,2.6053428764990905,3.833532295662578,2.322607765602292,0.04137618273076464,0.017774102129275732,0.6097197071326151,0.17158308841887596,0.2541047176393663,0.07285565198582174
201.3671875,60.2734375,258.0078125,5972656.25,0.7406250000000001,30003906250.0,0.3048828125,4947.265625,7.734375,-82.03125,199.21875,4.584291510912751,2.71328377725893,4.5925994370212395,2.737921177527465,4.028296015326212,2.440614699833046,0.04356024039268185,0.01868996260168004,0.6404583983438583,0.18023323643490377,0.26703946722935373,0.07656360127940362
191.6015625,89.8046875,258.0078125,5972656.25,0.7406250000000001,30003906250.0,0.3048828125,4947.265625,7.734375,-82.03125,199.21875,6.500026335925297,3.8471142041593445,6.509707038113598,3.880833588479172,5.71076367821046,3.459954116414337,0.06147101161487926,0.026442513088180884,0.908231427242956,0.2555883113138233,0.37830790575860795,0.10846745579831772
191.6015625,60.2734375,224.8046875,5972656.25,0.7406250000000001,30003906250.0,0.3048828125,4947.265625,7.734375,-82.03125,199.21875,3.796613674700556,2.247169017149648,3.8029137183973,2.267210713491767,3.335890512288077,2.0211145973864926,0.0359367868506125,0.015436379115993402,0.5296357794393262,0.1490462759145611,0.2207267363226724,0.06328534404918902
191.6015625,60.2734375,258.0078125,18589843.75,0.7406250000000001,30003906250.0,0.3048828125,4947.265625,7.734375,-82.03125,199.21875,13.579712763948473,8.037287599428325,13.602290264676782,8.109108403701224,11.931837930057691,7.229097682473058,0.12878303048771006,0.05532174756914531,1.897747603822182,0.5340509599643106,0.7908988562758301,0.22676262119066423
191.6015625,60.2734375,258.0078125,5972656.25,0.8656250000000001,30003906250.0,0.3048828125,4947.265625,7.734375,-82.03125,199.21875,5.099337862219209,3.018093657629982,5.107815972640204,3.0450631932077976,4.480541965816599,2.7146090762524677,0.048359504710640475,0.020773950589912982,0.7126259868174447,0.20054225946003643,0.29699158981478674,0.08515196455726842
191.6015625,60.2734375,258.0078125,5972656.25,0.7406250000000001,9894531250.0,0.3048828125,4947.265625,7.734375,-82.03125,199.21875,13.230155230909057,7.830398508736871,13.252151560621899,7.90037056233301,11.624698603625841,7.043012336198658,0.12546800614094084,0.05389770171929209,1.8488973827420518,0.5203038697770969,0.770540203785224,0.2209254887102632
191.6015625,60.2734375,258.0078125,5972656.25,0.7406250000000001,30003906250.0,0.21699218750000002,4947.265625,7.734375,-82.03125,199.21875,5.90161382374553,3.487308775003931,5.911424721302789,3.5181222519944813,3.284430145445828,2.0168005734162526,0.055966809749879165,0.023819193385696887,0.7322195848070499,0.20605615382324277,0.3051573512727889,0.08749321142789038
191.6015625,60.2734375,258.0078125,5972656.25,0.7406250000000001,30003906250.0,0.3048828125,2380.859375,7.734375,-82.03125,199.21875,38.42836805127883,21.242946333909074,38.70614009778804,22.15930329188125,38.997315383868575,20.60222894702589,2.017022394934589,0.7730090257313356,21.02876300283333,5.9151105097734336,8.901913645157236,2.5545154483774732
191.6015625,60.2734375,258.0078125,5972656.25,0.7406250000000001,30003906250.0,0.3048828125,4947.265625,-3.515625,-82.03125,199.21875,4.362889754965636,2.5822142206114735,4.370311299883981,2.6053861926407307,3.8335342561184707,2.3226071678367717,0.04027727898550092,0.017579113910699235,0.6095433700864578,0.17153460659007333,0.253734084400507,0.0727561834308897
191.6015625,60.2734375,258.0078125,5972656.25,0.7406250000000001,30003906250.0,0.3048828125,4947.265625,7.734375,-496.09375,199.21875,4.18417463620969,2.397651652318475,4.3100336993287005,2.541949173538378,3.7284993763098973,2.2056554858013246,0.1205831586615268,0.046701051296324805,1.0780353269418224,0.3040025328564232,0.2348547416289735,0.06745323665046313
191.6015625,60.2734375,258.0078125,5972656.25,0.7406250000000001,30003906250.0,0.3048828125,4947.265625,7.734375,-82.03125,-371.09375,4.346736866359931,2.553181585241116,4.3520806091325595,2.5159192118516094,3.8184225555247058,2.2619102361807664,0.16230323419279116,0.061682422409527336,0.5637123930113618,0.15874275051346926,0.9467403552307913,0.2659074737993814
201.3671875,89.8046875,224.8046875,18589843.75,0.8656250000000001,9894531250.0,0.21699218750000002,2380.859375,-3.515625,-496.09375,-371.09375,611.1369280566851,306.62624324864004,715.5046733687182,354.47374988282604,369.4511949464578,187.49018031198065,156.32601160518627,67.25258142321739,363.8055646817918,103.50470697844258,322.0715086635867,90.8856211639912
254.1015625,37.7734375,70.5078125,10722656.25,0.940625,5253906250.0,0.2673828125,3822.265625,22.734375,-332.03125,449.21875,30.84290633327947,17.25662300351813,31.307953444735887,17.855622929363232,22.720806668557373,13.33785264942854,1.6860842028995378,0.739746677493442,9.815119418534747,2.7645375730909443,0.8799173959296976,0.3843158678499543
263.8671875,37.7734375,70.5078125,10722656.25,0.940625,5253906250.0,0.2673828125,3822.265625,22.734375,-332.03125,449.21875,32.01471240991631,17.91340623860486,32.504601351523085,18.538686652417702,23.58663753435254,13.846683052020897,1.7526130717502286,0.769221161000902,10.181981020842493,2.8678608549148192,0.9131822277028944,0.39833974065991495
254.1015625,22.3046875,70.5078125,10722656.25,0.940625,5253906250.0,0.2673828125,3822.265625,22.734375,-332.03125,449.21875,18.213035804058176,10.190187427425105,18.488445247692603,10.544333675639844,13.41714969065784,7.876313906365058,0.9960744015008874,0.43704278964041804,5.796219306414042,1.632568764859884,0.5196640342169558,0.2269178759477513
254.1015625,37.7734375,162.3046875,10722656.25,0.940625,5253906250.0,0.2673828125,3822.265625,22.734375,-332.03125,449.21875,71.19034328801153,39.81887950742395,72.26827685482621,41.20729667446511,52.445249540142996,30.782843664526897,3.906876799772422,1.7139945940773516,22.737434628952922,6.404240560306899,2.0382977182593467,0.8902246344731765
254.1015625,37.7734375,70.5078125,13839843.75,0.940625,5253906250.0,0.2673828125,3822.265625,22.734375,-332.03125,449.21875,39.80925943126017,22.273302477764933,40.40950056637496,23.046437901178116,29.32598106619263,17.21530489505476,2.176246386474702,0.9547987170707706,12.66847653911425,3.568217348437601,1.1357185186808452,0.4960404807986843
254.1015625,37.7734375,70.5078125,10722656.25,0.265625,5253906250.0,0.2673828125,3822.265625,22.734375,-332.03125,449.21875,8.709790825012476,4.873132741857279,8.841116421270932,5.042285544836793,6.416174640622513,3.766503239871846,0.47613673503807535,0.20889856341176935,2.7717114637058264,0.7806833678163795,0.2484816566578881,0.10852773676825954
254.1015625,37.7734375,70.5078125,10722656.25,0.940625,34644531250.0,0.2673828125,3822.265625,22.734375,-332.03125,449.21875,4.677382908812818,2.616998301920384,4.747908150092432,2.707837731423334,3.4456517047254103,2.0227096418402732,0.2556977396436891,0.11218393068312996,1.4884807326563578,0.41924715704220544,0.1334410753777701,0.05828220117918464
254.1015625,37.7734375,70.5078125,10722656.25,0.940625,5253906250.0,0.3294921875,3822.265625,22.734375,-332.03125,449.21875,23.717760177702,13.291711281621179,24.075424693809413,13.761442923625388,23.51123469529316,13.635770634669772,1.2966026327988407,0.5690795770132081,8.246113484268673,2.322609597208124,0.7392573023529916,0.32288066247175934
254.1015625,37.7734375,70.5078125,10722656.25,0.940625,5253906250.0,0.2673828125,1255.859375,22.734375,-332.03125,449.21875,613.7769805434757,235.9322350861243,695.668127790577,319.51985315564036,483.1215776305269,187.15126050121856,206.4233803783261,87.95439422089531,1007.8562647029671,283.4110095857538,75.6208504868879,33.680744869198094
254.1015625,37.7734375,70.5078125,10722656.25,0.940625,5253906250.0,0.2673828125,3822.265625,11.484375,-332.03125,449.21875,30.828165981160666,17.248199242919753,31.32078709890068,17.86132515372796,22.720105160081292,13.337156239985667,1.669302600044007,0.730885520637435,9.806721812829453,2.762207219666549,0.8814204371938709,0.387876885294822
254.1015625,37.7734375,70.5078125,10722656.25,0.940625,5253906250.0,0.2673828125,3822.265625,22.734375,253.90625,449.21875,31.368828217181782,18.816380957345903,31.40242100051764,18.38424242143747,25.01611490117504,14.279758439084606,0.7485986753331467,0.2561320353657196,1.8298778130893854,0.5361719295924494,0.976390105764801,0.4207330895834039
254.1015625,37.7734375,70.5078125,10722656.25,0.940625,5253906250.0,0.2673828125,3822.265625,22.734375,-332.03125,-121.09375,30.564507788574865,17.413053887503754,31.442671750503568,18.298829133290326,22.63841884490063,13.466272590345351,1.7327701698007696,0.6664985709903503,9.251262434670695,2.60986404149991,6.7543635629942,1.8945513226630712
263.8671875,22.3046875,162.3046875,13839843.75,0.265625,34644531250.0,0.3294921875,1255.859375,11.484375,253.90625,-121.09375,50.49687052282859,27.9909604015849,52.36595345455828,24.37042376214232,50.813246940067124,26.107193958180705,11.735082474013321,4.076509018602224,18.94866193637438,5.625724113566802,83.8031725934545,23.512272851559274
129.1015625,82.7734375,195.5078125,1222656.25,0.540625,54753906250.0,0.34238281249999997,1572.265625,-7.265625,167.96875,-50.78125,6.385519878491957,3.670211424678348,6.423859922483687,3.3934350496483154,7.803743548554842,4.015000381447533,1.362421868323413,0.42089627457493123,3.4582935154035708,0.9812739073016422,7.588902338036765,2.127634115392965
138.8671875,82.7734375,195.5078125,1222656.25,0.540625,54753906250.0,0.34238281249999997,1572.265625,-7.265625,167.96875,-50.78125,6.857781049314629,3.941923984317509,6.906013159697476,3.648552516726614,8.382349651946436,4.314090352753673,1.458609011408539,0.4508399647630532,3.699822126166641,1.049871173503566,8.152105406925966,2.285537659018208
129.1015625,67.3046875,195.5078125,1222656.25,0.540625,54753906250.0,0.34238281249999997,1572.265625,-7.265625,167.96875,-50.78125,5.194706173805306,2.9856388602529966,5.230695941180365,2.761953489588714,6.343667921440131,3.2663115738354755,1.1114235418479834,0.34330432222622764,2.810005142308245,0.7973663106255079,6.188678540757505,1.7350685474952918
129.1015625,82.7734375,287.3046875,1222656.25,0.540625,54753906250.0,0.34238281249999997,1572.265625,-7.265625,167.96875,-50.78125,9.715585450771679,5.574273792843252,9.777023288072684,5.1160127431614155,11.685445344984208,6.063323243422908,2.279256668783896,0.6975006215979425,5.46699304592143,1.5511869818264883,12.013929113429661,3.368260745919239
129.1015625,82.7734375,195.5078125,4339843.75,0.540625,54753906250.0,0.34238281249999997,1572.265625,-7.265625,167.96875,-50.78125,22.665535415350043,13.027491670343913,22.801624197697688,12.045068179422614,27.699549784167512,14.251327232550189,4.835944714719847,1.4939800672611774,12.27528465052194,3.4830521118598226,26.936966445874916,7.552081476682378
129.1015625,82.7734375,195.5078125,1222656.25,0.665625,54753906250.0,0.34238281249999997,1572.265625,-7.265625,167.96875,-50.78125,7.861940659646167,4.518815222291838,7.909145453693791,4.178044309682607,9.608077317006833,4.943324169065459,1.6774327049299824,0.5182133322801175,4.257898952491102,1.208158047718207,9.343561838160873,2.619572639183246
129.1015625,82.7734375,195.5078125,1222656.25,0.540625,84144531250.0,0.34238281249999997,1572.265625,-7.265625,167.96875,-50.78125,4.155138207920791,2.388252798835542,4.180086557423232,2.2081509257193463,5.077994211972204,2.6126113154797856,0.886545068858887,0.27388250688068383,2.2503551462518843,0.6385272902208402,4.9381943304517595,1.3844783155593146
129.1015625,82.7734375,195.5078125,1222656.25,0.540625,54753906250.0,0.2544921875,1572.265625,-7.265625,167.96875,-50.78125,9.291195191687027,5.259026797261442,9.346944678506885,4.9126614012725565,9.19699780929721,4.125527206826302,1.775380262212075,0.560601257486484,4.440543490114881,1.2599825438990848,9.744358228759024,2.731940414650442
129.1015625,82.7734375,195.5078125,1222656.25,0.540625,54753906250.0,0.34238281249999997,3505.859375,-7.265625,167.96875,-50.78125,0.5855132582678128,0.3456170947942389,0.5862111407449585,0.3432907684006699,0.6104298859513314,0.369105019673459,0.011458981913060783,0.004926385540105563,0.07251507171611161,0.020592008653623706,0.1570689657018139,0.0440362668023515
129.1015625,82.7734375,195.5078125,1222656.25,0.540625,54753906250.0,0.34238281249999997,1572.265625,-18.515625,167.96875,-50.78125,6.387659230270678,3.672878198371329,6.421667452530116,3.393456443608949,7.824960320214331,4.0183456178262675,1.3651715614395477,0.42175255404101397,3.450608868123558,0.9791828660364845,7.5847502731609815,2.126457905519164
129.1015625,82.7734375,195.5078125,1222656.25,0.540625,54753906250.0,0.34238281249999997,1572.265625,-7.265625,-246.09375,-50.78125,5.430674441337419,2.553242903558991,5.6961111511407685,3.073289430252768,5.695511214727614,2.9660672979788596,2.2649237098547013,0.6903247870280687,5.947800241872381,1.6848198115144313,4.2605435462665735,1.2013241188238912
129.1015625,82.7734375,195.5078125,1222656.25,0.540625,54753906250.0,0.34238281249999997,1572.265625,-7.265625,167.96875,378.90625,7.6945482917144385,3.717162571597891,8.724310964045968,3.673985361363814,13.801219743155917,4.8881045189611125,0.38378804661885013,0.15819385378033443,5.214017578569813,1.4663327073498262,0.7148685806037162,0.27141521326901386
138.8671875,67.3046875,287.3046875,4339843.75,0.665625,84144531250.0,0.2544921875,3505.859375,-18.515625,-246.09375,378.90625,3.0403717060954545,1.699061632511315,3.070470588115377,1.7497617608690361,2.145922922367626,1.2426235103387442,0.14207330103401486,0.05892068346316715,1.0076692024485412,0.28372673424657957,0.09269997614974732,0.031113334828453167
160.3515625,49.0234375,289.2578125,3597656.25,0.44062500000000004,91878906250.0,0.2486328125,3259.765625,15.234375,-207.03125,324.21875,1.6466405633816235,0.9178130796362383,1.6644820728324266,0.9486811874517828,1.1750020088388453,0.6590969326101442,0.07271457513499614,0.029347052834371917,0.5823766034913929,0.16395250664637365,0.06450587442937819,0.024769009848984606
170.1171875,49.0234375,289.2578125,3597656.25,0.44062500000000004,91878906250.0,0.2486328125,3259.765625,15.234375,-207.03125,324.21875,1.746191717654472,0.9733581889977532,1.7655564941031983,1.006312037348587,1.2461779446248873,0.6990512805363321,0.07719839988582257,0.03115989530454227,0.6172483465800649,0.17376950073998235,0.0685311940439373,0.026290709353440554
160.3515625,11.0546875,289.2578125,3597656.25,0.44062500000000004,91878906250.0,0.2486328125,3259.765625,15.234375,-207.03125,324.21875,0.37135908400747114,0.2069887111014752,0.37545198114456996,0.2139879349770055,0.26504183963822847,0.1486587797960135,0.016421929162010532,0.0066282047211662564,0.13136554514521476,0.036982389120383444,0.014575023959631518,0.005592869017340226
160.3515625,49.0234375,193.5546875,3597656.25,0.44062500000000004,91878906250.0,0.2486328125,3259.765625,15.234375,-207.03125,324.21875,1.0927472771900704,0.6096420438895181,1.1044381319413177,0.6298552199548885,0.7781093829610809,0.4374052814257446,0.04769435378039327,0.019251356987055112,0.38217997078037863,0.10759379309494885,0.04231765573891069,0.016253531799671907
160.3515625,49.0234375,289.2578125,1964843.75,0.44062500000000004,91878906250.0,0.2486328125,3259.765625,15.234375,-207.03125,324.21875,0.8993053239749799,0.5012594778035048,0.9090493839681981,0.518117955796142,0.641722052601454,0.3599628198728584,0.03971273756015533,0.016027760668500625,0.31806235782428943,0.0895419227395504,0.035229592657955736,0.013527483120563797
160.3515625,49.0234375,289.2578125,3597656.25,0.765625,91878906250.0,0.2486328125,3259.765625,15.234375,-207.03125,324.21875,2.86118395764892,1.594781592275733,2.8921851620137913,1.6484176661396224,2.041670157202249,1.1452393509892576,0.12634802062463876,0.05099310598880226,1.01193097769781,0.28488201509476263,0.1120846754269338,0.04303835044681722
160.3515625,49.0234375,289.2578125,3597656.25,0.44062500000000004,96519531250.0,0.2486328125,3259.765625,15.234375,-207.03125,324.21875,1.5674706662066116,0.8736849506707662,1.5844543621794291,0.9030689307561367,1.1185083269213034,0.6274077846907282,0.06921848402404977,0.027936056890900562,0.5543761419208001,0.15606972798694219,0.061404454751443016,0.02357812459662337
160.3515625,49.0234375,289.2578125,3597656.25,0.44062500000000004,91878906250.0,0.2732421875,3259.765625,15.234375,-207.03125,324.21875,1.5147759512139258,0.8449894777758123,1.531189883362068,0.8736603330241786,1.1815179462850944,0.6823396159934777,0.06689225249607615,0.027005872949955843,0.5538553879904715,0.155923123690493,0.06134677439918122,0.023555976455451686
160.3515625,49.0234375,289.2578125,3597656.25,0.44062500000000004,91878906250.0,0.2486328125,693.359375,15.234375,-207.03125,324.21875,143.081045948067,56.30564082781089,168.0320486596546,55.79985211554789,101.79261340454917,37.10183168096,55.24842384803204,22.167439383172354,66.62732871606187,23.30423612160026,21.30248146012095,7.9899922273111175
160.3515625,49.0234375,289.2578125,3597656.25,0.44062500000000004,91878906250.0,0.2486328125,3259.765625,18.984375,-207.03125,324.21875,1.6467727412381172,0.9178858714967183,1.664352713528004,0.9486190787977358,1.174933034639421,0.6590936034021313,0.07287499683855883,0.029416420450375375,0.582489731788892,0.16398394729042431,0.06466433513523565,0.024796662749924193
160.3515625,49.0234375,289.2578125,3597656.25,0.44062500000000004,91878906250.0,0.2486328125,3259.765625,15.234375,128.90625,324.21875,1.6595325089659314,0.9843963926665935,1.668775451914299,0.971810657536551,1.3221242416745131,0.700489509941956,0.02160291199915335,0.009001954866498654,0.268931251892247,0.07593992785443664,0.07067461110069694,0.026439319422849883
160.3515625,49.0234375,289.2578125,3597656.25,0.44062500000000004,91878906250.0,0.2486328125,3259.765625,15.234375,-207.03125,3.90625,1.6350367327112523,0.9246121276051186,1.6513271953987476,0.9663599361036563,1.1062056287324515,0.6612678012836821,0.08683192777393971,0.030813003534677728,0.5541747004610208,0.15618919555825564,0.36978143780549094,0.10378950453807509
170.1171875,11.0546875,193.5546875,1964843.75,0.765625,96519531250.0,0.2732421875,693.359375,18.984375,128.90625,3.90625,20.92295281223076,9.06564942580923,22.275196549695355,10.293721739306058,18.502181423494957,8.422738771562967,23.531790302877035,6.784327287337131,9.428208751819966,2.991626529775167,16.139005805923162,5.018775874773305
285.3515625,94.0234375,164.2578125,13097656.25,0.840625,42378906250.0,0.3236328125,1009.765625,-14.765625,292.96875,-175.78125,1037.60484226198,543.7915648448437,1079.3196461188065,514.7889818344382,1020.5985329519748,450.61484760315955,211.1887244044163,84.8498375371067,138.96106054744533,62.3598769947516,1725.2920806768866,486.04357734595044
295.1171875,94.0234375,164.2578125,13097656.25,0.840625,42378906250.0,0.3236328125,1009.765625,-14.765625,292.96875,-175.78125,1065.4199080306237,558.6610111395357,1113.0696614695553,530.4169199753568,1050.2183306544166,464.2616462449927,216.22515413571006,86.05604619670993,141.36489495306432,62.50459237870188,1775.2213124933562,500.1187294708615
285.3515625,56.0546875,164.2578125,13097656.25,0.840625,42378906250.0,0.3236328125,1009.765625,-14.765625,292.96875,-175.78125,620.2102101759709,324.2030518739021,647.9524357254987,309.3321240758458,611.4302347042554,269.72294728701416,126.75054604543756,50.50996597561233,83.41119814794412,36.68825431848642,1021.7531132782298,287.9407396694867
285.3515625,94.0234375,68.5546875,13097656.25,0.840625,42378906250.0,0.3236328125,1009.765625,-14.765625,292.96875,-175.78125,418.76316697814605,221.53618830143176,434.77097405266846,205.5575561217222,411.36487261066395,183.07763351915008,83.11152484649018,33.72524297171057,53.838567820690976,25.14291336367397,719.7916439850637,202.58029480459456
285.3515625,94.0234375,164.2578125,11464843.75,0.840625,42378906250.0,0.3236328125,1009.765625,-14.765625,292.96875,-175.78125,908.2523746015241,476.000072418615,944.7668241451527,450.6130813254031,893.3661479910664,394.43918213995624,184.86099198537482,74.27207669889891,121.6375522537286,54.58581538311839,1510.2094413321388,425.451207727517
285.3515625,94.0234375,164.2578125,13097656.25,0.36562500000000003,42378906250.0,0.3236328125,1009.765625,-14.765625,292.96875,-175.78125,451.30024737788716,236.51900775779447,469.4438609513025,223.90450139267398,443.90345113524563,195.99233148538912,91.8553187929989,36.90494792506128,60.44031258011563,27.123069176155905,750.4058492163409,211.40185334377773
285.3515625,94.0234375,164.2578125,13097656.25,0.840625,47019531250.0,0.3236328125,1009.765625,-14.765625,292.96875,-175.78125,935.1977181773048,490.12168206377913,972.7954507554151,463.9815289459019,919.8698582699986,406.141105063278,190.34530788930064,76.47552441971176,125.24620303059187,56.20522601279888,1555.0131912655595,438.0731719387071
285.3515625,94.0234375,164.2578125,13097656.25,0.840625,42378906250.0,0.34824218749999997,1009.765625,-14.765625,292.96875,-175.78125,909.653765197793,480.09673113081885,946.2397435011867,454.9797580765719,997.8626531668073,440.4935425724069,185.26534663479208,75.04257723785386,126.39301133421644,56.71986532591905,1569.2515633426242,442.0843590167837
285.3515625,94.0234375,164.2578125,13097656.25,0.840625,42378906250.0,0.3236328125,2943.359375,-14.765625,292.96875,-175.78125,48.52844145535929,28.29625637990374,48.77372759425886,27.724218865250666,46.60440055293852,27.931106570253444,1.8455494325676247,0.6615745601970782,2.823866199703691,0.916563151036844,21.64803707869246,6.072392777713001
285.3515625,94.0234375,164.2578125,13097656.25,0.840625,42378906250.0,0.3236328125,1009.765625,-11.015625,292.96875,-175.78125,1036.1142696891059,541.0937948442479,1081.7165668095745,515.1700356878617,1021.049451136541,450.59661662192985,211.80648326031337,86.40433152307156,138.5675447637103,64.67366252786329,1709.1096612796596,481.6032691383842
285.3515625,94.0234375,164.2578125,13097656.25,0.840625,42378906250.0,0.3236328125,1009.765625,-14.765625,-371.09375,-175.78125,566.9403801820412,227.41148182425732,887.2255114755942,368.2422820750321,675.0262177417069,280.0730640153196,477.96512139611633,165.1804022129053,498.23037270618926,155.30936871339148,408.720298098399,121.12970557562589
285.3515625,94.0234375,164.2578125,13097656.25,0.840625,42378906250.0,0.3236328125,1009.765625,-14.765625,292.96875,-496.09375,833.2377206261929,397.0038177062857,773.5773106652786,293.38393095930473,751.7837829738592,299.9303971110867,208.47995388946975,83.75716418431428,114.91854398633056,36.76440258163184,648.2251951504421,194.23307708937523
295.1171875,56.0546875,68.5546875,11464843.75,0.36562500000000003,47019531250.0,0.34824218749999997,2943.359375,-11.015625,-371.09375,-496.09375,3.3535471761921034,1.7930418479543762,3.510673638504149,1.7984799166611005,3.6729219396176123,1.9444584739384263,0.5667319047564406,0.24880745315509764,1.4944570626101081,0.4232190683431472,1.8172332462927794,0.5124088301183476
222.8515625,26.5234375,226.7578125,8347656.25,0.640625,17628906250.0,0.21113281250000002,2134.765625,-29.765625,42.96875,-425.78125,66.5530546498837,35.62296175318492,65.26384340950541,30.886720973775038,35.56394292003408,18.82890367695648,9.203271152337633,3.7088921369845487,17.82446665403868,5.0410632155478154,45.86503867428606,12.933656559273999
232.6171875,26.5234375,226.7578125,8347656.25,0.640625,17628906250.0,0.21113281250000002,2134.765625,-29.765625,42.96875,-425.78125,69.38712225394198,37.14957093093115,68.0774797743963,32.22692341731558,37.087250175891505,19.64353073761997,9.600033629568495,3.8666633892281426,18.525354151495883,5.239446962060518,47.82852422379766,13.487202784531101
222.8515625,33.5546875,226.7578125,8347656.25,0.640625,17628906250.0,0.21113281250000002,2134.765625,-29.765625,42.96875,-425.78125,84.19034062743427,45.063533632455076,82.55603722569136,39.07151664356507,44.98780071941085,23.81878458634996,11.639681314117118,4.690794533496806,22.553068902942062,6.378364018161489,58.01375002045358,16.359506355675943
222.8515625,26.5234375,256.0546875,8347656.25,0.640625,17628906250.0,0.21113281250000002,2134.765625,-29.765625,42.96875,-425.78125,75.59192754618536,40.427471042433275,74.11468201273448,35.01565375134248,40.39331109351261,21.344694577034076,10.510888429309693,4.241644143290134,20.29477506461058,5.740002912078931,52.241243288843194,14.73248044178595
222.8515625,26.5234375,226.7578125,16214843.75,0.640625,17628906250.0,0.21113281250000002,2134.765625,-29.765625,42.96875,-425.78125,129.27549361332117,69.1955611780396,126.77127468079408,59.99568496122611,69.08092047780136,36.57406605664312,17.87682665107792,7.204310369968583,34.623004717320796,9.791976325568076,89.09020848711346,25.12288646586166
222.8515625,26.5234375,226.7578125,8347656.25,0.965625,17628906250.0,0.21113281250000002,2134.765625,-29.765625,42.96875,-425.78125,100.3165555454345,53.6950984474836,98.37330543188864,46.55608185803165,53.60613835263675,28.38112798136367,13.872247736938192,5.5904764406254905,26.867122907794894,7.5984806517281696,69.13315585538729,19.49512135032032
222.8515625,26.5234375,226.7578125,8347656.25,0.640625,22269531250.0,0.21113281250000002,2134.765625,-29.765625,42.96875,-425.78125,52.684430035945496,28.1996888953032,51.663870427486046,24.450407253928567,28.152968671831932,14.90525211263017,7.285452150587573,2.936016525909712,14.110124190436164,3.9905838084138376,36.30747580021979,10.238483082266892
222.8515625,26.5234375,226.7578125,8347656.25,0.640625,17628906250.0,0.2357421875,2134.765625,-29.765625,42.96875,-425.78125,62.12631200356319,33.28977134292675,60.922665674441326,28.832464376113318,38.21429775831233,20.064817842288388,8.67388574406424,3.49601536075403,17.173004142624908,4.856818504817451,44.18872746336574,12.46094719032585
222.8515625,26.5234375,226.7578125,8347656.25,0.640625,17628906250.0,0.21113281250000002,4068.359375,-29.765625,42.96875,-425.78125,9.894248676284828,5.752246459430984,9.841399893142446,5.522111896743727,5.293860086159762,3.153810554555146,0.4676838814033311,0.16886327803514276,1.122240671284599,0.31636532030459796,2.8118702901096033,0.790455667848088
222.8515625,26.5234375,226.7578125,8347656.25,0.640625,17628906250.0,0.21113281250000002,2134.765625,3.984375,42.96875,-425.78125,66.37588087089588,35.47625132319323,65.41345670676036,30.88811804230436,35.55626530030797,18.734668943451187,9.057270683458873,3.655514359022455,18.099391154926604,5.117239575237437,45.88512497694652,12.940728695657256
222.8515625,26.5234375,226.7578125,8347656.25,0.640625,17628906250.0,0.21113281250000002,2134.765625,-29.765625,378.90625,-425.78125,63.812267191051,35.459504041172735,63.148086289542874,30.56958526402651,33.26091707262714,18.991455765651924,8.276332104977534,2.590164088382045,2.7796376533097873,1.1242936552883716,49.75588630603727,14.010357168668742
222.8515625,26.5234375,226.7578125,8347656.25,0.640625,17628906250.0,0.21113281250000002,2134.765625,-29.765625,42.96875,-246.09375,67.37384437245954,37.18473815648257,67.73696714433179,35.11004525508896,38.89016251942316,21.39109815997783,8.724580636369916,3.2122906447657793,22.057661705260728,6.227330828006361,43.987224448338566,12.361183525684506
232.6171875,33.5546875,256.0546875,16214843.75,0.965625,22269531250.0,0.2357421875,4068.359375,3.984375,378.90625,-246.09375,31.97871168750164,18.81842016458141,32.045970504647165,18.563461985898382,19.767876658117522,12.051602501485384,1.041086352235305,0.30534283203610296,0.46044558257220625,0.18275494421199276,7.938515220109366,2.2273099625884307
97.8515625,71.5234375,101.7578125,17847656.25,0.240625,67128906250.0,0.2861328125,4384.765625,0.234375,-457.03125,74.21875,0.6660617893770746,0.3783397128011267,0.6839128574127438,0.4041283589830198,0.5416966001627416,0.3212859085278106,0.021342501709536825,0.008782922809828602,0.19556255407946807,0.05516605189536762,0.07397176226786878,0.020802057205514354
107.6171875,71.5234375,101.7578125,17847656.25,0.240625,67128906250.0,0.2861328125,4384.765625,0.234375,-457.03125,74.21875,0.7324315062788125,0.4160461664664062,0.7521314895524943,0.4444410305628991,0.5957020111133219,0.35332065877631563,0.02346642860062933,0.009657092736559975,0.21500953517213664,0.06065181243519555,0.0813476276532478,0.02287626035931157
97.8515625,78.5546875,101.7578125,17847656.25,0.240625,67128906250.0,0.2861328125,4384.765625,0.234375,-457.03125,74.21875,0.7315213223867895,0.4155228667386293,0.7510867415372923,0.4438224985972405,0.5949175986324943,0.3528515127115795,0.023437362840960117,0.009645036326293467,0.21477453834818716,0.06058553714307955,0.08122819766106541,0.022842681684994166
97.8515625,71.5234375,131.0546875,17847656.25,0.240625,67128906250.0,0.2861328125,4384.765625,0.234375,-457.03125,74.21875,0.8583814470606331,0.4875512568967473,0.8814110380347487,0.5208187825636353,0.6981173192466215,0.4140489345793613,0.027535893990717392,0.011330912917400177,0.25224533329456755,0.07115575643439362,0.09541216365491108,0.026831503308636942
97.8515625,71.5234375,101.7578125,6714843.75,0.240625,67128906250.0,0.2861328125,4384.765625,0.234375,-457.03125,74.21875,0.25059317486084287,0.14234317494093607,0.25730930223079584,0.15204566624902843,0.20380312008749235,0.12087775810008895,0.008029713381198027,0.0033044089100668344,0.07357671929582088,0.02075518564415341,0.02783047917234984,0.007826381338647225
97.8515625,71.5234375,101.7578125,17847656.25,0.565625,67128906250.0,0.2861328125,4384.765625,0.234375,-457.03125,74.21875,1.565677712691565,0.8893440002208303,1.607639314178008,0.9499640646224232,1.2733387614215095,0.7552305122536846,0.0501687377847554,0.020645571799726974,0.45969899075823023,0.12967604406573427,0.17388167494135393,0.048898342262312953
97.8515625,71.5234375,101.7578125,17847656.25,0.240625,71769531250.0,0.2861328125,4384.765625,0.234375,-457.03125,74.21875,0.622994168096937,0.3538762294936789,0.6396909843051218,0.3779973792588687,0.5066704443366197,0.30051152985633406,0.019962493434844075,0.008215018150922796,0.1829174599605758,0.05159900951515226,0.06918874079210388,0.01945699412598727
97.8515625,71.5234375,101.7578125,17847656.25,0.240625,67128906250.0,0.3107421875,4384.765625,0.234375,-457.03125,74.21875,0.6007127746645211,0.34137991248213495,0.6168131192765641,0.3646908603509446,0.5494169565222281,0.3248223967523065,0.019447249378769387,0.007959074538924636,0.18266802823467895,0.051528647560636236,0.06909439295329112,0.019430461986154064
97.8515625,71.5234375,101.7578125,17847656.25,0.240625,67128906250.0,0.2861328125,1818.359375,0.234375,-457.03125,74.21875,7.193909290628698,3.179658988852844,8.40074703740445,4.550447901162504,6.281800566924732,3.144717265423115,1.7552007561417484,0.6239963616491951,7.938643736576231,2.2504072003721087,3.010390793320499,0.853088606197841
97.8515625,71.5234375,101.7578125,17847656.25,0.240625,67128906250.0,0.2861328125,4384.765625,-26.015625,-457.03125,74.21875,0.6660914302961184,0.3783528310348277,0.683886373945267,0.4041111171089012,0.5416978725637802,0.3212846258684923,0.02138097416274966,0.008786375025505746,0.1955692952520802,0.055168030623136924,0.07392268979881751,0.020788440682888227
97.8515625,71.5234375,101.7578125,17847656.25,0.240625,67128906250.0,0.2861328125,4384.765625,0.234375,-121.09375,74.21875,0.6952689930356575,0.40816603796483025,0.6953475148925665,0.41440969695880897,0.5573587000662058,0.3390316401525983,0.013488771731994028,0.004863297434478407,0.12606361141873812,0.035491668070853945,0.08026319221931642,0.022560561063745585
97.8515625,71.5234375,101.7578125,17847656.25,0.240625,67128906250.0,0.2861328125,4384.765625,0.234375,-457.03125,253.90625,0.6674686194375559,0.3774854080120622,0.6883527844680221,0.4016737704261079,0.5440467795913546,0.3203001841871003,0.025051575726007393,0.00965597982944019,0.19844526517479172,0.05595613940830189,0.03195434685203186,0.00958401921218536
107.6171875,78.5546875,131.0546875,6714843.75,0.565625,71769531250.0,0.3107421875,1818.359375,-26.015625,-121.09375,253.90625,10.840622156603345,5.489814426686843,10.965620655118666,6.018052911985995,11.972476802128552,5.770976493447508,0.9777574665394794,0.42298270387401565,10.368372732876123,2.9129401117265727,2.7989810708338974,0.8306448209273974
82.2265625,43.3984375,211.1328125,14285156.25,0.7906250000000001,60941406250.0,0.2392578125,2978.515625,18.984375,230.46875,11.71875,8.07346263751102,4.73046747485781,8.062786637132502,4.700856317627394,6.137702845350005,3.2414222483931403,0.14606691409879102,0.07224188836131779,0.8392799566626816,0.24297519843672358,2.2485007709836453,0.6306992380723253
60.7421875,43.3984375,211.1328125,14285156.25,0.7906250000000001,60941406250.0,0.2392578125,2978.515625,18.984375,230.46875,11.71875,5.966871365443547,3.496140652424596,5.957361648105966,3.4733192129271386,4.53657272160496,2.395444685828286,0.10742588233340784,0.053550717071074984,0.6203054261824497,0.17958886267388918,1.6617327184317485,0.46611216668741884
82.2265625,61.6796875,211.1328125,14285156.25,0.7906250000000001,60941406250.0,0.2392578125,2978.515625,18.984375,230.46875,11.71875,11.47285389218937,6.722301643614252,11.455747882636878,6.679142963173944,8.720787698858464,4.605810758436666,0.20680686800725664,0.10277605350681049,1.1919319334422347,0.3450790951296431,3.193144036006844,0.8956695759346691
82.2265625,43.3984375,240.4296875,14285156.25,0.7906250000000001,60941406250.0,0.2392578125,2978.515625,18.984375,230.46875,11.71875,9.220748427664095,5.402392968156217,9.20850164396354,5.36833036482641,7.019017130055912,3.703109174148465,0.1675187542234565,0.08290725339327017,0.9626240220777531,0.27868215492367143,2.578951831611083,0.7233895169774428
82.2265625,43.3984375,211.1328125,15027343.75,0.7906250000000001,60941406250.0,0.2392578125,2978.515625,18.984375,230.46875,11.71875,8.49292063617853,4.976239643362866,8.481689962550925,4.945090033883671,6.456588144944345,3.409830842102382,0.1536558431878727,0.07599522683237342,0.8828848764783528,0.25559901241073985,2.365321975929473,0.6634673144282841
82.2265625,43.3984375,211.1328125,14285156.25,0.715625,60941406250.0,0.2392578125,2978.515625,18.984375,230.46875,11.71875,7.307600569130525,4.281727477242839,7.297937311870918,4.2549252835441616,5.555470164368185,2.933935552893395,0.1322107641447557,0.06538890290411765,0.759664466702585,0.21992616775497897,2.0352042551591087,0.5708700613381914
82.2265625,43.3984375,211.1328125,14285156.25,0.7906250000000001,28457031250.0,0.2392578125,2978.515625,18.984375,230.46875,11.71875,17.28951140807267,10.130408109163584,17.266648500467284,10.066995114798212,13.144035976706304,6.9415824978972385,0.3128057552306434,0.154707714526413,1.7973379003286885,0.5203371408114378,4.8152176428436295,1.3506573525279815
82.2265625,43.3984375,211.1328125,14285156.25,0.7906250000000001,60941406250.0,0.2451171875,2978.515625,18.984375,230.46875,11.71875,7.929401565239015,4.647402639228781,7.918915961640675,4.618135741893924,6.1494149811439955,3.2756913696461734,0.14346409299365054,0.07103276832930022,0.8306969654798799,0.24049038515211413,2.225506224123959,0.6242493211448439
82.2265625,43.3984375,211.1328125,14285156.25,0.7906250000000001,60941406250.0,0.2392578125,974.609375,18.984375,230.46875,11.71875,291.72425645866247,130.97525057595522,228.8787591279928,109.25002735227672,147.62141875827766,69.98301373870676,183.93299658174138,53.131877966094656,191.6808498325746,55.062297901165415,514.5198871477398,144.1991184521679
82.2265625,43.3984375,211.1328125,14285156.25,0.7906250000000001,60941406250.0,0.2392578125,2978.515625,7.734375,230.46875,11.71875,8.073076567782742,4.730257670572214,8.063172957440514,4.701085486949662,6.13776182866607,3.241434447516201,0.1453774592006055,0.07240578930838214,0.83862705237565,0.24279656538533786,2.248587027100924,0.6307235920792873
82.2265625,43.3984375,211.1328125,14285156.25,0.7906250000000001,60941406250.0,0.2392578125,2978.515625,18.984375,191.40625,11.71875,8.073258805373705,4.729215535084269,8.062723281154032,4.7004979492094465,6.095930946862882,3.236722260263728,0.17128757938792208,0.07512537917980489,1.0671661477234238,0.30440144365352484,2.236454411328363,0.6273698760740825
82.2265625,43.3984375,211.1328125,14285156.25,0.7906250000000001,60941406250.0,0.2392578125,2978.515625,18.984375,230.46875,-433.59375,7.897847816929907,4.530452156388481,7.792771928979049,4.13843707358269,4.9269679964385045,2.8766801099767725,0.39015660947818126,0.16873160490705968,0.6722818209673272,0.19614590620412858,3.9323250316090896,1.106284944390602
60.7421875,61.6796875,240.4296875,15027343.75,0.715625,28457031250.0,0.2451171875,974.609375,7.734375,191.40625,-433.59375,479.8997864431158,217.3631383644926,440.95613174579216,158.6790183912915,306.7856635184673,119.34157918152724,118.05447781078495,50.254920434748975,58.84550383969613,22.7398237808283,269.49589855834716,82.91530112130229
207.2265625,88.3984375,86.1328125,4785156.25,0.390625,11441406250.0,0.31425781249999996,728.515625,-11.015625,-269.53125,-488.28125,271.58536896749615,97.47450169189942,338.2841657613065,106.07765448854335,281.0375579227622,87.61325892730436,187.3868775183778,86.82825324665218,101.662499464237,32.44714908163264,89.14879921422067,32.99936953386026
185.7421875,88.3984375,86.1328125,4785156.25,0.390625,11441406250.0,0.31425781249999996,728.515625,-11.015625,-269.53125,-488.28125,241.6768455489608,86.82075280639344,302.8186480978252,94.92850765272094,250.7268296567331,78.05573132956843,169.48975399833498,78.54076088922186,93.28594457165427,29.63698246875391,79.76498944064836,29.42431018043454
207.2265625,16.6796875,86.1328125,4785156.25,0.390625,11441406250.0,0.31425781249999996,728.515625,-11.015625,-269.53125,-488.28125,51.554736634071794,18.48017926316998,64.3030422784239,20.146483991521183,53.38838507822758,16.60877790462224,35.7833060393552,16.535449024894117,19.243174381393935,6.122417861366088,17.304262385074153,6.329280136334041
207.2265625,88.3984375,115.4296875,4785156.25,0.390625,11441406250.0,0.31425781249999996,728.515625,-11.015625,-269.53125,-488.28125,364.5241253417698,130.72273610586788,455.7247527507804,142.7769586340853,377.83382862572256,117.47345288066295,255.083744990488,117.9143690088402,138.8481349697546,44.07597394509219,122.04303012569972,44.65086767121073
207.2265625,88.3984375,86.1328125,5527343.75,0.390625,11441406250.0,0.31425781249999996,728.515625,-11.015625,-269.53125,-488.28125,313.7088139502099,112.59299583186751,390.7527302467336,122.53051518472557,324.62705670261914,101.20225418949852,216.4509646436772,100.29549252572477,117.43056060562887,37.47976812286546,102.97595990867124,38.11763909421409
207.2265625,88.3984375,86.1328125,4785156.25,0.31562500000000004,11441406250.0,0.31425781249999996,728.515625,-11.015625,-269.53125,-488.28125,219.44097812573693,78.75939736705475,273.3336059351357,85.71074482674304,227.0783468015919,70.79151321326194,151.4085970348493,70.15722862329497,82.14329956710353,26.217296457959176,72.03222976509032,26.663490583359092
207.2265625,88.3984375,86.1328125,4785156.25,0.390625,77957031250.0,0.31425781249999996,728.515625,-11.015625,-269.53125,-488.28125,39.859374941413854,14.305898454455749,49.64846026531375,15.568544871320512,41.24663061360777,12.858607776623463,27.501937377928968,12.743395989349313,14.920552233840265,4.762123548634664,13.083972185120626,4.8431704847761035
207.2265625,88.3984375,86.1328125,4785156.25,0.390625,11441406250.0,0.32011718749999996,728.515625,-11.015625,-269.53125,-488.28125,264.1942949525114,94.81917371899159,329.09366144949496,103.2206240629942,280.8304272577717,87.45879300613505,182.30254650119565,84.52704252652963,99.74671931952753,31.835698406205474,87.4688336383263,32.37751253374647
207.2265625,88.3984375,86.1328125,4785156.25,0.390625,11441406250.0,0.31425781249999996,3224.609375,-11.015625,-269.53125,-488.28125,8.236775698089845,4.522990414133924,8.354692253668711,4.401013833138234,7.615951755658126,4.17298364800839,1.0151845801481907,0.43442953205361784,2.7613273204119158,0.7803477398517015,3.8061194493513213,1.072174602055885
207.2265625,88.3984375,86.1328125,4785156.25,0.390625,11441406250.0,0.31425781249999996,728.515625,-22.265625,-269.53125,-488.28125,274.5547035614527,98.67910580759205,342.48798963604787,107.56568895943334,284.5780773889252,88.90528952145094,187.94024255381296,87.28988612196945,103.25468436829233,33.0215556928037,87.38133964704507,32.8604486776331
207.2265625,88.3984375,86.1328125,4785156.25,0.390625,11441406250.0,0.31425781249999996,728.515625,-11.015625,-308.59375,-488.28125,223.45375815490956,82.35083055781848,325.8137405840081,102.05003491249961,252.4136592491295,78.5001524653371,184.98002307754112,87.13433886291615,101.23739203306836,31.971647296376542,78.57094852447788,29.323145786752267
207.2265625,88.3984375,86.1328125,4785156.25,0.390625,11441406250.0,0.31425781249999996,728.515625,-11.015625,-269.53125,66.40625,376.49259533952613,159.79626484253805,461.7940005904759,198.50564403321772,390.27247927504084,161.54663376656308,324.85286751619594,108.43845387231562,272.4341579179492,90.13969960282361,144.78689751221617,54.385583202823
185.7421875,16.6796875,115.4296875,5527343.75,0.31562500000000004,77957031250.0,0.32011718749999996,3224.609375,-22.265625,-308.59375,66.40625,0.25263921531643374,0.14017350488179012,0.25731648597609275,0.15084506913880277,0.2404978889061894,0.14143513739252042,0.014004233786831093,0.005117654490364372,0.11006134155576086,0.03103820178584782,0.05202307630094971,0.01463594031830506
269.7265625,20.8984375,273.6328125,19035156.25,0.590625,36191406250.0,0.20175781250000002,1853.515625,-26.015625,-19.53125,-238.28125,123.14174539916627,65.11223458243263,125.39151556922039,62.072441489375024,63.57124895275651,35.23939569665121,25.573679969687173,8.884352277432153,54.24069189254527,15.320783991958278,92.05834092846281,25.891926697819194
248.2421875,20.8984375,273.6328125,19035156.25,0.590625,36191406250.0,0.20175781250000002,1853.515625,-26.015625,-19.53125,-238.28125,113.80789152791046,60.10731705703779,115.66052968385625,57.205884967504076,58.69826209957735,32.46821440837335,23.736331162495755,8.222363117192835,50.50220364002496,14.264025269684137,84.95425072590542,23.89474395626256
269.7265625,84.1796875,273.6328125,19035156.25,0.590625,36191406250.0,0.20175781250000002,1853.515625,-26.015625,-19.53125,-238.28125,495.3523719016942,261.9144023241136,503.78499418525536,249.51255129852248,255.55516491330383,141.70532148254267,102.45260041169794,35.5679644959925,218.75123715532888,61.78420947123742,369.2255860643217,103.84632290022974
269.7265625,20.8984375,177.9296875,19035156.25,0.590625,36191406250.0,0.20175781250000002,1853.515625,-26.015625,-19.53125,-238.28125,78.22605876445756,41.50918757676086,79.60542925364328,39.63708812432866,40.35429621096849,22.559387454117786,15.628330692311824,5.4611356777855615,34.050579919268834,9.616207206502503,57.64438062042944,16.210711313300248
269.7265625,20.8984375,273.6328125,10277343.75,0.590625,36191406250.0,0.20175781250000002,1853.515625,-26.015625,-19.53125,-238.28125,66.48592902630955,35.15499470272527,67.70061101223452,33.51376842982674,34.32299527902777,19.0262364206627,13.807583008464384,4.796784494546275,29.28529865981667,8.271902869452541,49.70356966607544,13.979408812222921
269.7265625,20.8984375,273.6328125,19035156.25,0.9156250000000001,36191406250.0,0.20175781250000002,1853.515625,-26.015625,-19.53125,-238.28125,190.9022825500303,100.94118906165485,194.3900214909078,96.2287055893486,98.55225366750082,54.63038592126352,39.64596947681662,13.773096387765193,84.08742182283474,23.75126830499352,142.71478249756407,40.13933609767738
269.7265625,20.8984375,273.6328125,19035156.25,0.590625,53207031250.0,0.20175781250000002,1853.515625,-26.015625,-19.53125,-238.28125,83.7609772500753,44.28932188578213,85.2912702260353,42.22165556119665,43.241143935635336,23.96982608688594,17.395209229803367,6.043133679642384,36.89450190033273,10.421192547206038,62.6180551135899,17.61168055614821
269.7265625,20.8984375,273.6328125,19035156.25,0.590625,36191406250.0,0.20761718750000002,1853.515625,-26.015625,-19.53125,-238.28125,121.31464766059261,64.1645147071626,123.53114621143757,61.15487728454061,64.89240527547393,35.84028567039684,25.33168673336688,8.783463068581282,53.82945037082752,15.204625028956038,91.36037394298936,25.695619553424535
269.7265625,20.8984375,273.6328125,19035156.25,0.590625,36191406250.0,0.20175781250000002,4349.609375,-26.015625,-19.53125,-238.28125,9.817641242887055,5.76049977866809,9.849596842894183,5.718548261921556,4.981421541278683,3.041489109574407,0.33858220241490017,0.12818266004397877,1.2259828080083548,0.3452810492966996,1.983441257313677,0.5565524576969206
269.7265625,20.8984375,273.6328125,19035156.25,0.590625,36191406250.0,0.20175781250000002,1853.515625,22.734375,-19.53125,-238.28125,123.02444807962567,64.66363279888161,125.5003318105493,61.81024920093799,63.568973116615446,34.61907817323591,25.138552504171944,8.592688363996517,56.04342994933598,15.8224624083791,91.57018396912855,25.76162177941126
269.7265625,20.8984375,273.6328125,19035156.25,0.590625,36191406250.0,0.20175781250000002,1853.515625,-26.015625,441.40625,-238.28125,116.22721715732409,65.12993726017636,119.91583720280676,61.05507354178072,75.52385342465323,36.73536297438828,17.037082213130468,5.132618378926206,14.269542755338971,5.017030796405068,108.19620774457884,30.372473664549275
269.7265625,20.8984375,273.6328125,19035156.25,0.590625,36191406250.0,0.20175781250000002,1853.515625,-26.015625,-19.53125,316.40625,123.77906051380954,65.8824135466262,124.82647201583137,68.2426696040291,127.23257412601505,46.812496612964985,7.755994045213621,3.1334245893097594,89.44341004170477,25.1094942500906,14.506080746956888,5.1391383307038625
248.2421875,84.1796875,177.9296875,10277343.75,0.9156250000000001,53207031250.0,0.20761718750000002,4349.609375,22.734375,441.40625,316.40625,13.215921035472988,7.793279543887484,13.219427046699542,7.796182187911422,7.680537313530447,4.331050535441461,0.39715375520918306,0.12131321433765614,0.33330345215944235,0.11813638718011461,0.33442453711151376,0.11844878768989416
144.7265625,65.8984375,148.6328125,9535156.25,0.9906250000000001,85691406250.0,0.2767578125,4103.515625,3.984375,480.46875,261.71875,3.0239972919799456,1.7729116240654241,3.0249155534682735,1.7837085460020408,2.3820092009612366,1.4168455185369535,0.1035100871083663,0.031632328054762786,0.1451457837395088,0.04622030166842139,0.16604364673511435,0.04964733410255613
123.2421875,65.8984375,148.6328125,9535156.25,0.9906250000000001,85691406250.0,0.2767578125,4103.515625,3.984375,480.46875,261.71875,2.5763857776411463,1.510454570774457,2.5763097478204764,1.5191698726217773,2.0292913295170547,1.2069335338351572,0.08826513338700588,0.02697712090081767,0.12376193012846698,0.039409534951642504,0.14146128870213007,0.04229646584014146
144.7265625,39.1796875,148.6328125,9535156.25,0.9906250000000001,85691406250.0,0.2767578125,4103.515625,3.984375,480.46875,261.71875,1.7980557663152772,1.0541620693394498,1.7988936482752083,1.0607491229699295,1.4165175969492643,0.8425230493731405,0.06154842436079529,0.018807868153846066,0.08631078150524302,0.0274850888890334,0.09877843731165858,0.029535006185598275
144.7265625,65.8984375,52.9296875,9535156.25,0.9906250000000001,85691406250.0,0.2767578125,4103.515625,3.984375,480.46875,261.71875,1.0744654630876154,0.6299958515466376,1.0747906365811806,0.633819984675282,0.8457912095421343,0.5033912729267674,0.03666534727133954,0.011204417326394572,0.051402162025876934,0.01636931683665214,0.058802222718023836,0.017582578299223568
144.7265625,65.8984375,148.6328125,19777343.75,0.9906250000000001,85691406250.0,0.2767578125,4103.515625,3.984375,480.46875,261.71875,6.272223797334889,3.677284536109481,6.2741284093444785,3.6996789710808415,4.940644237798747,2.9387500452079456,0.21469544081509978,0.06561019129097256,0.30105411842406116,0.09586783586530828,0.34439941967221804,0.10297601497797694
144.7265625,65.8984375,148.6328125,9535156.25,0.515625,85691406250.0,0.2767578125,4103.515625,3.984375,480.46875,261.71875,1.5740048996110125,0.9228088894977758,1.5744828590607731,0.9284287384553209,1.2398470604372365,0.7374747967148179,0.05387749013526952,0.016464776432289777,0.07554906724611656,0.02405788572646539,0.08642650382111632,0.02584167232467432
144.7265625,65.8984375,148.6328125,9535156.25,0.9906250000000001,3707031250.0,0.2767578125,4103.515625,3.984375,480.46875,261.71875,69.9024537346302,40.98246817399706,69.92368018591519,41.23204886580271,55.06231384772038,32.75167559551649,2.392730011481804,0.7312100954028781,3.355177089455853,1.0684244022130243,3.8382502407041135,1.1476433806193613
144.7265625,65.8984375,148.6328125,9535156.25,0.9906250000000001,85691406250.0,0.2826171875,4103.515625,3.984375,480.46875,261.71875,2.9581622273144363,1.7346337276587345,2.9590605073869765,1.745194133341368,2.383629785684605,1.4248542751860724,0.1012576043400194,0.030944222375082688,0.14314450257986733,0.045583012616415806,0.16375422424327318,0.04896279286542182
144.7265625,65.8984375,148.6328125,9535156.25,0.9906250000000001,85691406250.0,0.2767578125,2099.609375,3.984375,480.46875,261.71875,22.00107188215417,12.317345443440805,22.02639789747167,12.57569169723337,28.59173041983572,11.56297091562318,2.426813582643085,0.7592341268116365,4.257652501751107,1.2980381468657523,4.914378266955552,1.43053443155904
144.7265625,65.8984375,148.6328125,9535156.25,0.9906250000000001,85691406250.0,0.2767578125,4103.515625,-7.265625,480.46875,261.71875,3.0240296722555593,1.7729467965167611,3.02488245611798,1.7837063158716646,2.3819991553063757,1.4168569567826703,0.10398648414388925,0.03181185113612703,0.1452272970335716,0.04623798027880134,0.1661070174201301,0.049661366630057414
144.7265625,65.8984375,148.6328125,9535156.25,0.9906250000000001,85691406250.0,0.2767578125,4103.515625,3.984375,-58.59375,261.71875,3.0233138485047903,1.7700621715890275,3.027215629572998,1.7821068253634802,2.318603816555747,1.409537252517612,0.04608698979951744,0.01736421774253376,0.5464102313827526,0.15376847333768104,0.16008541541739632,0.04828395798176876
144.7265625,65.8984375,148.6328125,9535156.25,0.9906250000000001,85691406250.0,0.2767578125,4103.515625,3.984375,480.46875,-183.59375,2.9888696370844126,1.7654207914322653,3.022317526702556,1.7622779689930146,2.3018825472808455,1.3963852893013329,0.10478978999532428,0.030759773048203994,0.1356573527479546,0.04393371658846528,0.7068868894809673,0.1982173913585188
123.2421875,39.1796875,52.9296875,19777343.75,0.515625,3707031250.0,0.2826171875,2099.609375,-7.265625,-58.59375,-183.59375,95.05205568374242,51.706781829377356,96.03673411545832,51.14190443426271,75.66985700177891,42.96980211711695,15.785675880651945,5.345561857320419,46.83085515873648,13.208214404887752,62.77035009787461,17.632868866918106
113.4765625,32.1484375,54.8828125,7160156.25,0.890625,73316406250.0,0.2205078125,2416.015625,-18.515625,-394.53125,-113.28125,1.6830885445408192,0.8691674626581596,1.8238665157886293,1.0098278676690946,0.9886868286712748,0.5629833006665624,0.27902374623968224,0.10090292190660896,1.0443717992607764,0.29552174967727796,0.6846992251814349,0.19237674738006663
154.4921875,32.1484375,54.8828125,7160156.25,0.890625,73316406250.0,0.2205078125,2416.015625,-18.515625,-394.53125,-113.28125,2.287180357677949,1.1817904807094861,2.4806432570250316,1.373968405641219,1.3440867882969365,0.7660591669061786,0.37871964554839105,0.13707683793615774,1.415823094551326,0.4006236234327673,0.9303725733477712,0.2613988865048041
113.4765625,95.4296875,54.8828125,7160156.25,0.890625,73316406250.0,0.2205078125,2416.015625,-18.515625,-394.53125,-113.28125,4.992178906045912,2.5782656128921655,5.4046580970333045,2.992454075820325,2.931268136186148,1.6688465306926263,0.8246283194011563,0.2981752825512179,3.0965808917984683,0.876216418390217,2.026698096322209,0.569428688786715
113.4765625,32.1484375,146.6796875,7160156.25,0.890625,73316406250.0,0.2205078125,2416.015625,-18.515625,-394.53125,-113.28125,4.520408169626349,2.3316914960211084,4.901905392852139,2.7123260671676643,2.6562121547065405,1.5107910388955343,0.7570983020211952,0.2734597851572142,2.818505951063721,0.7975849086881704,1.847888133045659,0.5192112021266924
113.4765625,32.1484375,54.8828125,17402343.75,0.890625,73316406250.0,0.2205078125,2416.015625,-18.515625,-394.53125,-113.28125,4.090648917582843,2.112461018080797,4.432801597293151,2.4543279598831513,2.402945892924457,1.3682982021110397,0.6781510035448906,0.24523868908562074,2.538284978563426,0.7182484423416656,1.664121684769936,0.4675605071348592
113.4765625,32.1484375,54.8828125,7160156.25,0.415625,73316406250.0,0.2205078125,2416.015625,-18.515625,-394.53125,-113.28125,0.7854413207857157,0.4056114825738078,0.8511377073680273,0.4712530049122442,0.4613871867132616,0.26272554031106254,0.1302110815785184,0.04708803022308417,0.4873735063216957,0.13791014984939637,0.3195263050846697,0.08977581544403111
113.4765625,32.1484375,54.8828125,7160156.25,0.890625,16082031250.0,0.2205078125,2416.015625,-18.515625,-394.53125,-113.28125,7.673035922391701,3.9624493822275926,8.314828913003835,4.603706399873995,4.507326472511818,2.566585759099031,1.2720419463620587,0.46000654390700585,4.761188802605176,1.3472547290971166,3.1214767445786626,0.8770267601594538
113.4765625,32.1484375,54.8828125,7160156.25,0.890625,73316406250.0,0.3013671875,2416.015625,-18.515625,-394.53125,-113.28125,1.275682263571303,0.659698958696307,1.3824276122556773,0.7675448706761994,1.1402889423336025,0.6351949289729872,0.2255530747544792,0.07955781233926455,0.8829955840529478,0.2498577615187789,0.5788995764416639,0.16265071359768965
113.4765625,32.1484375,54.8828125,7160156.25,0.890625,73316406250.0,0.2205078125,4912.109375,-18.515625,-394.53125,-113.28125,0.22807081492417433,0.13230491932284777,0.2326774589418112,0.13747380235021886,0.13027399224888264,0.078742596866645,0.008316658439734276,0.0033157565496329806,0.04589064856696892,0.012941368030017842,0.03003001919778003,0.008419380112889072
113.4765625,32.1484375,54.8828125,7160156.25,0.890625,73316406250.0,0.2205078125,2416.015625,0.234375,-394.53125,-113.28125,1.6825074836957556,0.8689584507794439,1.824371138664333,1.0098458779593358,0.9888069073673577,0.5628225540639455,0.2787341532222905,0.10073413952546562,1.0440947064017325,0.29544356504070257,0.6860060353372689,0.1927438775162215
113.4765625,32.1484375,54.8828125,7160156.25,0.890625,73316406250.0,0.2205078125,2416.015625,-18.515625,66.40625,-113.28125,1.9276334386194631,1.1090974001219502,1.9487023535743915,1.0910127340319284,1.3594929834715568,0.6969733964538787,0.1466795844507401,0.052590709185830524,0.5608921396587824,0.1581984644698816,0.9279341944155596,0.26031206478854807
113.4765625,32.1484375,54.8828125,7160156.25,0.890625,73316406250.0,0.2205078125,2416.015625,-18.515625,-394.53125,-308.59375,1.656463138465571,0.8528037232304924,1.8338878203332956,0.9389143714497239,0.9924044726746775,0.5268626887592673,0.34422057899899244,0.13919320520106376,0.913131673121353,0.2589671061909454,0.8330032780354891,0.2346133192360047
154.4921875,95.4296875,146.6796875,17402343.75,0.415625,16082031250.0,0.3013671875,4912.109375,0.234375,66.40625,-308.59375,9.99415861448528,5.9291109445708505,9.992696814610682,5.829381533470721,8.62888132875087,5.168737945892581,0.2539596199814039,0.09300380868414798,0.8960187241242346,0.25252100047929293,2.0521488800778984,0.5760291709402116
238.4765625,77.1484375,179.8828125,16660156.25,0.49062500000000003,23816406250.0,0.2955078125,4666.015625,11.484375,105.46875,386.71875,13.8706186190491,8.289666185952942,13.886771176250305,8.21316430109981,11.654343802014221,7.107166199567868,0.14063527734272396,0.0497392031235622,1.280597343297354,0.3611034482327774,0.26660731019750133,0.08961123280979616
279.4921875,77.1484375,179.8828125,16660156.25,0.49062500000000003,23816406250.0,0.2955078125,4666.015625,11.484375,105.46875,386.71875,16.233539886583518,9.702100501210493,16.26674881601841,9.620932751063586,13.645699778415723,8.321420633327067,0.16732006535053404,0.058939463006555184,1.4957313797416525,0.42176561890164627,0.3120717166001698,0.10488657011760469
238.4765625,50.4296875,179.8828125,16660156.25,0.49062500000000003,23816406250.0,0.2955078125,4666.015625,11.484375,105.46875,386.71875,9.067565734900978,5.41914906981373,9.079406242775944,5.369864068086849,7.619271806477552,4.646464123622809,0.09222155171671918,0.03259368301794734,0.8372605011061807,0.23609101651826198,0.1743669005525676,0.05860754137608371
238.4765625,77.1484375,271.6796875,16660156.25,0.49062500000000003,23816406250.0,0.2955078125,4666.015625,11.484375,105.46875,386.71875,21.02682424413959,12.565594047379031,21.051445581909714,12.44905131984426,17.667268862832085,10.774503697724244,0.2143541721056996,0.07581166283664127,1.9517014439143379,0.5503425352802125,0.40625918446568715,0.1365624150260598
238.4765625,77.1484375,179.8828125,7902343.75,0.49062500000000003,23816406250.0,0.2955078125,4666.015625,11.484375,105.46875,386.71875,6.579193778742399,3.9320034452949133,6.586855355112396,3.89571661925555,5.5279572125380465,3.3711130648829535,0.06670695570089821,0.023592592712536064,0.6074204983565177,0.17128072116644988,0.12645875463764233,0.04250492941951177
238.4765625,77.1484375,179.8828125,16660156.25,0.815625,23816406250.0,0.2955078125,4666.015625,11.484375,105.46875,386.71875,23.05879910555296,13.780910028877186,23.085651445868344,13.653731736223255,19.374418677233834,11.815097949600087,0.2337949515060571,0.08268746506528493,2.1288911248446465,0.6003057324124516,0.4432134265066741,0.1489715398939924
238.4765625,77.1484375,179.8828125,16660156.25,0.49062500000000003,65582031250.0,0.2955078125,4666.015625,11.484375,105.46875,386.71875,5.037176825322674,3.0104291342995473,5.043042698290435,2.982647134659929,4.232326771152582,2.5809990064188035,0.05107232628260104,0.018063012772908376,0.4650546192199636,0.13113632282299387,0.09681963013128632,0.032542717639009316
238.4765625,77.1484375,179.8828125,16660156.25,0.49062500000000003,23816406250.0,0.2263671875,4666.015625,11.484375,105.46875,386.71875,17.568751106580404,10.483941635686202,17.589208274047373,10.386233684091284,10.697346530407996,6.3735898517322775,0.17811441346994508,0.06299478923254326,1.477154207309342,0.41652864627808456,0.30752844523606043,0.10336551942731229
238.4765625,77.1484375,179.8828125,16660156.25,0.49062500000000003,23816406250.0,0.2955078125,2662.109375,11.484375,105.46875,386.71875,72.54282447472355,42.52978999541534,72.79540917379838,41.59151749143031,76.86335422000084,38.53099640112525,2.158956276696224,0.7628694524772471,20.180456041574136,5.686771500358171,3.826724183467396,1.3162554231894772
238.4765625,77.1484375,179.8828125,16660156.25,0.49062500000000003,23816406250.0,0.2955078125,4666.015625,-29.765625,105.46875,386.71875,13.87743652504748,8.29345203764337,13.880440536896387,8.20933267478346,11.654549132657671,7.107136349712253,0.12173207780340717,0.04593112874015836,1.282075246004339,0.3615277658622525,0.2662545886468656,0.08954101609880988
238.4765625,77.1484375,179.8828125,16660156.25,0.49062500000000003,23816406250.0,0.2955078125,4666.015625,11.484375,-433.59375,386.71875,13.415440236185912,7.646029893431637,13.734341792136766,7.994604928724037,11.398865576183612,6.707763178407557,0.5390418993882076,0.2282956098334025,3.5350253194753223,0.9962880555910443,0.25597732029588743,0.08516240628774277
238.4765625,77.1484375,179.8828125,16660156.25,0.49062500000000003,23816406250.0,0.2955078125,4666.015625,11.484375,105.46875,191.40625,13.937351303700813,8.333071691999722,13.93774174429986,8.339911706549321,11.682906691732187,7.173962619529394,0.07704540859555986,0.028631212938618054,1.273462690983227,0.35918513578329636,0.9454971341736723,0.27015455095885177
279.4921875,50.4296875,271.6796875,7902343.75,0.815625,65582031250.0,0.2263671875,2662.109375,-29.765625,-433.59375,191.40625,27.83244311162659,14.23414762059406,30.11768308325538,16.785857186444346,17.156052435872393,9.758217357007045,2.2431980172679578,0.9348341790187598,17.295930718784447,4.8816080036422065,4.0809213164238125,1.1800516708958566
175.9765625,54.6484375,117.3828125,2410156.25,0.290625,48566406250.0,0.2580078125,3541.015625,26.484375,355.46875,136.71875,0.5193298011105069,0.307976346587384,0.5194397058439083,0.3087508811993282,0.4029526462179485,0.2275954014459078,0.012346690897181203,0.0038226912310804885,0.009945108002254396,0.00400582157226709,0.07330909362557063,0.02069236233780015
216.9921875,54.6484375,117.3828125,2410156.25,0.290625,48566406250.0,0.2580078125,3541.015625,26.484375,355.46875,136.71875,0.6393259989297417,0.3791452213413095,0.6399462645505445,0.3803808442746887,0.4959751568042289,0.2802588362483036,0.014894401412849395,0.0046379780792482166,0.012210437239896357,0.004931980772329166,0.09020321129499373,0.025461295063196686
175.9765625,72.9296875,117.3828125,2410156.25,0.290625,48566406250.0,0.2580078125,3541.015625,26.484375,355.46875,136.71875,0.6929731277700837,0.41095157002853355,0.693041833886401,0.4119407272138601,0.5376148751269687,0.3036729296846857,0.01651402621434222,0.005109396627415875,0.013268469742290302,0.005342309798955894,0.09777386426926551,0.027597796958984004
175.9765625,54.6484375,84.1796875,2410156.25,0.290625,48566406250.0,0.2580078125,3541.015625,26.484375,355.46875,136.71875,0.3720487110949687,0.2206368640500093,0.37212407159638783,0.22119129306389826,0.28855030032541273,0.1630350489732934,0.00883208158204767,0.002734505881737466,0.007114027922068801,0.002865450261835813,0.05243639581397361,0.014800825158794264
175.9765625,54.6484375,117.3828125,3152343.75,0.290625,48566406250.0,0.2580078125,3541.015625,26.484375,355.46875,136.71875,0.679253078599966,0.40281509188981984,0.6793968275786612,0.40382813797059613,0.5270385502396829,0.2976815056188778,0.01614875130312034,0.004999857088301385,0.013007621001327872,0.005239380889496826,0.09588401710832334,0.02706440260389744
175.9765625,54.6484375,117.3828125,2410156.25,0.215625,48566406250.0,0.2580078125,3541.015625,26.484375,355.46875,136.71875,0.3853092072755373,0.22849857972612356,0.38539074949709323,0.22907323443821123,0.2989648665488005,0.16886110429857676,0.009160448085005417,0.0028361902682210085,0.007378628517801652,0.0029720611665207436,0.054390617851229825,0.015352397863529143
175.9765625,54.6484375,117.3828125,2410156.25,0.290625,90332031250.0,0.2580078125,3541.015625,26.484375,355.46875,136.71875,0.2792141585819214,0.16558140182144626,0.27927324811923515,0.1659978251222161,0.21664476758606505,0.12236512978062579,0.00663811493728236,0.002055244111395622,0.005346920120736383,0.0021537029019674256,0.03941413885607437,0.011125108797659211
175.9765625,54.6484375,117.3828125,2410156.25,0.290625,48566406250.0,0.3388671875,3541.015625,26.484375,355.46875,136.71875,0.3680531921631411,0.21904686889269526,0.3681569070101666,0.21955781313897296,0.3812888873746293,0.23235536100250084,0.008752602855684716,0.0027098950553473434,0.007909643808213579,0.003185950498346359,0.058304929252633746,0.016457258745243557
175.9765625,54.6484375,117.3828125,2410156.25,0.290625,48566406250.0,0.2580078125,1537.109375,26.484375,355.46875,136.71875,7.506630780750841,3.642105712157115,6.3752550350092525,3.5438460392421067,10.50247775211008,3.615892964267036,0.635285639999046,0.19929858036303855,0.5166329934445102,0.2270082067931216,5.401181579153054,1.5154434953888407
175.9765625,54.6484375,117.3828125,2410156.25,0.290625,48566406250.0,0.2580078125,3541.015625,15.234375,355.46875,136.71875,0.5191887760350391,0.30789337424251056,0.5195886612388737,0.3088392313128594,0.4029446186237093,0.2275964602244818,0.01249228610934025,0.003856945972909485,0.009940414689603452,0.0039968018766610965,0.07335705144829767,0.02070574254092668
175.9765625,54.6484375,117.3828125,2410156.25,0.290625,48566406250.0,0.2580078125,3541.015625,26.484375,316.40625,136.71875,0.5211098421515026,0.30894348729306753,0.5186932794851632,0.3090715326147478,0.4025753845157873,0.22799050588584674,0.01071639256551453,0.0033288175048346116,0.015961175418563966,0.005665526870465349,0.07327457231903212,0.020685441542610063
175.9765625,54.6484375,117.3828125,2410156.25,0.290625,48566406250.0,0.2580078125,3541.015625,26.484375,355.46875,441.40625,0.5136584920561927,0.30388855031869066,0.5095568060444533,0.29680258879787,0.4112395601882054,0.22297796784160367,0.021649775983222857,0.006956665096904146,0.009880125149298301,0.003865937728794428,0.01631411690247507,0.0073432501298151525
216.9921875,72.9296875,84.1796875,3152343.75,0.215625,90332031250.0,0.3388671875,1537.109375,15.234375,316.40625,441.40625,3.6587688432139025,1.580181115182579,3.78147950156172,1.5070281714154976,6.301807780435517,2.1111058063690358,0.3380233782678114,0.11866787632739846,0.5869086695713963,0.1811696723369941,0.6233524463971486,0.2091168805791958
50.9765625,99.6484375,242.3828125,11910156.25,0.690625,98066406250.0,0.3330078125,1291.015625,-3.515625,-144.53125,-363.28125,44.230424989308325,19.147418389895677,46.041630303959835,17.68455386060993,45.474976396612696,18.121157882938174,20.789327278576746,7.301812063544984,23.4972834157939,6.8591088258533945,33.91902978414719,9.763002784532247
91.9921875,99.6484375,242.3828125,11910156.25,0.690625,98066406250.0,0.3330078125,1291.015625,-3.515625,-144.53125,-363.28125,79.48030772674007,34.4541399329501,82.96503696160391,31.881163057722233,81.83040520540332,32.631414352221434,37.313266039593564,13.109985236999592,42.168081821099065,12.304937754536786,61.31677045332873,17.64460713959583
50.9765625,27.9296875,242.3828125,11910156.25,0.690625,98066406250.0,0.3330078125,1291.015625,-3.515625,-144.53125,-363.28125,12.428912103501721,5.377305100704085,13.004454525426784,4.983425643004847,12.81313809464108,5.0958685391184115,5.827245448296956,2.0529705028782717,6.523223576863048,1.9062225399583834,9.523730753061223,2.7426469792148898
50.9765625,99.6484375,209.1796875,11910156.25,0.690625,98066406250.0,0.3330078125,1291.015625,-3.515625,-144.53125,-363.28125,37.63034703602098,16.35662389767557,39.13093062744882,15.096584698457589,38.66235699632922,15.476074283946366,17.673942264499164,6.188092998185819,20.285805587597913,5.9081500013467325,29.2853499132986,8.41829907255693
50.9765625,99.6484375,242.3828125,12652343.75,0.690625,98066406250.0,0.3330078125,1291.015625,-3.515625,-144.53125,-363.28125,46.98666662524425,20.340599594907218,48.91073812873923,18.78657591161547,48.308772892301924,19.25038713769654,22.08482487875044,7.756828230181111,24.961528692606247,7.286537713000704,36.03271153520917,10.371389314234156
50.9765625,99.6484375,242.3828125,11910156.25,0.6156250000000001,98066406250.0,0.3330078125,1291.015625,-3.515625,-144.53125,-363.28125,39.42712091807122,17.06806073669434,41.04163425285107,15.764059323711116,40.53651742141494,16.153249334564798,18.53166277773583,6.508855097368155,20.945542230368314,6.114228229380628,30.23551523745247,8.702767188021957
50.9765625,99.6484375,242.3828125,11910156.25,0.690625,40832031250.0,0.3330078125,1291.015625,-3.515625,-144.53125,-363.28125,106.22833821453989,45.986409516725445,110.57831519955147,42.473043592328736,109.21738088940609,43.5216367216266,49.92978679122446,17.53678291928603,56.433492791878486,16.47354128700368,81.46343085535398,23.447831713927293
50.9765625,99.6484375,242.3828125,11910156.25,0.690625,98066406250.0,0.2638671875,1291.015625,-3.515625,-144.53125,-363.28125,59.251509885518836,25.647062008162933,61.67363081432931,23.68024187309591,43.97606941083463,17.506579242282474,25.74113460367603,9.319608474269955,28.543758352153592,8.332228937779458,41.20376694471115,11.859787675956571
50.9765625,99.6484375,242.3828125,11910156.25,0.690625,98066406250.0,0.3330078125,3787.109375,-3.515625,-144.53125,-363.28125,1.96666890965344,1.1254098833959854,1.9751332014824006,1.105174516815108,1.9702124720373793,1.135615423097441,0.13118285817973538,0.05291911785221067,0.46928689563878584,0.132302145500344,0.682745328725785,0.19188725213965654
50.9765625,99.6484375,242.3828125,11910156.25,0.690625,98066406250.0,0.3330078125,1291.015625,-14.765625,-144.53125,-363.28125,44.211807695466916,19.133340772219743,46.04383158701777,17.678824314645617,45.46636277327903,18.112066562356095,20.756542836945915,7.291718617695327,23.456964420200528,6.848358963079669,33.854720174247475,9.745939330267861
50.9765625,99.6484375,242.3828125,11910156.25,0.690625,98066406250.0,0.3330078125,1291.015625,-3.515625,-183.59375,-363.28125,42.12566411759852,18.06667283734058,45.347440678557525,17.384834050816224,44.04277586380747,17.458329851027663,20.675142885819366,7.398423475337684,23.46766431980694,6.896684608501619,31.499239510625696,9.085420938711177
50.9765625,99.6484375,242.3828125,11910156.25,0.690625,98066406250.0,0.3330078125,1291.015625,-3.515625,-144.53125,-58.59375,44.2810503474866,20.592846252499044,45.75257194263649,23.03912985812344,44.531494991336004,21.76496522273127,27.891140616413676,8.185892686063191,50.13180712915953,14.221235040834994,42.86193799421616,12.133522388648228
91.9921875,27.9296875,209.1796875,12652343.75,0.6156250000000001,40832031250.0,0.2638671875,3787.109375,-14.765625,-183.59375,-58.59375,2.6009544500666726,1.504287665705613,2.6317400534740254,1.5426301241391633,1.8692326758022226,1.1351123553006548,0.10953580103061819,0.04040293315572882,0.6561536877100471,0.18488934247901564,0.5282099050986324,0.14812850153480148
