% Model:              Avant well test 2022 3D.mph
% Version:            COMSOL 6.4.0.378
% Date:               Aug 14 2026, 14:19
% Table:              Evaluation Group inner and outer pts - 
% Time (s)               solid2.eXX*1E9 (1), Point: (250, 433, -40) solid2.eXX*1E9 (1), Point: (250, -433, -40) solid2.eXX*1E9 (1), Point: (-500, 0, -40) solid2.eXX*1E9 (1), Point: (20, 0, -40) solid2.eYY*1E9 (1), Point: (250, 433, -40) solid2.eYY*1E9 (1), Point: (250, -433, -40) solid2.eYY*1E9 (1), Point: (-500, 0, -40) solid2.eYY*1E9 (1), Point: (20, 0, -40) solid2.eZZ*1E9 (1), Point: (250, 433, -40) solid2.eZZ*1E9 (1), Point: (250, -433, -40) solid2.eZZ*1E9 (1), Point: (-500, 0, -40) solid2.eZZ*1E9 (1), Point: (20, 0, -40) solid2.eXY*1E9 (1), Point: (250, 433, -40) solid2.eXY*1E9 (1), Point: (250, -433, -40) solid2.eXY*1E9 (1), Point: (-500, 0, -40) solid2.eXY*1E9 (1), Point: (20, 0, -40) solid2.eXX*1E9 (1), Point: (250, 0, -40) solid2.eXX*1E9 (1), Point: (-125, -217, -40) solid2.eXX*1E9 (1), Point: (-125, 217, -40) solid2.eXX*1E9 (1), Point: (-20, 0, -40) solid2.eYY*1E9 (1), Point: (250, 0, -40) solid2.eYY*1E9 (1), Point: (-125, -217, -40) solid2.eYY*1E9 (1), Point: (-125, 217, -40) solid2.eYY*1E9 (1), Point: (-20, 0, -40) solid2.eZZ*1E9 (1), Point: (250, 0, -40) solid2.eZZ*1E9 (1), Point: (-125, -217, -40) solid2.eZZ*1E9 (1), Point: (-125, 217, -40) solid2.eZZ*1E9 (1), Point: (-20, 0, -40) solid2.eXY*1E9 (1), Point: (250, 0, -40) solid2.eXY*1E9 (1), Point: (-125, -217, -40) solid2.eXY*1E9 (1), Point: (-125, 217, -40) solid2.eXY*1E9 (1), Point: (-20, 0, -40)
0                        -3.913411577342936E-9                      -5.877117360635751E-9                       -1.8028971503580547E-7                    3.37560100554863E-5                     -1.284332134503687E-7                      -1.0801401664934849E-7                      5.9479600059666204E-8                     6.847360329712434E-5                    1.5044121372482628E-7                      1.3648759143671827E-7                       1.4649434572689392E-7                     -8.822082084216784E-5                   -1.1753320190250213E-7                     1.0109687365066964E-7                       3.642106596302365E-9                      -5.64738768491591E-7                    -1.4602596160104882E-6                   2.864326345785422E-7                         2.3476503262049908E-7                       5.864715343998207E-5                     6.661018072356666E-7                     -1.056076904132362E-6                        -1.1094789234599688E-6                      7.996287334174185E-5                     7.688369642696701E-7                     8.275441849489326E-7                         8.570799922609639E-7                        -1.1461320612688887E-4                   2.5210428073288268E-8                    -9.467170054602903E-7                        1.0020543145473408E-6                       -2.4328159356268147E-6
25                       -3.5409441458517397E-4                     -9.004059382853404E-4                       -0.05719093612959964                      7.163101201589303                       -0.042182838986782434                      -0.03934227484148633                        0.018675746627268192                      12.177200523486738                      0.04836079038032085                        0.04652159406519744                         0.045557276626133035                      -15.61479352327239                      -0.037367228010208364                      0.03536351547124578                         0.0011389297689399559                     -0.05926505482011493                    -0.5494989877103322                      0.06806560086770491                          0.06099472071387331                         10.004379152213584                       0.23454259948211975                      -0.31747566558172186                         -0.32668662852015157                        13.660113909679989                       0.30566151456230584                      0.26576310935516356                          0.2669896090102996                          -18.354552700852384                      0.011056923954105373                     -0.325177388673432                           0.3351143196805537                          -0.249122050010866
50                       -7.241722795246754E-4                      -0.0018414595139188352                      -0.11696388328666978                      14.649584735848583                      -0.0862701200837421                        -0.08046076023808961                        0.03819465041872749                       24.904136194351594                      0.09890493747386937                        0.09514351879095631                         0.09317133403811957                       -31.93451060359376                      -0.07642148227129306                       0.07232360574546552                         0.00232927898176756                       -0.12120536636001668                    -1.123806604193107                       0.13920409839599646                          0.12474313830254624                         20.460399746967134                       0.4796742188177322                       -0.6492844129738842                          -0.6681221626351471                         27.936905242044816                       0.6251229962986594                       0.5435246915154681                           0.5460330370311083                          -37.537702876067854                      0.022613047223001073                     -0.6650357101161849                          0.6853581717146713                          -0.5094895428985551
75                       -0.0010942501444630394                     -0.0027825130895537645                      -0.17673683044374                         22.136068270107828                      -0.1303574011807007                        -0.12157924563469269                        0.05771355421018668                       37.631071865216434                      0.14944908456741787                        0.14376544351671525                         0.14078539145010616                       -48.254227683915175                     -0.11547573653237743                       0.10928369601968431                         0.0035196281945951784                     -0.18314567789988762                    -1.6981142206758795                      0.2103425959242881                           0.1884915558912188                          30.916420341720663                       0.7248058381533439                       -0.9810931603660443                          -1.0095576967501465                         42.21369657440961                        0.9445844780350123                       0.8212862736757727                           0.825076465051915                           -56.72085305128341                       0.034169170491896016                     -1.0048940315589365                          1.0356020237487846                          -0.7698570357862494
100                      -0.0014643280094026442                     -0.0037235666651887584                      -0.23650977760080977                      29.622551804367088                      -0.17444468227766072                       -0.1626977310312962                         0.07723245800164592                       50.358007536081246                      0.19999323166096644                        0.19238736824247415                         0.18839944886209223                       -64.57394476423653                      -0.1545299907934615                        0.14624378629390333                         0.0047099774074223005                     -0.24508598943978682                    -2.2724218371586553                      0.2814810934525816                           0.2522399734798912                          41.3724409364742                         0.9699374574889554                       -1.3129019077582085                          -1.3509932308651467                         56.49048790677443                        1.264045959771365                        1.0990478558360768                           1.1041198930727223                          -75.90400322649893                       0.045725293760791326                     -1.34475235300169                            1.3858458757829                             -1.0302245286739158
100                      -0.0014643280094026442                     -0.0037235666651887584                      -0.23650977760080977                      29.622551804367088                      -0.17444468227766072                       -0.1626977310312962                         0.07723245800164592                       50.358007536081246                      0.19999323166096644                        0.19238736824247415                         0.18839944886209223                       -64.57394476423653                      -0.1545299907934615                        0.14624378629390333                         0.0047099774074223005                     -0.24508598943978682                    -2.2724218371586553                      0.2814810934525816                           0.2522399734798912                          41.3724409364742                         0.9699374574889554                       -1.3129019077582085                          -1.3509932308651467                         56.49048790677443                        1.264045959771365                        1.0990478558360768                           1.1041198930727223                          -75.90400322649893                       0.045725293760791326                     -1.34475235300169                            1.3858458757829                             -1.0302245286739158
7444.897959183673        6.091053691477277                          -1.7862225080116132                         -17.117491570779777                       310.87584619791966                      -8.431006865082292                         -13.153266807370288                         5.1224960563900135                        441.5226770888799                       7.396397018082383                          16.069199263406055                          13.539852753717524                        -589.4869617891404                      -13.405058221329288                        13.0975059208805                            0.9562868513260435                        -1.5892213389381604                     -54.509010166356674                      48.38328853127866                            46.14874589258271                           379.35946568986014                       49.725984522595525                       16.03162124488376                            -29.117750415861654                         477.0172130987066                        19.58386026328852                        -35.91284575525655                           0.2646915697423655                          -652.9766654469412                       -5.191906740325685                       -36.6633220608495                            41.196670398571754                          -4.408536233597882
14789.795918367347       23.849848950783958                         -3.538940902421573                          -33.050654837120405                       356.61784674390094                      -2.5690381264160744                        -27.41404898464679                          9.539836466694966                         483.5229835335677                       -4.519635956407668                         32.916219720871055                          26.382658602437065                        -645.7639896102785                      -23.438073623312285                        27.166700854255218                          2.2802525159831735                        -3.4170648940741866                     -24.959121215750642                      94.38241655374473                            106.24902309840529                          427.3566462759675                        79.7587940954137                         89.23892872186069                            -26.07670769804294                          519.375686094711                         -14.470420455841998                      -119.9599325900663                           -39.86808518088427                          -710.922941164603                        -20.94673157550998                       -37.764903294930264                          42.691946124136045                          -5.3632845374309275
22134.69387755102        45.597873983983426                         -4.814086277569454                          -47.38546418469823                        393.9686108175665                       11.699571851360979                         -41.314295869884134                         13.347771441981346                        513.2476762771294                       -26.488174604476526                        48.84369539008943                           38.14588223956614                         -687.9582619287884                      -30.846203413838214                        40.82438850855345                           3.510697709169276                         -6.046018518053919                      8.318678124953381                        130.97695405754996                           162.02463553516108                          466.1965113313123                        101.28748586629553                       155.7409861531779                            -20.95268515096902                          549.5817372818217                        -46.84836043060531                       -193.7384201404283                           -80.02618126732034                          -754.4515567278274                       -34.536403585433945                      -36.64046321869802                           39.49144552694804                           -7.575411882613687
29479.591836734693       68.76242883969185                          -5.891576943878911                          -61.01926886299859                        428.2836286548313                       29.363382910844496                         -55.00303053352246                          16.893944158636575                        538.427520111031                        -52.428615309702565                        64.32808065027103                           49.43085636571969                         -725.1041894864604                      -37.21671926966128                         54.27661816282631                           4.685348454275487                         -8.973309112636988                      41.67298158256855                        163.62678579783497                           215.5179349993268                           501.7060850441559                        119.4355238580291                        218.30917093785118                           -15.277098744208603                         575.2797138173418                        -77.53006061205778                       -262.32172362501325                          -119.55832841061628                         -792.8073309757525                       -46.85219899703346                       -35.08511968537477                           34.81720774083336                           -10.275353865476799
36824.489795918365       91.91339881014115                          -6.850106515841291                          -74.09139294591903                        460.78150437871017                      48.68502288728876                          -68.3188024711772                           20.247777877406364                        561.1870164065577                       -80.11031290323233                         79.29356634289388                           60.30794834241623                         -759.785730313643                       -43.15724435891105                         67.42661477100987                           5.780839818399876                         -12.013868977726366                     73.61972484927124                        193.57143066317877                           266.3715847878982                           535.2431538914235                        135.64096640539574                       276.4471923567922                            -9.398174627148427                          598.5554556161045                        -106.42298187523566                      -326.07852642050455                          -157.82268274421344                         -828.6150682703484                       -57.84171337504573                       -33.81632918500156                           29.62849766241275                           -13.189143973425324
44169.38775510204        115.03387126008391                         -7.541573220121749                          -85.90256670430844                        489.199969212414                        71.7284220415528                           -80.79728810370585                          23.169818289092866                        578.5129299166101                       -111.7010621116099                         93.09414339616862                           70.26936131407132                         -788.9348221419774                      -48.132457487741384                        79.89811035799931                           6.698621559012752                         -15.308713795116358                     102.40655215283367                       217.44303989949856                           311.2993273215863                           564.3520287244322                        147.48536038502638                       324.63967536886224                           -3.0627655364192226                         616.3933779449985                        -131.30016647942068                      -379.0000294739038                           -193.24089325874846                         -858.7025651834147                       -65.8537802259817                        -33.19083870757002                           23.284817999353557                          -16.583014513108672
51514.28571428571        138.15434371002672                         -8.233039924402208                          -97.71374046269781                        517.6184340461178                       94.77182119581674                          -93.27577373623454                          26.091858700779373                        595.8388434266624                       -143.29181131998735                        106.89472044944338                          80.23077428572647                         -818.0839139703119                      -53.107670616571475                        92.36960594498868                           7.616403299625614                         -18.603558612506436                     131.1933794563961                        241.31464913581826                           356.22706985527435                          593.460903557441                         159.32975436465702                       372.8321583809332                            3.272643554309982                           634.2313002738929                        -156.17735108360654                      -431.9215325273022                           -228.65910377328308                         -888.7900620964796                       -73.86584707691728                       -32.56534823013892                           16.941138336294614                          -19.976885052792138
58859.183673469386       161.2748161599696                          -8.924506628682561                          -109.52491422108709                       546.0368988798218                       117.81522035008074                         -105.75425936876307                         29.013899112465882                        613.1647569367145                       -174.88256052836482                        120.69529750271813                          90.19218725738163                         -847.2330057986454                      -58.0828837454017                          104.84110153197811                          8.534185040238398                         -21.898403429896447                     159.98020675995832                       265.18625837213784                           401.15481238896257                          622.5697783904499                        171.1741483442876                        421.0246413930036                            9.608052645038862                           652.069222602787                         -181.05453568779075                      -484.84303558070087                          -264.077314287818                           -918.8775590095476                       -81.87791392785317                       -31.939857752707482                          10.597458673235302                          -23.37075559247554
66204.08163265306        184.3952886099125                          -9.615973332963007                          -121.33608797947645                       574.4553637135258                       140.85861950434483                         -118.23274500129172                         31.935939524152392                        630.4906704467667                       -206.4733097367428                         134.49587455599294                          100.15360022903683                        -876.3820976269803                      -63.05809687423198                         117.31259711896759                          9.451966780851262                         -25.193248247286498                     188.76703406352064                       289.05786760845746                           446.08255492265107                          651.6786532234585                        183.01854232391824                       469.2171244050733                            15.943461735768384                          669.9071449316809                        -205.931720291976                        -537.764538634098                            -299.49552480235207                         -948.9650559226104                       -89.88998077878857                       -31.314367275276197                          4.253779010176005                           -26.764626132158988
73548.97959183673        206.41703362860932                         -10.154877825843272                         -132.4804297044037                        600.629139185414                        164.46200147344194                         -130.00066846072863                         34.653946512372286                        645.4076939564238                       -238.50336878172402                        147.40354000993628                          109.59237360906643                        -903.1609187015184                      -67.76958057131509                         129.15998949628775                          10.263301800562616                        -28.49014375553675                      215.31412742943868                       310.0366534690178                            486.95736916292765                          678.3759605583563                        193.01039154893033                       511.43020071849503                           22.37859448876162                           685.3108043951148                        -228.8016143247897                       -584.6894567174627                           -332.74767222486577                         -976.5579986397174                       -96.36807899998927                       -31.18931095362208                           -2.234518411007036                          -30.23091699430134
80893.8775510204         227.71501919521083                         -10.593285744784088                         -143.18551236156523                       625.3242811978756                       188.43425823688847                         -141.30052670721957                         37.23755154194654                         658.7379209073885                       -270.8228122887649                         159.7230220878011                           118.68687111710031                        -928.3783826884819                      -72.30733904447608                         140.59626935904322                          11.00451768225492                         -31.788390105543776                     240.3858515987353                        329.1098636591211                            525.1624173833548                           703.4847075993301                        201.78192285117726                       549.70449113016                              28.879417731597147                          699.1109535541212                        -250.34925546501444                      -627.664273138739                            -364.572979293621                           -1002.5077156333705                      -101.83571342151258                      -31.393903223688312                          -8.81807919451851                           -33.74491294818225
88238.77551020408        249.01300476181288                         -11.03169366372529                          -153.89059501872688                       650.0194232103374                       212.40651500033457                         -152.60038495371063                         39.82115657152077                         672.0681478583535                       -303.1422557958048                         172.04250416566578                          127.78136862513418                        -953.5958466754472                      -76.84509751763693                         152.03254922179892                          11.745733563947192                        -35.086636455550895                     265.4575757680295                        348.18307384922434                           563.3674656037817                           728.5934546403043                        210.5534541534242                        587.9787815418237                            35.38024097443202                           712.9111027131278                        -271.89689660523857                      -670.639089560014                            -396.39828636237496                         -1028.4574326270244                      -107.30334784303562                      -31.598495493754893                          -15.401639978029884                         -37.25890890206337
95583.67346938775        270.3109903284149                          -11.47010158266616                          -164.5956776758887                        674.7145652227988                       236.3787717637811                          -163.90024320020157                         42.404761601095004                        685.3983748093184                       -335.4616993028461                         184.3619862435303                           136.87586613316802                        -978.8133106624111                      -81.38285599079835                         163.4688290845545                           12.486949445639656                        -38.38488280555776                      290.5292999373257                        367.25628403932825                           601.5725138242086                           753.7022016812786                        219.32498545567128                       626.2530719534889                            41.88106421726732                           726.7112518721342                        -293.444537745463                        -713.6139059812915                           -428.2235934311304                          -1054.4071496206782                      -112.7709822645587                       -31.803087763820916                          -21.985200761542025                         -40.77290485594454
102928.57142857142       291.60897589501633                         -11.908509501607059                         -175.3007603330503                        699.4097072352606                       260.35102852722696                         -175.20010144669249                         44.988366630669255                        698.7286017602834                       -367.7811428098847                         196.68146832139504                          145.97036364120186                        -1004.0307746493777                     -85.92061446395904                         174.90510894731005                          13.228165327331942                        -41.68312915556487                      315.6010241066204                        386.32949422943136                           639.7775620446357                           778.8109487222526                        228.09651675791815                       664.5273623651522                            48.381887460102426                          740.5114010311407                        -314.99217888568813                      -756.5887224025654                           -460.0489004998856                          -1080.3568666143308                      -118.23861668608127                      -32.007680033887176                          -28.568761545054038                         -44.286900809825596
110273.4693877551        312.90696146161827                         -12.346917420547824                         -186.00584299021207                       724.1048492477222                       284.3232852906731                          -186.49995969318348                         47.571971660243506                        712.0588287112482                       -400.10058631692584                        209.00095039925955                          155.06486114923584                        -1029.2482386363417                     -90.45837293711993                         186.34138881006572                          13.969381209024263                        -44.98137550557185                      340.67274827591547                       405.40270441953504                           677.9826102650626                           803.9196957632267                        236.86804806016522                       702.8016527768168                            54.88271070293751                           754.3115501901473                        -336.5398200259122                       -799.563538823841                            -491.8742075686399                          -1106.3065836079843                      -123.70625110760444                      -32.212272303952986                          -35.152322328565255                         -47.80089676370669
117618.36734693877       334.2049470282197                          -12.785325339488905                         -196.71092564737367                       748.799991260184                        308.2955420541199                          -197.79981793967443                         50.15557668981775                         725.389055662213                        -432.4200298239661                         221.32043247712414                          164.15935865726956                        -1054.4657026233058                     -94.99613141028082                         197.77766867282136                          14.710597090716593                        -48.279621855578775                     365.744472445211                         424.4759146096384                            716.1876584854901                           829.028442804201                         245.63957936241212                       741.0759431884816                            61.383533945772825                          768.1116993491536                        -358.08746116613725                      -842.538355245118                            -523.6995146373937                          -1132.2563006016378                      -129.17388552912757                      -32.41686457401927                           -41.73588311207741                          -51.314892717587625
124963.26530612244       354.9226530920799                          -13.16666273059889                          -207.2676328407371                        772.906482574548                        331.7939935165054                          -208.82111960893698                         52.706980982519354                        738.2937552494607                       -464.2030486437215                         233.29846805255227                          173.11785271901726                        -1079.2750487059907                     -99.49719848636835                         208.95178003170702                          15.426802086087273                        -51.5264748858398                       390.1185364117245                        443.0032713720622                            753.1181284463352                           853.5098918497382                        254.123509463446                         777.8177503513077                            67.83530726925194                           781.4744113856356                        -379.2072131006106                       -884.1171517860763                           -554.7606856601321                          -1157.7567184330244                      -134.34901516394967                      -32.73538339484657                           -48.169181303969204                         -54.77709177976469
132308.16326530612       373.90720476461115                         -13.377544271625906                         -217.381178444845                         795.2548167636893                       353.8773032510045                          -219.0104402194588                          55.16220946985281                         749.9275076197686                       -494.3838967888421                         244.2566855880424                           181.67013741260078                        -1102.8654454123082                     -103.88867724223785                        219.34285753948583                          16.068305619051422                        -54.61982851213772                      412.40885825329104                       459.9002960949499                            786.2417417161405                           876.1177536492561                        261.74844440356287                       809.9824010579568                            74.1405803584067                            793.5306046389244                        -399.04896356778846                      -921.5263749153875                           -583.5395673077143                          -1181.9151884402581                      -138.6505038151419                       -33.39417324163209                           -54.153681512670744                         -58.084586066245365
139653.0612244898        392.8917564371419                          -13.588425812653318                         -227.494724048953                         817.6031509528302                       375.9606129855038                          -229.1997608299808                          57.617437957186276                        761.561259990076                        -524.5647449339623                         255.21490312353237                          190.2224221061845                         -1126.4558421186225                     -108.28015599810857                        229.7339350472645                           16.70980915201553                         -57.71318213843569                      434.6991800948582                        476.7973208178391                            819.3653549859448                           898.725615448774                         269.3733793436798                        842.1470517646051                            80.44585344756102                           805.5867978922133                        -418.89071403496575                      -958.9355980446992                           -612.318448955297                           -1206.0736584475003                      -142.95199246633447                      -34.052963088417556                          -60.13818172137197                          -61.39208035272603
146997.95918367346       411.87630810967306                         -13.7993073536802                           -237.6082696530608                        839.9514851419711                       398.0439227200027                          -239.38908144050217                         60.07266644451973                         773.1950123603835                       -554.7455930790828                         266.17312065902235                          198.77470679976793                        -1150.0462388249446                     -112.67163475397861                        240.12501255504316                          17.35131268497958                         -60.80653576473359                      456.98950193642344                       493.69434554072706                           852.4889682557504                           921.3334772482918                        276.9983142837969                        874.3117024712508                            86.75112653671664                           817.6429911455024                        -438.7324645021402                       -996.3448211740116                           -641.0973306028789                          -1230.2321284547365                      -147.25348111752677                      -34.71175293520254                           -66.12268193007237                          -64.69957463920628
154342.85714285713       430.8608597822039                          -14.010188894707401                         -247.72181525716886                       862.2998193311125                       420.1272324545018                          -249.57840205102394                         62.5278949318532                          784.8287647306911                       -584.9264412242027                         277.13133819451235                          207.3269914933516                         -1173.6366355312605                     -117.06311350984849                        250.51609006282195                          17.99281621794373                         -63.89988939103163                      479.27982377799066                       510.59137026361503                           885.6125815255552                           943.9413390478098                        284.6232492239138                        906.4763531779015                            93.05639962587121                           829.6991843987914                        -458.5742149693203                       -1033.754044303324                           -669.8762122504623                          -1254.3905984619746                      -151.5549697687185                       -35.370542781988426                          -72.10718213877409                          -68.00706892568672
161687.7551020408        449.8454114547348                          -14.221070435734442                         -257.83536086127674                       884.6481535202535                       442.21054218900133                         -259.7677226615459                          64.98312341918665                         796.4625171009984                       -615.1072893693232                         288.0895557300024                           215.87927618693578                        -1197.2270322375732                     -121.4545922657189                         260.9071675706006                           18.63431975090788                         -66.99324301732953                      501.57014561955634                       527.4883949865033                            918.7361947953602                           966.549200847328                         292.24818416403076                       938.6410038845497                            99.36167271502639                           841.7553776520805                        -478.4159654364955                       -1071.163267432632                           -698.6550938980406                          -1278.54906846921                        -155.85645841991112                      -36.02933262877341                           -78.09168234747469                          -71.31456321216717
169032.6530612245        468.8299631272665                          -14.431951976761669                         -267.94890646538477                       906.9964877093946                       464.2938519234997                          -269.9570432720673                          67.43835190652013                         808.0962694713063                       -645.2881375144439                         299.0477732654924                           224.43156088051927                        -1220.8174289438946                     -125.84607102158883                        271.2982450783794                           19.275823283871986                        -70.08659664362752                      523.8604674611229                        544.3854197093926                            951.8598080651658                           989.1570626468457                        299.8731191041477                        970.805654591199                             105.6669458041805                           853.8115709053695                        -498.25771590367316                      -1108.5724905619466                          -727.433975545624                           -1302.7075384764462                      -160.15794707110334                      -36.68812247555914                           -84.07618255617655                          -74.62205749864765
176377.55102040817       487.81451479979705                         -14.642833517788604                         -278.06245206949296                       929.3448218985358                       486.3771616579989                          -280.1463638825892                          69.8935803938536                          819.7300218416137                       -675.4689856595644                         310.0059908009826                           232.98384557410287                        -1244.4078256502073                     -130.2375497774588                         281.6893225861579                           19.917326816836095                        -73.17995026992551                      546.1507893026896                        561.28244443228                              984.9834213349708                           1011.7649244463637                       307.49805404426473                       1002.9703052978454                           111.97221889333589                          865.8677641586584                        -518.0994663708512                       -1145.9817136912588                          -756.2128571932069                          -1326.8660084836874                      -164.45943572229552                      -37.34691232234381                           -90.06068276487724                          -77.92955178512833
183722.44897959183       505.3072860412279                          -14.637168738130796                         -287.76812778201054                       950.094690312624                        506.7820411096585                          -289.4845324159324                          72.29251424221907                         830.3100291111945                       -703.8737566338731                         319.87787177498546                          241.12690446783836                        -1266.9638736017246                     -134.3715575745795                         291.30391693551644                          20.48850200374915                         -76.10199218094408                      566.4577046279319                        576.7376165587889                            1014.6193578774554                          1032.6659237616727                       314.4212344464597                        1031.1586740310559                           118.09546561719758                          876.8364686822093                        -536.7431656946464                       -1179.7449035839354                          -782.833721061427                           -1349.8708108163028                      -168.04692800513936                      -38.23729807069204                           -95.52429871154347                          -81.06248710784033
191067.3469387755        522.6320690155698                          -14.607118840933486                         -297.4278735742422                        970.6645567036591                       526.9979137954681                          -298.72685335703466                         74.6851087938292                          840.7713749412411                       -732.0785249000654                         329.62742120968545                          249.2238807534835                         -1289.4034443215592                     -138.47657176159174                        300.8310721031519                           21.05175756875696                         -79.00474280915645                      586.5412700441283                        592.0304227539492                            1043.8625497791293                          1053.3747145824195                       321.26539080041726                       1058.8992766559033                           124.19821448961106                          887.6827119216614                        -555.251953384488                        -1213.0975164289398                          -809.2115721782067                          -1372.7456995038383                      -171.55401769647324                      -39.15376365851197                           -100.92925827506684                         -84.17576547754723
198412.24489795917       539.9568519899121                          -14.57706894373549                          -307.08761936647363                       991.2344230946942                       547.2137864812772                          -307.96917429813675                         77.07770334543932                         851.2327207712875                       -760.2832931662552                         339.37697064438566                          257.32085703912816                        -1311.8430150413917                     -142.5815859486044                         310.3582272707872                           21.615013133764744                        -81.90749343736852                      606.6248354603229                        607.3232289491104                            1073.1057416808014                          1074.0835054031668                       328.10954715437515                       1086.6398792807497                           130.300963362025                            898.5289551611133                        -573.7607410743326                       -1246.450129273952                           -835.5894232949894                          -1395.62058819138                        -175.06110738780717                      -40.070229246329724                          -106.33421783858924                         -87.28904384725422
205757.14285714284       557.2816349642553                          -14.547019046538022                         -316.74736515870524                       1011.8042894857291                      567.4296591670864                          -317.2114952392392                          79.47029789704945                         861.6940666013346                       -788.4880614324526                         349.1265200790861                           265.4178333247732                         -1334.2825857612347                     -146.68660013561674                        319.8853824384229                           22.178268698772424                        -84.8102440655809                       626.708400876521                         622.6160351442707                            1102.3489335824752                          1094.792296223914                        334.9537035083329                        1114.3804819055981                           136.40371223443887                          909.3751984005656                        -592.2695287641724                       -1279.8027421189586                          -861.9672744117725                          -1418.4954768789196                      -178.56819707914025                      -40.98669483414817                           -111.73917740211161                         -90.40232221696112
213102.04081632654       574.6064179385982                          -14.51696914934066                          -326.4071109509368                        1032.3741558767638                      587.6455318528957                          -326.4538161803415                          81.86289244865961                         872.1554124313813                       -816.6928296986441                         358.87606951378666                          273.5148096104181                         -1356.7221564810625                     -150.79161432262856                        329.4125376060578                           22.74152426378022                         -87.7129946937931                       646.7919662927158                        637.9088413394321                            1131.5921254841487                          1115.501087044661                        341.7978598622906                        1142.121084530444                            142.50646110685193                          920.2214416400178                        -610.7783164540167                       -1313.1553549639696                          -888.3451255285546                          -1441.3703655664585                      -182.07528677047355                      -41.90316042196699                           -117.14413696563521                         -93.51560058666803
220446.9387755102        591.9312009129407                          -14.486919252142611                         -336.0668567431686                        1052.944022267799                       607.8614045387048                          -335.69613712144377                         84.25548700026974                         882.6167582614278                       -844.8975979648372                         368.62561894848636                          281.6117858960629                         -1379.161727200899                      -154.89662850964123                        338.9396927736937                           23.304779828788064                        -90.61574532200534                      666.8755317089117                        653.2016475345931                            1160.8353173858213                          1136.2098778654083                       348.6420162162482                        1169.8616871552913                           148.6092099792667                           931.0676848794698                        -629.2871041438586                       -1346.5079678089762                          -914.722976645336                           -1464.2452542539993                      -185.582376461807                        -42.81962600978575                           -122.54909652915786                         -96.62887895637546
227791.83673469388       609.2559838872838                          -14.456869354945301                         -345.72660253540005                       1073.5138886588343                      628.077277224514                           -344.93845806254615                         86.6480815518799                          893.0781040914748                       -873.1023662310296                         378.3751683831868                           289.70876218170804                        -1401.601297920735                      -159.00164269665487                        348.4668479413289                           23.868035393795683                        -93.51849595021757                      686.959097125106                         668.494453729753                             1190.0785092874942                          1156.9186686861556                       355.486172570206                         1197.6022897801367                           154.71195885168058                          941.913928118922                         -647.7958918336998                       -1379.8605806539842                          -941.1008277621165                          -1487.1201429415373                      -189.08946615314005                      -43.736091597603924                          -127.95405609268094                         -99.74215732608235
235136.73469387754       626.2387447987622                          -14.37233893415394                          -355.2934130419392                        1093.7615263727487                      647.8485745084831                          -353.9822772522488                          89.03797545333384                         903.369852648941                        -900.8342532088346                         387.86717566240833                          297.70306942278233                        -1423.8730478322689                     -163.05260175703037                        357.819151803755                            24.412756786276105                        -96.37567956468871                      706.6163376740303                        683.5117402194337                            1218.5944110342687                          1177.2851327063033                       362.22932977645723                       1224.544822798656                            160.77402960956704                          952.5818815875859                        -666.0765528580082                       -1412.4878265096538                          -967.0249456321571                          -1509.801689747692                       -192.46478883142447                      -44.69728568264044                           -133.22064785436683                         -102.80718965132743
242481.6326530612        642.8154708785131                          -14.223131427781661                         -364.74989451656813                       1113.626627166099                       667.0920897629386                          -362.79044314943417                         91.42466325158342                         913.460262148169                        -928.0047545475139                         397.053439256887                            305.5754921050451                         -1445.9455676324746                     -167.03938874597821                        366.96387923180237                          24.93547515485731                         -99.17876785384084                      725.767462493773                         698.2019408003382                            1246.2469031717621                          1197.2452001223432                       368.85258485826455                       1250.5399196909818                           166.78780894657734                          963.0381766138822                        -684.0863910836921                       -1444.2539458608037                          -992.4104096476846                          -1532.25370885139                        -195.68368301347877                      -45.71157963991662                           -138.32297492895742                         -105.81494621377401
249826.53061224488       659.2338031840229                          -14.04869345621043                          -374.16333674823863                       1133.3425006964178                      686.1297177853171                          -371.5066809372619                          93.8101003522389                          923.4721294858765                       -954.956259920231                          406.12043255140065                          313.4003677450762                         -1467.9403679691966                     -171.00114227523324                        376.02763130425114                          25.449610166229405                        -101.96075361169177                     744.7211520831244                        712.7645455014253                            1273.5625801002093                          1217.0467326371058                       375.42906624346796                       1276.1654227156043                           172.78274984949473                          973.411903897422                         -701.990581611519                        -1475.6841406397557                          -1017.5857453432775                         -1554.6161894321838                      -198.84155459850356                      -46.7465878032636                            -143.3612225164466                          -108.80035955949866
257171.42857142855       675.4937417152915                          -13.849025019438498                         -383.53373973695017                       1152.9091469637042                      704.9614585756196                          -380.13099061573166                         96.19428675530033                         933.4054546620636                       -981.6887693269992                         415.0681555459492                           321.17769634287555                        -1489.8574488424442                     -174.93786234479475                        385.01040802110094                          25.95516182039213                         -104.72163683824122                     763.4774064420856                        727.1995543226914                            1300.5414418196076                          1236.689730250592                        381.95877393206683                       1301.4213318725235                           178.758852318323                            983.7030634382048                        -719.78912444148                         -1506.7784108465064                          -1042.5509527189297                         -1576.8891314900634                      -201.93840358649805                      -47.80231017267752                           -148.33539061683135                         -111.76342968850076
264516.32653061225       691.5952864723204                          -13.624126117467293                         -392.86110348270273                       1172.3265659679591                      723.5873121338452                          -388.66337218484523                         98.5772224607677                          943.2602376767305                       -1008.2022827678044                        423.8966082405324                           328.90747789844306                        -1511.6968102522196                     -178.8495489546608                         393.91220938235193                          26.452130117345586                        -107.46141753348927                     782.03622557066                          741.5069672641387                            1327.1834883299568                          1256.1741929628004                       388.44170792406135                       1326.3076471617471                           184.7161163530587                           993.9116552362314                        -737.4820195735841                       -1537.536756481046                           -1067.3060317746606                         -1599.072535025032                       -204.97422997746395                      -48.87874674816425                           -153.24547923011326                         -114.70415660078025
271861.2244897959        707.5384374551087                          -13.37399675029613                          -402.14542798549587                       1191.594757709182                       742.0072784599947                          -397.1038256446007                          100.95890746864099                        953.0364785298773                       -1034.4968002426624                        432.605790635151                            336.58971241177835                        -1533.4584521985066                     -182.73620210483514                        402.73303538800457                          26.940515057089495                        -110.18009569743597                     800.3976094688468                        755.6867843257667                            1353.48871963126                            1275.5001207737319                       394.87786821945224                       1350.8243685832635                           190.65454195370404                          1004.0376792915009                       -755.0692670078244                       -1567.959177543385                           -1091.8509825104486                         -1621.1664000370897                      -207.9490337714001                       -49.97589752971764                           -158.091488356291                           -117.62254029633694
279206.1224489796        723.3231946636556                          -13.098636917924795                         -411.3867132453304                        1210.7137221873732                      760.2213575540693                          -405.45235099499934                         103.33934177892026                        962.7341772215037                       -1060.5723217515574                        441.1957027298041                           344.2243998828815                         -1555.1423746813189                     -186.59782179531607                        411.47288603805816                          27.420316639624613                        -112.87767133008137                     818.5615581366422                        769.7390055075754                            1379.457135723515                           1294.6675136833865                       401.267254818238                         1374.971496137085                            196.57412912025896                          1014.0811356040138                       -772.5508667442018                       -1598.0456740335258                          -1116.1858049263064                         -1643.1707265262316                      -210.86281496830648                      -51.09376251734142                           -162.87341799536586                         -120.51858077517116
286551.02040816325       738.9577573092926                          -12.797351988995068                         -420.5829310936413                        1229.6889350217543                      778.2341356476576                          -413.7102145965508                          105.72000829602635                        972.3582502781115                       -1086.4338620199483                        449.66689432753776                          351.80831780164823                        -1576.7509382796272                     -190.4337892253515                         420.133402520284                            27.8907792332263                          -115.55430552998493                     836.5367422721991                        783.6691559647935                            1405.1060274341894                          1313.6824333333464                       407.613922197904                         1398.771351205835                            202.47632471688132                          1024.0470146820867                       -789.9320489992494                       -1627.8145380878789                          -1140.321831047989                          -1665.0884375879398                      -213.7198612237219                       -52.22924705923895                           -167.5925335519847                          -123.39262577809792
293895.9183673469        754.4745047070211                          -12.467398810946369                         -429.72607213706243                       1248.542019853007                       796.0637241213967                          -421.88241740413247                         108.10676312336295                        981.9281134403052                       -1112.1012245836125                        458.0215366427838                           359.3287402282716                         -1598.2934651009955                     -194.241660703263                          428.7210660111864                           28.348918790205996                        -118.21063448772728                     854.3574031281662                        797.4990549596035                            1430.5036775684018                          1332.5688176115834                       413.9338818013019                        1422.3120826431898                           208.3668425212178                           1033.9550244261945                       -807.2334682995896                       -1657.3380067575288                          -1164.3038119152131                         -1686.9310767506995                      -216.53710481853446                      -53.37013013788929                           -172.25383220624116                         -126.24604856028857
301240.8163265306        769.8440184332286                          -12.111269691724022                         -438.8234133586598                        1267.2533303908506                      813.6936677702344                          -429.9644157697691                          110.49428566255907                        991.4261264188488                       -1137.5564168196502                        466.2576570054614                           366.79722939277724                        -1619.761485487886                      -198.02365645999245                        437.22998799842634                          28.797446485243835                        -120.84608018848627                     871.99243060615                          811.2088784686212                            1455.5880473681896                          1351.304917604363                        420.2125863346275                        1445.5136022719275                           214.24049124583237                          1043.7872591034743                       -824.436358849414                        -1686.550448630286                           -1188.0910886986153                         -1708.6881560714778                      -219.29916182594096                      -54.527515233107636                          -176.85277373976152                         -129.07760144240297
308585.71428571426       785.0662984879118                          -11.728964631329985                         -447.8749547584326                        1285.8228666352848                      831.1239665941706                          -437.95620969346044                         112.88257591361467                        1000.8522892137427                      -1162.7994387280662                        474.3752554155715                           374.2137852951642                         -1641.1549994403017                     -201.77977649553569                        445.66016848200354                          29.23636231833956                         -123.4606426322623                      889.4418247061544                        824.7986264918438                            1480.3591368335499                          1369.8907333116854                       426.4500357978817                        1468.3759100920347                           220.09727089072172                          1053.5437187139264                       -841.5407206487155                       -1715.4518637061576                          -1211.6836613982025                         -1730.359675550291                       -222.00603224594096                      -55.70140234488646                           -181.38935815254584                         -131.88728442444102
315930.61224489793       800.1413448710715                          -11.320483629762832                         -456.8806963363813                        1304.2506285863092                      848.354620593206                           -445.85779917520756                         115.27163387652982                        1010.2066018249874                      -1187.8302903088488                        482.3743318731132                           381.57840793543227                        -1662.4740069582324                     -205.51002080989576                        454.01160746191823                          29.665666289493554                        -126.05432181905499                     906.7055854281747                        838.2682990292751                            1504.8169459644823                          1388.3262647335496                       432.6462301910636                        1490.8990061035247                           225.93718145588835                          1063.224403257551                        -858.5465536975082                       -1744.0422519851368                          -1235.0815300139705                         -1751.9456351871263                      -224.6577160785347                       -56.89179147323319                           -185.8635854445946                          -134.67509750640244
323275.5102040816        815.0691575827084                          -10.88582668702256                          -465.8406380925054                        1322.5366162439234                      865.3856297673389                          -453.66918421500856                         117.66145955130449                        1019.4890642525824                      -1212.6489715620096                        490.25488637808684                          388.89109731358195                        -1683.7185080416853                     -209.2143894030722                         462.28430493817075                          30.085358398705473                        -128.62711774886444                     923.7837127722177                        851.6178960809115                            1528.9614747609883                          1406.6115118699558                       438.8011695141741                        1513.0828903063905                           231.76022294133102                          1072.8293127343482                       -875.4538579957895                       -1772.3216134672414                          -1258.2846945459141                         -1773.4460349819897                      -227.25421332372235                      -58.098682618141254                          -190.27545561590796                         -137.44104068828804
330620.4081632653        829.8497366228213                          -10.424993803109912                         -474.75478002680563                       1340.6808296081294                      882.2169941165723                          -461.39036481286576                         120.0520529379387                         1028.6996764965274                      -1237.2554824875388                        498.0169189304923                           396.15185342961325                        -1704.88850269066                       -212.89288227506358                        470.4782609107606                           30.495438645975394                        -131.17903042169112                     940.6762067382782                        864.847417646756                             1552.7927232230672                          1424.746474720905                        444.91485376721243                       1534.9275627006352                           237.56639534705093                          1082.358447144317                        -892.2626335435496                       -1800.2899481524455                          -1281.2931549940467                         -1794.8608749348844                      -229.79552398150358                      -59.32207577961404                           -194.62496866648524                         -140.18511397009692
337965.306122449         844.4830819914121                          -9.937984978024463                          -483.62312213928124                       1358.683268678925                       898.8487136409007                          -469.02134096877757                         122.44341403643242                        1037.838438556823                       -1261.6498230854427                        505.66042953032945                          403.3606762835253                         -1725.9839909051477                     -216.54549942587033                        478.5934753796879                           30.89590703130355                         -133.7100598375345                      957.3830673263593                        877.9568637268075                            1576.3106913507183                          1442.7311532863976                       450.987282950179                         1556.433023286252                            243.3556986730469                           1091.8118064874584                       -908.972880340796                        -1827.9472560407664                          -1304.1069113583555                         -1816.1901550458003                      -232.28164805187865                      -60.56197095765175                           -198.91212459632692                         -142.90731735182982
345310.20408163266       853.1914911467592                          -9.046165120245913                          -488.0107495348156                        1348.3840198332632                      911.6469083614944                          -472.43297517446223                         123.64491823228875                        1012.5771505166945                      -1280.1689915262486                        508.4298143381375                           406.8849791886087                         -1700.248996373755                      -217.67090640582225                        482.5392288074252                           30.947350718631863                        -135.42083089462955                     969.6224571725834                        879.8889944773496                            1583.8548371478228                          1427.7366624321505                       449.3330404195266                        1561.8472421037168                           249.60863287853175                          1064.4801757564128                       -919.4796234202548                       -1836.6253337925134                          -1317.2974212674942                         -1786.3321463866914                      -231.53256695719145                      -59.692018923445154                          -204.73002741088985                         -144.69043240731202
352655.10204081633       859.1321244814966                          -7.956435105265031                          -490.341071440595                         1325.1707502811769                      922.5972710096557                          -473.88158805264675                         124.30716891816016                        971.6740700650624                       -1295.907471291992                         508.9237194379897                           408.7097481712741                         -1653.2327950350025                     -217.63592921473074                        484.5508487498614                           30.835238024304566                        -136.74815310193318                     979.7341380136111                        876.6859139067336                            1583.9826871675773                          1397.7019761935578                       444.15173542350794                       1559.7777382720215                           256.0626341799009                           1020.4228914831104                       -927.1188575005064                       -1836.5252105814727                          -1326.0168053645948                         -1733.2108124017677                      -229.28596598475187                      -57.87413923197745                           -211.20814339351944                         -146.0356628010795
359900                   863.2082595668985                          -6.748463187867157                          -491.3364260472325                        1294.1444854775625                      932.1718752642128                          -474.05049799443026                         124.62332506284257                        921.5171401178837                       -1309.6169850672327                        507.9454232295042                           409.4280783405376                         -1593.517089682238                      -216.86634499366673                        485.2972311663245                           30.61892960953064                         -137.8101289858049                      988.3113529183141                        870.2714055285625                            1579.358332035162                           1358.6140474012454                       436.81988171443027                       1552.934582754602                            262.5485768117893                           966.4752628581482                        -932.8253209079447                       -1830.8247940190065                          -1331.751456977972                          -1666.2291940272187                      -226.11358284577847                      -55.49384179547388                           -217.98900156687608                         -147.080899371391
359950                   863.2302359047461                          -6.7396672658640835                         -491.3387982994073                        1293.9023096338315                      932.2337206422734                          -474.0473158918367                          124.62434382881445                        921.1371326937792                       -1309.7053380689663                        507.93361468064825                          409.4293035667644                         -1593.058936109819                      -216.8584972237752                         485.29811080361793                          30.61707196103316                         -137.8166048423482                      988.3657278502136                        870.2159042149005                            1579.3100250236917                          1358.3116345181645                       436.76161726702344                       1552.8707856559492                           262.59375238639785                          966.0667497311143                        -932.8583930214194                       -1830.7661234561467                          -1331.7811443671922                         -1665.7166030864764                      -226.08838878604897                      -55.47538824759177                           -218.03714806069897                         -147.08714098616375
360000                   863.2521278721835                          -6.730865048852648                          -491.3411089044346                        1293.6597492622043                      932.2955079951665                          -474.04407418842237                         124.62534664998871                        920.7566611923969                       -1309.7936052305379                        507.9217368103686                           409.4304776303332                         -1592.6001515333983                     -216.85061468225453                        485.2989318869378                           30.615209311564147                        -137.82306900204782                     988.4200367094774                        870.1602489282647                            1579.2614933010877                          1358.0087740466292                       436.703247755361                         1552.8067614165234                           262.63893362846636                          965.657740387311                         -932.8913786289356                       -1830.7071879182433                          -1331.810696185177                          -1665.2033223015003                      -226.06314948719657                      -55.45690692491338                           -218.08531304719827                         -147.09336927669597
360050                   863.2739354692131                          -6.72205653683412                           -491.34335786231395                       1293.4168043626814                      932.3572373228947                          -474.0407728841859                          124.62633352636534                        920.375725613736                        -1309.8817865519416                        507.9097896186655                           409.431600531245                          -1592.140735952949                      -216.84269736910548                        485.2996944162843                           30.613341661123375                        -137.82952146490427                     988.4742794961003                        870.1044396686544                            1579.2127368673491                          1357.7054659866403                       436.644773179442                         1552.7425100363296                           262.68412053799176                          965.2482348267395                        -932.924277730499                        -1830.6479874052823                          -1331.8401124319214                         -1664.6893516722735                      -226.0378649492207                       -55.43839782743862                           -218.13349652637586                         -147.09958424298802
360100                   863.2956586958331                          -6.7132417298073355                         -491.3455451730454                        1293.173474935263                       932.4189086254546                          -474.0374119791283                          124.62730445794432                        919.9943259577973                       -1309.9698820331798                        507.8977731055382                           409.43267226949854                        -1591.6806893684984                     -216.83474528432814                        485.3003983916569                           30.611469009710977                        -137.8359622309171                      988.5284562100838                        870.0484764360716                            1579.1637557224806                          1357.4017103381975                       436.5861935392673                        1552.67803151537                             262.72931311497695                          964.8382330493985                        -932.9570903261013                       -1830.5885219172678                          -1331.8693931074179                         -1664.1746911988012                      -226.01253517212066                      -55.41986095516832                           -218.18169849822962                         -147.10578588503986
360100                   863.2956586958331                          -6.7132417298073355                         -491.3455451730454                        1293.173474935263                       932.4189086254546                          -474.0374119791283                          124.62730445794432                        919.9943259577973                       -1309.9698820331798                        507.8977731055382                           409.43267226949854                        -1591.6806893684984                     -216.83474528432814                        485.3003983916569                           30.611469009710977                        -137.8359622309171                      988.5284562100838                        870.0484764360716                            1579.1637557224806                          1357.4017103381975                       436.5861935392673                        1552.67803151537                             262.72931311497695                          964.8382330493985                        -932.9570903261013                       -1830.5885219172678                          -1331.8693931074179                         -1664.1746911988012                      -226.01253517212066                      -55.41986095516832                           -218.18169849822962                         -147.10578588503986
363771.4285714286        864.6602143011564                          -6.048781355150277                          -491.3376997828052                        1274.2553849043752                      936.7887851755717                          -473.627760804438                           124.65502795290692                        890.7205602964801                       -1316.2040412340639                        506.8259905560745                           409.37156181758905                        -1556.1758494671178                     -216.15581839000697                        485.1920861874094                           30.460297277527566                        -138.2769357791443                      992.3260253712763                        865.5184309232662                            1574.9530964190972                          1333.8742904541914                       431.99767651842285                       1547.3227828215388                           266.0632263331262                           933.3764303641886                        -935.1300868735692                       -1825.4979874131036                          -1333.6489704060555                         -1624.498845112487                       -224.02898576446418                      -53.982827724337575                          -221.77163336991285                         -147.52475389139755
367442.85714285716       865.5698653208602                          -5.350379839429056                          -490.9974680694687                        1253.264014629533                       940.8458042405189                          -472.8967565976683                          124.59678100390634                        858.9446036020302                       -1321.9753712841311                        505.3804438657825                           409.03459484489804                        -1517.2687904602124                     -215.28941138833198                        484.7680652974189                           30.28216153115809                         -138.65484281187486                     995.7673470489793                        860.158200842649                             1569.5308497160104                          1307.9335832399572                       426.84267875976207                       1540.7428467264513                           269.4276970998608                           899.2391483836359                        -936.8366644847799                       -1818.9787723088932                          -1334.6975807605093                         -1581.103527806171                       -221.80151807984782                      -52.39603959458658                           -225.4612762275387                          -147.87188085764197
371114.28571428574       866.0246117549455                          -4.618037182642826                          -490.3248500330372                        1230.1993641107379                      944.5899658203011                          -471.8443993588209                          124.45256361094253                        824.6664558744465                       -1327.2838721833884                        503.561133034663                            408.4217713514259                         -1474.9595123477739                     -214.2355242793051                         484.0283357216858                           30.07706177060324                         -138.96968332910856                     998.8524212431942                        853.9677861942178                            1562.8970156132186                          1279.5795886954966                       421.1212002632855                        1532.9382232301118                           272.82272541518114                          862.4263871077405                        -938.0768231597293                       -1811.0308766046371                          -1335.015224170784                          -1533.9887392798596                      -219.33013211827307                      -50.659496565917564                          -229.2506270711089                          -148.1471667837714
374785.71428571426       866.0244536034073                          -3.8517533847914818                         -489.3198456735101                        1205.0614333479891                      948.0212699149128                          -470.470689087894                           124.22237577401557                        787.8861171137303                       -1332.1295439318358                        501.3680580627159                           407.5330913371712                         -1429.2480151298091                     -212.99415706292524                        482.9728974602088                           29.844997995862656                        -139.22145733084557                     1001.5812479539189                       846.9471869779738                            1555.0515941107224                          1248.8123068208083                       414.8332410289938                        1523.9089123325075                           276.24831127908806                          822.9381465365024                        -938.8505628984278                       -1801.6543003003367                          -1334.6019006368701                         -1483.1544795335446                      -216.61482787974316                      -48.773198638329895                          -233.13968590062106                         -148.35061166978778
378457.14285714284       865.5693908662504                          -3.0515284458754453                         -487.98245499088733                       1177.8502223412866                      951.1397165243598                          -468.775625784889                           123.90621749312537                        748.603587319881                        -1336.5123865294647                        498.8012189499397                           406.36855480213563                        -1380.1342988063154                     -211.56530973919354                        481.60175051298864                          29.585970206936228                        -139.41016481708584                     1003.9538271811537                       839.0964031939174                            1545.9945852085177                          1215.6317376158938                       407.9788010568854                        1513.6549140336422                           279.7044546915799                           780.7744266699215                        -939.1578837008653                       -1790.8490433959787                          -1333.4576101587716                         -1428.600748567241                       -213.65560536425335                      -46.73714581182293                           -237.1284527160789                          -148.4822155156905
382128.5714285714        864.6594235434695                          -2.2173623658942407                         -486.31267798516893                       1148.5657310906306                      953.9453056486394                          -466.7592094498055                          123.50408876827196                        706.8188664928971                       -1340.4323999762887                        495.8606156963358                           404.92816174631736                        -1327.6183633772969                     -209.9489823081091                         479.9148948800254                           29.299978403824298                        -139.5358057878294                      1005.9701589249013                       830.415434842046                             1535.7259889066086                          1180.0378810807515                       400.5578803469616                        1502.1762283335213                           283.1911556526592                           735.935227507997                         -938.9987855670482                       -1778.6151058915787                          -1331.58235273649                           -1370.3275463809318                      -210.45246457180508                      -44.5513380863973                            -241.21692751748006                         -148.54197832147833
385800                   863.2945516350685                          -1.3492551448480796                         -484.3105146563548                        1117.2079595960206                      956.4380372877512                          -464.4214400826435                          123.01598959945531                        662.5319546327808                       -1343.88958427229                          492.54624830190363                          403.2119121697175                         -1271.7002088427503                     -208.14517476967166                        477.9123305613196                           28.987022586526557                        -139.59838024307632                     1007.6302431851601                       820.9042819223623                            1524.2458052049956                          1142.0307372153818                       392.5704788992222                        1489.4728552321396                           286.7084141623229                           688.4205490507294                        -938.3732684969784                       -1764.952487787125                           -1328.9761283700223                         -1308.3348729746267                      -207.00540550240055                      -42.21577546205122                           -245.4051103048242                          -148.52990008715304
389471.4285714286        861.4747751410456                          -0.44720678273722736                        -481.9759650044454                        1083.7769078574572                      958.6179114416971                          -461.762317683403                           122.44191998667546                        615.7428517395302                       -1346.8839394174865                        488.8581167666436                           401.21980607233667                        -1212.3798352026736                     -206.1538871238819                         475.5940575568708                           28.647102755043182                        -139.5978881828262                      1008.934079961926                        810.5629444348648                            1511.554034103676                           1101.6103060197852                       384.0165967136667                        1475.5447947295013                           290.2562302205741                           638.2303912981191                        -937.2813324906479                       -1749.8611890826296                          -1325.6389370593683                         -1242.6227283483204                      -203.31442815603725                      -39.73045793879019                           -249.69300107810992                         -148.44598081271366
393142.85714285716       859.2080776698427                          0.48732329116101447                         -479.32119158374263                       1048.4120299555136                      960.48067593619                            -458.79185250666416                         121.78547411834705                        566.6435750705917                       -1349.4131868185036                        484.8084122652756                           398.96146812423314                        -1149.9116231233997                     -203.98386413237017                        472.9698470737708                           28.281126164450367                        -139.53532014713767                     1009.8726786387023                       799.4284629785446                            1497.6916217666974                          1058.9446732983936                       374.92767316752077                       1460.4288839615754                           293.8238985701366                           585.5712433105926                        -935.7289608370486                       -1733.389149421455                           -1321.5850990860356                         -1173.4718589674344                      -199.38887120065593                      -37.1090148983962                            -254.06361016656942                         -148.29195305880913
396814.28571428574       857.9074054504705                          1.1960439656370714                          -478.49873423501884                       1035.7940349678304                      961.273777127454                           -457.2816684451699                          121.68275470488894                        549.2175121997607                       -1351.07405896473                          482.55473990580464                          398.14028112155785                        -1129.3160925864986                     -203.18276160288244                        471.7690161646452                           28.04965963720897                         -139.5859828096972                      1008.8548717905037                       794.0563162025676                            1489.9052572726944                          1043.7818164657344                       370.8678776253662                        1450.6445925088203                           295.51679311426096                          566.9877254186827                        -934.7750814224692                       -1724.020770166671                           -1319.3490307986615                         -1150.5690277350782                      -196.88150051911313                      -36.76358663432355                           -255.51009029900527                         -148.3744469731777
400485.7142857143        856.3336229824184                          1.9054731921825492                          -477.62084346137874                       1024.2782614289822                      961.6571947917151                          -455.6780743435376                          121.57590792690951                        533.6616733843491                       -1352.2202162279036                        480.20490801772667                          397.26240046476136                        -1111.1108320075502                     -202.3933054831096                         470.4749762236842                           27.81188815443874                         -139.59613449344695                     1007.2760925931075                       788.6974344323672                            1481.8396883734868                          1030.033145506301                        366.95750578641423                       1440.4744301824753                           296.9964763444768                           550.4306800010021                        -933.4910282372333                       -1714.315341464166                           -1316.7080819603266                         -1130.3395886000644                      -194.342861887728                        -36.578757422710225                          -256.66940749849465                         -148.4245518968103
404157.14285714284       854.4867302656926                          2.615610970799618                           -476.687519262822                         1013.8647093389685                      961.6309289289709                          -453.981070201769                           121.46493378440869                        519.9760586243576                       -1352.8516586080366                        477.7589166010415                           396.3278261538421                         -1095.295841386579                      -201.6154957730516                         469.0877272508881                           27.567811716140167                        -139.56577519838606                     1005.1363410465092                       783.3518176679468                            1473.4949150690834                          1017.6986604200922                       363.196557650666                         1429.9183969825378                           298.262948260783                            535.9001070575521                        -931.8768012813453                       -1704.2728633139393                          -1313.6622525710336                         -1112.783541562373                       -191.77295530650025                      -36.554527263559386                          -257.5415617650434                          -148.44226782970608
407828.5714285714        852.3667273002882                          3.326457301486266                           -475.6987616393489                        1004.55337869779                        961.1949795392228                          -452.1906560198625                          121.3498322773865                         508.1606679197859                       -1352.968386105115                         475.2167656557493                           395.3365581888009                         -1081.8711207235729                     -200.84933247270746                        467.6072692462564                           27.31743032231256                         -139.49490492451542                     1002.4356171507133                       778.0194659093016                            1464.870937359476                           1006.7783612071078                       359.5850332181207                        1418.9764929090102                           299.31620886318024                          523.3960065883306                        -929.9324005548025                       -1693.893335715995                           -1310.2115426307735                         -1097.9008866220086                      -189.171780775429                        -36.69089615686914                           -258.1265530986479                          -148.42759477186587
411500                   849.9736140862013                          4.038012184243659                           -474.65457059095866                       996.3442695054456                       960.3493466224686                          -450.3068317978186                          121.23060340584291                        498.2155012706345                       -1352.5703987191446                        472.57845518185                             394.288596569638                          -1070.8366700185402                     -200.09481558207588                        466.0336022097896                           27.060743972956203                        -139.38352367183455                     999.1739209057179                        772.7003791564357                            1455.9677552446697                          997.272247867349                         356.12293248877944                       1407.6487179618841                           300.15625815166754                          512.9183785933383                        -927.6578260576068                       -1683.1767586703304                          -1306.3559521395607                         -1085.6916237789792                      -186.539338294516                        -36.987864102638525                          -258.42438149930916                         -148.38053272328887
415171.4285714286        847.3073906234396                          4.750275619070313                           -473.5549461176517                        989.2373817619356                       959.0940301787132                          -448.32959753563836                         121.107247169778                          490.14055867690263                      -1351.6576964501269                        469.8439851793439                           393.18394129635203                        -1062.1924892714758                     -199.35194510115892                        464.36672614148694                          26.79775266807113                         -139.23163144034353                     995.3512523115222                        767.3945574093475                            1446.785368724663                           989.1803204008147                        352.81025546264203                       1395.9350721411683                           300.78309612624537                          504.46722307257625                       -925.0530777897549                       -1672.123132176949                           -1302.095481097383                          -1076.1557530332661                      -183.87562786375952                      -37.44543110087136                           -258.4350469670279                          -148.30108168397643
418842.85714285716       844.3680569119991                          5.463247605967605                           -472.39988821942853                       983.2327154672608                       957.429030207951                           -446.25895323331997                         120.97976356919177                        483.9358401385907                       -1350.2302792980638                        467.0133556482306                           392.02259236894406                        -1055.9385784823758                     -198.62072102995637                        462.6066410413503                           26.52845640765748                         -139.03922823004203                     990.9676113681276                        762.1020006680369                            1437.3237777994536                          982.5025788075048                        349.6470021397068                        1383.8355554468574                           301.1967227869146                           498.04254002604256                       -922.1181557512491                       -1660.7324562358506                          -1297.4301295042426                         -1069.2932743848876                      -181.18064948315993                      -38.06359715156202                           -258.15854950180204                         -148.18924165392684
422514.28571428574       841.1556129518832                          6.17692814493543                            -471.18939689628866                       978.3302706214204                       955.3543467101844                          -444.09489889086433                         120.84815260408415                        479.60134565569905                      -1348.2881472629458                        464.0865665885105                           390.8045497874143                         -1052.0749376512529                     -197.90114336846904                        460.75334690937706                          26.252855191714968                        -138.80631404093074                     986.0229980755339                        756.8227089325051                            1427.5829824690454                          977.2390230874207                        346.6331725199749                        1371.350167878955                            301.3971381336731                           493.64432945373903                       -918.8530599420905                       -1649.0047308470255                          -1292.3598973601506                         -1065.104187833845                       -178.45440315271838                      -38.84236225471423                           -257.59488910363405                         -148.0450126331412
426185.7142857143        837.670058743085                           6.891317235973152                           -469.92347214823246                       974.5300472244148                       952.869979685414                           -441.8374345082722                          120.71241427445513                        477.13707522822654                      -1345.8313003447843                        461.0636180001834                           389.52981355176223                        -1050.601566778096                      -197.19321211669504                        458.80684374557023                          25.970949020243843                        -138.53288887300906                     980.5174124337437                        751.5566822027503                            1417.5629827334358                          973.3896532405603                        343.76876660344743                       1358.4789094374598                           301.38434216652354                          491.27259135566516                       -915.2577903622753                       -1636.939956010483                           -1286.8847846650867                         -1063.5884933801296                      -175.6968888724343                       -39.78172641032819                           -256.74406577252205                         -147.86839462161896
429857.14285714284       833.9113942856129                          7.606414879081618                           -468.6021139752584                        971.832045276244                        949.9759291336399                          -439.4865600855421                          120.5725485803048                         476.5430288561745                       -1342.8597385435712                        457.944509883249                            388.1983836619876                         -1051.518465862905                      -196.4969272746352                         456.76713154992706                          25.682737893243587                        -138.21895272627734                     974.4508544427513                        746.3039204787731                            1407.2637785926281                          970.9544692669255                        341.0537843901229                        1345.2217801223735                           301.15833488546406                          490.92732573182053                       -911.332347011807                        -1624.5381317262247                          -1281.0047914190684                         -1064.7461910237344                      -172.90810664230708                      -40.881689618400195                          -255.60607950846781                         -147.65938761936042
433528.5714285714        829.8796195794603                          8.322221074259875                           -467.22532237736857                       970.2362647769077                       946.67219505486                            -437.04227562267516                         120.42855552163306                        477.8192065395426                       -1339.3734618593053                        454.7292422377079                           386.81026011809143                        -1054.825634905682                      -195.8122888422883                         454.63421032244855                          25.388221810714874                        -137.86450560073538                     967.8233241025586                        741.0644237605748                            1396.685370046617                           969.933471166515                         338.4882258800013                        1331.578779933688                            300.719116290495                            492.608532582205                         -907.0767298906818                       -1611.7992579942488                          -1274.7199176220852                         -1068.5772807646708                      -170.08805646233657                      -42.14225187893564                           -254.18093031146842                         -147.41799162636588
437200                   825.5747346246294                          9.038735821508824                           -465.7930973545621                        969.7427057264059                       942.9587774490759                          -434.5045811196703                          120.28043509843998                        480.9656082783308                       -1335.3724702919997                        451.4178150635596                           385.3654429200722                         -1060.5230739064268                     -195.13929681965672                        452.40808006313506                          25.087400772657382                        -137.46954749638343                     960.6348214131659                        735.8381920481547                            1385.8277570954053                          970.3266589393297                        336.07209107308364                       1317.549908871416                            300.066686381617                            496.31621190681915                       -902.4909389989073                       -1598.723334814546                           -1268.030163274145                          -1075.081762602939                       -167.236738332524                        -43.56341319193168                           -252.46861818152806                         -147.14420664263506
440871.4285714286        820.9967394211212                          9.755959120827299                           -464.3054389068387                        970.3513681247388                       938.8356763162883                          -431.8734765765278                          120.12818731072554                        485.9822340725381                       -1330.8567638416444                        448.01022836080455                          383.86393206793116                        -1068.6107828651473                     -194.47795120673825                        450.0887407719859                           24.780274779071075                        -137.03407841322107                     952.8853463745781                        730.6252253415114                            1374.6909397389938                          972.134032585369                         333.8053799693695                        1303.1351669355472                           299.2010451588281                           502.0503637056628                        -897.5749743364713                       -1585.31036218713                            -1260.9355283752454                         -1084.2596365385364                      -164.3541522528678                       -45.14517355738639                           -250.46914311864222                         -146.83803266816733
444542.85714285716       816.1456339689362                          10.4738909722171                            -462.76234703419885                       972.0622519719067                       934.3028916564949                          -429.14896199324954                         119.97181215848973                        492.8690839221662                       -1325.8263425082325                        444.5064821294419                           382.30572756166794                        -1079.0887617818328                     -193.82825200353292                        447.6761924490021                           24.466843829956293                        -136.55809835124876                     944.5748989867849                        725.4255236406466                            1363.274917977383                           975.3555921046334                        331.6880925688575                        1288.3345541260892                           298.12219262213137                          509.8109879787363                        -892.3288359033846                       -1571.5603401119952                          -1253.4360129253835                         -1096.110902571458                       -161.4402982233687                       -46.887532975304985                          -248.18250512281446                         -146.4994697029635
448214.2857142857        811.3845692138157                          11.169794973423452                          -461.3042790421425                        972.8863090623146                       929.4043909517375                          -426.4994751682718                          119.86061673246975                        498.317609401364                        -1320.4143473473307                        441.10257389586917                          380.79486652349857                        -1087.4163548836623                     -193.22851355599104                        445.32663017551226                          24.168291431978545                        -136.04459261917836                     936.9023218379987                        720.8574486018852                            1352.6044707562173                          977.363283013307                         329.96664389633156                       1274.9178442621942                           297.10705282635917                          515.9373038201426                        -887.6634937826773                       -1559.1930450865439                          -1246.3982451233342                         -1105.4881101248595                      -158.90072570931073                      -48.39504791103991                           -245.9167080764299                          -146.07869103629406
451885.7142857143        807.38391831766                            11.812335736256971                          -460.1579440203636                        969.4072187181685                       924.4657244448326                          -424.21436516489825                         119.8642373833138                         496.6212770759327                       -1315.1355793885855                        438.12706245931906                          379.5094178761065                         -1085.876392722034                      -192.72320868666662                        443.3126471996351                           23.917475670641704                        -135.5239027433803                      931.8596351512717                        717.7521161528581                            1344.2524041919658                          973.6705926489559                        328.87870006273516                       1265.5387483425059                           296.67003606874135                          514.1430632286559                        -885.0302777510395                       -1550.7626125070124                          -1241.2618164491191                         -1103.6663560750324                      -157.3064530484483                       -49.02650087099664                           -244.27635523218532                         -145.52905010902435
455557.14285714284       803.3832674215048                          12.454876499090911                          -459.011608998584                         965.9281283740221                       919.5270579379279                          -421.9292551615249                          119.86785803415783                        494.92494475050125                      -1309.856811429844                         435.1515510227692                           378.223969228715                          -1084.3364305604027                     -192.21790381734252                        441.29866422375807                          23.666659909304762                        -135.00321286758222                     926.8169484645483                        714.6467837038293                            1335.9003376277142                          969.9779022846055                        327.7907562291387                        1256.1596524228148                           296.23301931112434                          512.3488226371696                        -882.3970617194017                       -1542.3321799274856                          -1236.125387774902                          -1101.8446020252086                      -155.7121803875848                       -49.65795383095369                           -242.63600238793936                         -144.97940918175522
459228.5714285714        799.3826165253504                          13.097417261924535                          -457.86527397680527                       962.4490380298759                       914.588391431023                           -419.6441451581517                          119.87147868500189                        493.22861242506974                      -1304.5780434710955                        432.1760395862204                           376.93852058132273                        -1082.7964683987755                     -191.71259894801776                        439.2846812478811                           23.415844147967913                        -134.48252299178392                     921.7742617778222                        711.5414512548026                            1327.5482710634626                          966.2852119202543                        326.7028123955418                        1246.780556503126                            295.79600255350675                          510.5545820456835                        -879.763845687766                        -1533.9017473479632                          -1230.988959100683                          -1100.0228479753762                      -154.11790772672143                      -50.28940679091042                           -240.99564954369404                         -144.4297682544859
462900                   795.3819656291946                          13.739958024758584                          -456.7189389550257                        958.9699476857297                       909.6497249241175                          -417.35903515477844                         119.87509933584593                        491.53228009963846                      -1299.2992755123487                        429.2005281496706                           375.6530719339309                         -1081.2565062371414                     -191.20729407869175                        437.2706982720035                           23.16502838663096                         -133.96183311598585                     916.7315750910954                        708.4361188057725                            1319.1962044992117                          962.5925215559037                        325.6148685619454                        1237.4014605834363                           295.35898579588894                          508.76034145419635                       -877.1306296561255                       -1525.4713147684374                          -1225.8525304264704                         -1098.2010939255508                      -152.52363506585823                      -50.920859750866946                          -239.3552966994484                          -143.88012732721648
466571.4285714286        791.3813147330416                          14.382498787592366                          -455.57260393324685                       955.4908573415836                       904.7110584172127                          -415.0739251514048                          119.87871998668996                        489.8359477742069                       -1294.0205075536035                        426.225016713121                            374.367623286539                          -1079.7165440755061                     -190.70198920936764                        435.25671529612686                          22.914212625294308                        -133.4411432401878                      911.6888884043681                        705.3307863567445                            1310.844137934958                           958.8998311915526                        324.5269247283485                        1228.0223646637457                           294.9219690382715                           506.9661008627103                        -874.497413624486                        -1517.0408821889087                          -1220.7161017522499                         -1096.3793398757202                      -150.9293624049957                       -51.55231271082304                           -237.71494385520364                         -143.3304863999472
470242.85714285716       787.3806638368875                          15.025039550425937                          -454.42626891146773                       952.011766997437                        899.7723919103086                          -412.7888151480317                          119.88234063753399                        488.1396154487755                       -1288.741739594855                         423.2495052765718                           373.082174639147                          -1078.176581913877                      -190.19668434004396                        433.2427323202492                           22.663396863957352                        -132.92045336438966                     906.6462017176411                        702.2254539077172                            1302.492071370708                           955.2071408272018                        323.4389808947523                        1218.6432687440604                           294.4849522806541                           505.1718602712236                        -871.8641975928509                       -1508.6104496093822                          -1215.5796730780314                         -1094.5575858258912                      -149.33508974413212                      -52.183765670779344                          -236.07459101095822                         -142.78084547267795
473914.28571428574       783.3800129407333                          15.667580313260567                          -453.27993388968855                       948.5326766532912                       894.8337254034029                          -410.5037051446576                          119.88596128837801                        486.443283123344                        -1283.4629716361117                        420.2739938400221                           371.79672599175507                        -1076.6366197522495                     -189.69137947071954                        431.228749344372                            22.412581102620514                        -132.3997634885915                      901.6035150309151                        699.1201214586881                            1294.1400048064554                          951.5144504628507                        322.3510370611554                        1209.2641728243702                           294.04793552303676                          503.3776196797371                        -869.2309815612145                       -1500.1800170298575                          -1210.4432444038132                         -1092.735831776064                       -147.74081708326875                      -52.81521863073682                           -234.43423816671296                         -142.231204545409
477585.7142857143        779.3793620445769                          16.310121076094084                          -452.1335988679092                        945.0535863091449                       889.8950588964982                          -408.21859514128454                         119.8895819392221                         484.7469507979126                       -1278.1842036773667                        417.29848240347263                          370.5112773443634                         -1075.0966575906155                     -189.18607460139393                        429.2147663684952                           22.16176534128358                         -131.8790736127933                      896.56082834419                          696.014789009661                             1285.787938242205                           947.8217600984998                        321.26309322755884                       1199.8850769046796                           293.61091876541894                          501.5833790882505                        -866.5977655295774                       -1491.749584450331                           -1205.3068157295982                         -1090.9140777262378                      -146.1465444224067                       -53.44667159069271                           -232.79388532246796                         -141.68156361813922
481257.14285714284       775.3787111484254                          16.952661838928133                          -450.98726384613013                       941.5744959649987                       884.9563923895932                          -405.93348513791136                         119.8932025900661                         483.05061847248123                      -1272.9054357186199                        414.3229709669234                           369.2258286969712                         -1073.5566954289861                     -188.68076973207025                        427.2007833926179                           21.910949579946802                        -131.35838373699536                     891.5181416574623                        692.9094565606322                            1277.4358716779539                          944.129069734149                         320.1751493939625                        1190.5059809849874                           293.17390200780176                          499.78913849676434                       -863.9645494979408                       -1483.3191518708038                          -1200.1703870553813                         -1089.0923236764054                      -144.552271761543                        -54.07812455064965                           -231.15353247822284                         -141.13192269087017
484928.5714285714        771.3780602522688                          17.595202601762022                          -449.8409288243508                        938.0954056208527                       880.0177258826882                          -403.6483751345377                          119.89682324091014                        481.35428614704995                      -1267.626667759878                         411.3474595303735                           367.9403800495795                         -1072.0167332673495                     -188.17546486274486                        425.1868004167406                           21.660133818609747                        -130.8376938611971                      886.4754549707375                        689.8041241116038                            1269.083805113701                           940.4363793697984                        319.08720556036536                       1181.1268850653003                           292.73688525018434                          497.9948979052774                        -861.3313334663047                       -1474.8887192912798                          -1195.0339583811663                         -1087.27056962658                        -142.95799910067987                      -54.70957751060691                           -229.51317963397761                         -140.5822817636007
488600                   767.3774093561127                          18.237743364595488                          -448.6945938025712                        934.6163152767064                       875.0790593757839                          -401.36326513116416                         119.90044389175416                        479.6579538216182                       -1262.347899801128                         408.3719480938239                           366.65493140218723                        -1070.4767711057211                     -187.67015999342098                        423.1728174408632                           21.409318057272706                        -130.317003985399                       881.4327682840088                        686.6987916625758                            1260.731738549449                           936.7436890054471                        317.99926172676874                       1171.7477891456094                           292.2998684925673                           496.20065731379134                       -858.6981174346657                       -1466.4582867117529                          -1189.8975297069485                         -1085.448815576756                       -141.36372643981673                      -55.3410304705628                            -227.87282678973136                         -140.03264083633118
492271.4285714286        763.3767584599583                          18.880284127429004                          -447.5482587807922                        931.1372249325602                       870.140392868878                           -399.0781551277912                          119.90406454259822                        477.961621496187                        -1257.0691318423812                        405.3964366572747                           365.36948275479557                        -1068.9368089440911                     -187.1648551240956                         421.15883446498566                          21.158502295935982                        -129.79631410960096                     876.3900815972845                        683.593459213547                             1252.3796719851982                          933.0509986410963                        316.91131789317245                       1162.3686932259202                           291.86285173494934                          494.4064167223045                        -856.0649014030267                       -1458.0278541322252                          -1184.7611010327296                         -1083.6270615269248                      -139.7694537789538                       -55.97248343052059                           -226.232473945487                           -139.48299990906196
495942.85714285716       759.3761075638048                          19.522824890263                             -446.40192375901324                       927.658134588414                        865.201726361972                           -396.79304512441706                         119.90768519344225                        476.2652891707557                       -1251.7903638836344                        402.42092522072505                          364.0840341074034                         -1067.3968467824602                     -186.65955025477106                        419.14485148910836                          20.907686534598977                        -129.27562423380266                     871.3473949105568                        680.48812676452                              1244.0276054209462                          929.3583082767453                        315.82337405957566                       1152.9895973062296                           291.42583497733193                          492.61217613081857                       -853.4316853713902                       -1449.5974215526974                          -1179.6246723585155                         -1081.8053074771                         -138.1751811180904                       -56.6039363904751                            -224.59212110124128                         -138.93335898179276
499614.2857142857        755.3754566676507                          20.165365653097684                          -445.25558873723406                       924.1790442442679                       860.2630598550681                          -394.507935121044                           119.91130584428633                        474.56895684532344                      -1246.5115959248901                        399.44541378417557                          362.79858546001196                        -1065.8568846208304                     -186.154245385446                          417.13086851323106                          20.65687077326224                         -128.7549343580045                      866.3047082238304                        677.3827943154911                            1235.6755388566949                          925.6656179123944                        314.7354302259791                        1143.6105013865424                           290.9888182197145                           490.81793553933187                       -850.7984693397539                       -1441.1669889731725                          -1174.488243684296                          -1079.9835534272677                      -136.58090845722705                      -57.23538935043331                           -222.951768256996                           -138.3837180545234
503285.7142857143        751.8637100902095                          20.7893108217352                            -444.09361476612975                       920.7294486016964                       855.6828259065641                          -392.36167798193486                         119.93322762198221                        472.7671137148302                       -1241.62829651245                          396.62564760849745                          361.4890179535713                         -1063.9399343564996                     -185.57444335479713                        415.2481716681451                           20.41038534827671                         -128.26240897320434                     861.9478824953051                        674.4990506125143                            1228.2289979187774                          922.0166273316954                        313.7162893819018                        1135.4566631693922                           290.6388480924054                           488.9212609504396                        -848.4957287332179                       -1433.6955209018458                          -1169.9271685688252                         -1077.8072903459647                      -135.234180944309                        -57.636000271201766                          -221.52343286733486                         -137.86947004681988
506957.14285714284       748.6922351296773                          21.400313676996262                          -442.9207562714689                        917.3003809221865                       851.3520567746529                          -390.31206079225444                         119.967886767271                          470.89183631332423                      -1237.0202385256553                        393.9142782902706                           360.1626640068142                         -1061.7606048364612                     -184.94279218195467                        413.45684841558403                          20.166913786118005                        -127.78948574065447                     858.0684078726889                        671.7695300530481                            1221.4126920948297                          918.3980512829869                        312.74503460386154                       1128.155589805437                            290.34946138910635                          486.9532935122319                        -846.4229951095317                       -1426.8914807735187                          -1165.7665327177149                         -1075.3842931763484                      -134.05974192327918                      -57.875947866002996                          -220.24265911565433                         -137.3798550920615
510628.5714285714        745.5207601691473                          22.011316532257695                          -441.7478977768086                        913.8713132426767                       847.0212876427429                          -388.26244360257374                         120.0025459125598                         469.016558911818                        -1232.4121805388536                        391.202908972043                            358.83631006005726                        -1059.58127531642                       -184.31114100911316                        411.66552516302283                          19.92344222395928                         -127.3165625081046                      854.1889332500718                        669.040009493582                             1214.5963862708836                          914.7794752342788                        311.77377982582135                       1120.8545164414802                           290.0600746858067                           484.9853260740243                        -844.3502614858435                       -1420.087440645191                           -1161.6058968666089                         -1072.9612960067202                      -132.88530290224963                      -58.115895460803216                          -218.96188536397392                         -136.89024013730298
514300                   742.3492852086151                          22.622319387518864                          -440.5750392821479                        910.4422455631668                       842.6905185108326                          -386.21282641289315                         120.03720505784855                        467.1412815103113                       -1227.8041225520587                        388.49153965381555                          357.50995611330006                        -1057.4019457963775                     -183.6794898362705                         409.8742019104615                           19.679970661800706                        -126.84363927555462                     850.3094586274552                        666.3104889341157                            1207.780080446937                           911.1608991855702                        310.80252504778116                       1113.5534430775247                           289.770687982507                            483.0173586358168                        -842.2775278621568                       -1413.2834005168627                          -1157.445261015501                          -1070.5382988371023                      -131.71086388122                         -58.3558430556037                            -217.68111161229157                         -136.4006251825441
517971.4285714286        739.1778102480839                          23.233322242779877                          -439.40218078748705                       907.0131778836572                       838.3597493789216                          -384.163209223212                           120.07186420313732                        465.2660041088045                       -1223.1960645652637                        385.7801703355881                           356.18360216654315                        -1055.2226162763407                     -183.0478386634286                         408.08287865790084                          19.436499099641793                        -126.37071604300475                     846.42998400484                          663.5809683746487                            1200.9637746229905                          907.5423231368616                        309.83127026974125                       1106.2523697135682                           289.48130127920757                          481.0493911976087                        -840.2047942384697                       -1406.4793603885307                          -1153.2846251643948                         -1068.115301667481                       -130.53642486019103                      -58.595790650404346                          -216.4003378606111                          -135.91101022778562
521642.85714285716       736.0063352875529                          23.84432509804115                           -438.2293222928267                        903.5841102041474                       834.0289802470124                          -382.1135920335312                          120.1065233484261                         463.39072670729865                      -1218.5880065784722                        383.0688010173611                           354.85724821978624                        -1053.0432867562934                     -182.41618749058634                        406.29155540533964                          19.193027537483086                        -125.89779281045475                     842.5505093822217                        660.8514478151825                            1194.1474687990444                          903.9237470881527                        308.8600154917012                        1098.9512963496127                           289.19191457590824                          479.0814237594012                        -838.1320606147829                       -1399.6753202602033                          -1149.1239893132827                         -1065.6923044978646                      -129.3619858391611                       -58.8357382452044                            -215.1195641089292                          -135.42139527302683
525314.2857142857        732.8348603270204                          24.455327953302056                          -437.05646379816596                       900.1550425246373                       829.6982111151012                          -380.06397484385093                         120.14118249371485                        461.515449305792                        -1213.979948591673                         380.35743169913394                          353.5308942730295                         -1050.863957236255                      -181.7845363177442                         404.50023215277804                          18.94955597532451                         -125.42486957790493                     838.6710347596046                        658.1219272557158                            1187.3311629750979                          900.3051710394444                        307.88876071366076                       1091.6502229856565                           288.9025278726094                           477.1134563211934                        -836.0593269910948                       -1392.8712801318786                          -1144.963353462178                          -1063.2693073282442                      -128.1875468181319                       -59.075685840005896                          -213.83879035724786                         -134.93178031826824
528985.7142857143        729.6633853664903                          25.066330808563542                          -435.88360530350604                       896.7259748451272                       825.3674419831908                          -378.01435765417017                         120.17584163900365                        459.64017190428626                      -1209.3718906048782                        377.6460623809063                           352.20454032627237                        -1048.6846277162113                     -181.15288514490229                        402.70890890021707                          18.706084413165584                        -124.95194634535498                     834.7915601369867                        655.3924066962493                            1180.514857151152                           896.686594990736                         306.91750593562034                       1084.3491496216986                           288.61314116931                             475.14548888298583                       -833.986593367409                        -1386.0672400035514                          -1140.80271761107                           -1060.8463101586228                      -127.01310779710207                      -59.31563343480628                           -212.55801660556716                         -134.44216536351004
532657.1428571428        726.4919104059584                          25.677333663824395                          -434.7107468088452                        893.2969071656175                       821.0366728512796                          -375.96474046448924                         120.21050078429239                        457.7648945027799                       -1204.7638326180825                        374.93469306267883                          350.87818637951506                        -1046.505298196169                      -180.52123397206026                        400.91758564765587                          18.462612851006885                        -124.47902311280511                     830.9120855143735                        652.6628861367831                            1173.6985513272043                          893.0680189420277                        305.94625115758026                       1077.048076257745                            288.3237544660103                           473.1775214447778                        -831.9138597437194                       -1379.2631998752206                          -1136.6420817599596                         -1058.4233129890115                      -125.83866877607271                      -59.555581029606024                          -211.27724285388595                         -133.95255040875085
536328.5714285714        723.3204354454257                          26.288336519085725                          -433.53788831418495                       889.8678394861075                       816.7059037193693                          -373.91512327480865                         120.24515992958118                        455.88961710127313                      -1200.1557746312876                        372.22332374445165                          349.5518324327582                         -1044.3259686761285                     -179.8895827992175                         399.12626239509547                          18.219141288848405                        -124.00609988025514                     827.0326108917561                        649.9333655773173                            1166.8822455032584                          889.4494428933187                        304.97499637953996                       1069.7470028937867                           288.03436776271144                          471.20955400657033                       -829.8411261200339                       -1372.4591597468955                          -1132.4814459088525                         -1056.0003158193877                      -124.66422975504305                      -59.79552862440709                           -209.9964691022046                          -133.46293545399246
540000                   720.1489604848963                          26.899339374347104                          -432.3650298195242                        886.4387718065976                       812.3751345874596                          -371.86550608512795                         120.27981907486995                        454.0143396997669                       -1195.5477166444928                        369.51195442622407                          348.2254784860013                         -1042.1466391560887                     -179.2579316263761                         397.3349391425342                           17.9756697266897                          -123.53317664770529                     823.1531362691386                        647.2038450178507                            1160.065939679312                           885.8308668446109                        304.00374160149994                       1062.4459295298311                           287.7449810594124                           469.24158656836266                       -827.7683924963444                       -1365.655119618568                           -1128.320810057744                          -1053.5773186497654                      -123.4897907340137                       -60.035476219207574                          -208.71569535052387                         -132.97332049923364
